IdDeputado,Matricula,NomeParlamentar,Partido,IdUA,Situacao,Email,visto_em
75,300098,Mauro Bragato,PSD,20379,EXE,Mbragato@al.sp.gov.br,2026-10-01
124,300188,Barros Munhoz,PSD,20396,EXE,barrosmunhoz@al.sp.gov.br,2026-10-01
141,300205,Conte Lopes,PL,20457,EXE,clopes@al.sp.gov.br,2026-10-01
200,300264,Léo Oliveira,MDB,20381,EXE,leooliveira@al.sp.gov.br,2026-10-01
254,300318,Edna Macedo,REPUBLICANOS,20368,EXE,ednamacedo@al.sp.gov.br,2026-10-01
280,300344,Rafael Silva,PSD,20437,EXE,rsilva@al.sp.gov.br,2026-10-01
299,300367,Jorge Caruso,MDB,20408,EXE,jcaruso@al.sp.gov.br,2026-10-01
327,300395,Emídio de Souza,PT,20425,EXE,emidio@al.sp.gov.br,2026-10-01
328,300396,Valdomiro Lopes,PSB,20374,EXE,vlopes@al.sp.gov.br,2026-10-01
339,300407,Rogério Nogueira,PSD,20427,EXE,rnogueira@al.sp.gov.br,2026-10-01
347,300415,Maria Lúcia Amary,PSD,20367,EXE,mlamary@al.sp.gov.br,2026-10-01
363,300431,Analice Fernandes,PSD,20378,EXE,afernandes@al.sp.gov.br,2026-10-01
367,300435,Beth Sahão,PT,20441,EXE,bsahao@al.sp.gov.br,2026-10-01
372,300440,Enio Tatto,PT,20440,EXE,eniotatto@al.sp.gov.br,2026-10-01
381,300449,Edson Giriboni,UNIÃO,20390,EXE,egiriboni@al.sp.gov.br,2026-10-01
382,300450,Gilmaci Santos,REPUBLICANOS,20372,EXE,gilmacisantos@al.sp.gov.br,2026-10-01
398,300466,Ana Perugini,PT,20436,EXE,anaperugini@al.sp.gov.br,2026-10-01
415,300483,Milton Leite Filho,UNIÃO,20449,EXE,mleite@al.sp.gov.br,2026-10-01
417,300485,Carlos Giannazi,PSOL,20380,EXE,cgiannazi@al.sp.gov.br,2026-10-01
429,300497,André do Prado,PL,20433,EXE,andredoprado@al.sp.gov.br,2026-10-01
431,300499,Carlão Pignatari,PSD,20416,EXE,carlaopignatari@al.sp.gov.br,2026-10-01
442,300510,Itamar Borges,MDB,20421,EXE,itamarborges@al.sp.gov.br,2026-10-01
445,300513,Leci Brandão,PCdoB,20429,EXE,lecibrandao@al.sp.gov.br,2026-10-01
446,300514,Luiz Claudio Marcolino,PT,20445,EXE,lcmarcolino@al.sp.gov.br,2026-10-01
451,300519,Rodrigo Moraes,PL,20452,EXE,deputadorodrigomoraes@al.sp.gov.br,2026-10-01
452,300520,Sebastião Santos,REPUBLICANOS,20454,EXE,sebastiaosantos@al.sp.gov.br,2026-10-01
480,300533,Marta Costa,PSD,20393,EXE,depmartacosta@al.sp.gov.br,2026-10-01
477,300534,Márcia Lia,PT,20415,EXE,marcialia@al.sp.gov.br,2026-10-01
475,300536,Paulo Correa Jr,REPUBLICANOS,20401,EXE,paulocorreajr@al.sp.gov.br,2026-10-01
494,300537,Atila Jacomussi,PRD,20413,EXE,atilajacomussi@al.sp.gov.br,2026-10-01
474,300539,Ricardo Madalena,PL,20444,EXE,ricardomadalena@al.sp.gov.br,2026-10-01
492,300540,Caio França,PSB,20406,EXE,caiofranca@al.sp.gov.br,2026-10-01
493,300543,Delegado Olim,PP,20375,EXE,deputado.delegadoolim@al.sp.gov.br,2026-10-01
481,300545,Luiz Fernando T. Ferreira,PT,20388,EXE,lfernando@al.sp.gov.br,2026-10-01
484,300549,Jorge Wilson Xerife do Consumidor,REPUBLICANOS,20456,EXE,jorgewilsonxerifedoconsumidor@al.sp.gov.br,2026-10-01
479,300552,Marcos Damasio,PL,20376,EXE,marcosdamasio@al.sp.gov.br,2026-10-01
472,300584,Teonilio Barba,PT,20414,EXE,teoniliobarba@al.sp.gov.br,2026-10-01
1139,300607,Agente Federal Danilo Balas,PL,20455,EXE,apfdanilobalas@al.sp.gov.br,2026-10-01
1140,300608,Alex Madureira,PL,20399,EXE,alexdemadureira@al.sp.gov.br,2026-10-01
1178,300609,Altair Moraes,REPUBLICANOS,20420,EXE,altairmoraes@al.sp.gov.br,2026-10-01
1173,300614,Carla Morando,PSD,20428,EXE,carlamorando@al.sp.gov.br,2026-10-01
1168,300619,Daniel Soares,UNIÃO,20365,EXE,DanielSoares@al.sp.gov.br,2026-10-01
1167,300620,Delegada Graciela,PL,20418,EXE,delegadagraciela@al.sp.gov.br,2026-10-01
1164,300623,Dr. Jorge do Carmo,PT,20366,EXE,drdepjorgedocarmo@al.sp.gov.br,2026-10-01
1179,300624,Dra. Damaris Moura,PSDB,20394,EXE,dradamarismoura@al.sp.gov.br,2026-10-01
1161,300627,Gil Diniz Bolsonaro,PL,20389,EXE,gildiniz@al.sp.gov.br,2026-10-01
1158,300631,Letícia Aguiar,PL,20431,EXE,leticiaaguiar@al.sp.gov.br,2026-10-01
1157,300633,Major Mecca,PL,20448,EXE,majormecca@al.sp.gov.br,2026-10-01
1155,300635,Marcio Nakashima,PSD,20407,EXE,MarcioNakashima@al.sp.gov.br,2026-10-01
1154,300636,Marina Helou,PSB,20403,EXE,marinahelou@al.sp.gov.br,2026-10-01
1153,300637,Monica Seixas do Movimento Pretas,PSOL,20451,EXE,movimentopretas@al.sp.gov.br,2026-10-01
1152,300638,Paulo Fiorilo,PT,20453,EXE,paulofiorilo@al.sp.gov.br,2026-10-01
1150,300640,Professora Bebel,PT,20422,EXE,professorabebel@al.sp.gov.br,2026-10-01
1149,300641,Rafa Zimbaldi,UNIÃO,20450,EXE,rafazimbaldi@al.sp.gov.br,2026-10-01
1144,300646,Tenente Coimbra,PL,20404,EXE,tenentecoimbra@al.sp.gov.br,2026-10-01
1142,300648,Thiago Auricchio,PL,20400,EXE,ThiagoAuricchio@al.sp.gov.br,2026-10-01
1141,300649,Valeria Bolsonaro,PL,20458,EXE,ValeriaBolsonaro@al.sp.gov.br,2026-10-01
1183,300650,Dirceu Dalben,PSD,20411,EXE,dirceudalben@al.sp.gov.br,2026-10-01
1187,300653,Maurici,PT,20439,EXE,depmaurici@al.sp.gov.br,2026-10-01
1201,300657,Ana Carolina Serra,PSDB,20443,EXE,acrbserra@al.sp.gov.br,2026-10-01
1202,300658,Andréa Werner,PSB,20446,EXE,andreawerner@al.sp.gov.br,2026-10-01
1203,300659,Bruna Furlan,REPUBLICANOS,20377,EXE,brunafurlan@al.sp.gov.br,2026-10-01
1204,300660,Bruno Zambelli,PL,20392,EXE,brunozambelli@al.sp.gov.br,2026-10-01
1205,300661,Capitão Telhada,PP,20434,EXE,capitaotelhada@al.sp.gov.br,2026-10-01
1206,300662,Clarice Ganem,PODE,20423,EXE,clariceganem@al.sp.gov.br,2026-10-01
1207,300663,Dani Alonso,PL,20386,EXE,danialonso@al.sp.gov.br,2026-10-01
1208,300664,Donato,PT,20438,EXE,donato@al.sp.gov.br,2026-10-01
1209,300665,Dr. Eduardo Nóbrega,MDB,20382,EXE,dreduardonobrega@al.sp.gov.br,2026-10-01
1210,300666,Dr. Elton,UNIÃO,20432,EXE,drelton@al.sp.gov.br,2026-10-01
1211,300667,Ediane Maria,PSOL,20426,EXE,edianemaria@al.sp.gov.br,2026-10-01
1213,300669,Fabiana Bolsonaro,PL,20419,EXE,fabianab@al.sp.gov.br,2026-10-01
1214,300670,Felipe Franco,UNIÃO,20410,EXE,felipefranco@al.sp.gov.br,2026-10-01
1216,300672,Guilherme Cortez,PSOL,20442,EXE,guilhermecortez@al.sp.gov.br,2026-10-01
1217,300673,Guto Zacarias,MISSÃO,20371,EXE,gutozacarias@al.sp.gov.br,2026-10-01
1219,300675,Leonardo Siqueira,NOVO,20391,EXE,leosiqueira@al.sp.gov.br,2026-10-01
1220,300676,Lucas Bove,PL,20383,EXE,lucasbove@al.sp.gov.br,2026-10-01
1221,300677,Oseias de Madureira,PL,20384,EXE,oseiasdemadureira@al.sp.gov.br,2026-10-01
1222,300678,Paula da Bancada Feminista,PSOL,20395,EXE,pauladabancadafeminista@al.sp.gov.br,2026-10-01
1223,300679,Paulo Mansur,PL,20424,EXE,paulomansur@al.sp.gov.br,2026-10-01
1224,300680,Rafael Saraiva,UNIÃO,20385,EXE,rafaelsaraiva@al.sp.gov.br,2026-10-01
1225,300681,Reis,PT,20373,EXE,deputadoreis@al.sp.gov.br,2026-10-01
1226,300682,Ricardo França,PODE,20398,EXE,ricardofranca@al.sp.gov.br,2026-10-01
1227,300683,Rogério Santos,MDB,20370,EXE,rogeriosantos@al.sp.gov.br,2026-10-01
1229,300684,Rômulo Fernandes,PT,20369,EXE,romulofernandes@al.sp.gov.br,2026-10-01
1228,300685,Rui Alves,REPUBLICANOS,20405,EXE,ruialves@al.sp.gov.br,2026-10-01
1230,300686,Solange Freitas,UNIÃO,20409,EXE,solangefreitas@al.sp.gov.br,2026-10-01
1231,300687,Thainara Faria,PT,20430,EXE,thainarafaria@al.sp.gov.br,2026-10-01
1232,300688,Tomé Abduch,REPUBLICANOS,20417,EXE,tomeabduch@al.sp.gov.br,2026-10-01
1233,300689,Vitão do Cachorrão,PODE,20435,EXE,vitaodocachorrao@al.sp.gov.br,2026-10-01
1050,300693,Eduardo Suplicy,PT,20412,EXE,eduardosuplicy@al.sp.gov.br,2026-10-01
1237,300694,André Bueno,MDB,20447,EXE,andre.bueno@al.sp.gov.br,2026-10-01
2041,300697,Fábio Faria de Sá,PODE,20397,EXE,fabiofariadesa@al.sp.gov.br,2026-10-01
2042,300698,Marcelo Aguiar,PL,20387,EXE,marceloaguiar@al.sp.gov.br,2026-10-01
2081,300700,Profª Camila Godoi,UNIÃO,20402,EXE,profacamilagodoi@al.sp.gov.br,2026-10-01
