ano,mes,nome,admissao,exoneracao
2025,1,ADAIL FERNANDES VIEIRA JUNIOR,2021-01-01,
2025,1,ADRIANA DE SOUSA ALMEIDA,2023-03-07,
2025,1,ADRIANA GERONIMO VIEIRA SILVA,2021-01-01,
2025,1,ANA CARLA IBIAPINA MEIRELES,2025-01-01,
2025,1,ANA MARIA TEIXEIRA MATOS DE SOUSA,2021-01-01,
2025,1,BENIGNO DE SOUSA CARNEIRO JUNIOR,2025-01-01,
2025,1,BENZALIEL CONSTANT DO NASCIMENTO,2025-01-01,
2025,1,BRUNO FERNANDES MOTA,2021-01-01,
2025,1,EMANUEL ACRIZIO DE FREITAS,2021-01-01,
2025,1,ERICH DOUGLAS MOREIRA CHAVES,2025-01-01,
2025,1,FRANCISCO ANTONIO BRITO MONCAO,2025-01-01,
2025,1,FRANCISCO ENILSON DE SOUSA SOARES,2021-03-01,
2025,1,FRANCISCO EUDES FERREIRA BRINGEL,2021-01-01,
2025,1,FRANCISCO GOMES DE ARAUJO,2025-01-01,
2025,1,FRANCISCO MARCIO MARTINS BARBOSA,2021-01-01,
2025,1,FRANCISCO WELLINGTON SABOIA VITORINO,2021-01-01,
2025,1,GABRIEL LIMA DE AGUIAR,2021-01-01,
2025,1,GARDEL FERREIRA ROLIM,2021-01-01,
2025,1,ISABELLA ANTONIA CASALE ROCHA CARNEIRO LEAO,2025-01-01,
2025,1,JANIO HENRIQUE DA SILVA,2025-01-01,
2025,1,JOAO AGLAYLSON FIGUEREDO BARBOSA,2025-01-01,
2025,1,JOAO BATISTA DE AGUIAR,2025-01-01,
2025,1,JOAO GERMANO MEDEIROS,2021-01-01,
2025,1,JORGE LUIZ CAVALCANTE DE BRITO PINHEIRO,2021-01-01,
2025,1,JOSE ALBERTO BASTOS VIEIRA JUNIOR,2021-01-01,
2025,1,JULIERME LIMA DE SENA,2021-01-01,
2025,1,JULIO BRIZZI NETO,2021-01-01,
2025,1,KATIA MARIA RODRIGUES DE SOUSA,2021-01-01,
2025,1,LEONARDO SALES COUTO BEZERRA,2021-01-01,
2025,1,LUCAS NOCRATO SOARES,2025-01-01,
2025,1,LUCIANO GIRAO SALES FILHO,2021-01-01,
2025,1,LUCIMAR VIEIRA MARTINS,2025-01-01,
2025,1,LUIZ CARLOS LIMA DA COSTA,2025-01-01,
2025,1,LUIZ SERGIO SOUZA DOS SANTOS,2025-01-01,
2025,1,MARCEL EHRICH COLARES,2025-01-01,
2025,1,MARCELO DE OLIVEIRA MENDES,2024-05-23,
2025,1,MARCOS PAULO LOPES DE SOUSA CAVALCANTE,2025-01-01,
2025,1,MARIANA VIEIRA LACERDA,2025-01-01,
2025,1,MICHEL LINS CAVALCANTE DE ALMEIDA,2017-01-01,
2025,1,NOELIO DA ROCHA OLIVEIRA,2025-01-01,
2025,1,PAULO VICTOR ARAUJO MARTINS,2021-01-01,
2025,1,PEDRO FERREIRA MESQUITA FILHO,2021-01-01,
2025,1,PEDRO VICTOR COLARES GOMES DE MATOS,2023-02-01,
2025,1,PRISCILA BEZERRA DA COSTA,2021-01-01,
2025,1,RAIMUNDA CLAUDENIRA DA ROCHA BARROS,2021-01-01,
2025,1,RENE AUGUSTO GONDIM FREIRE NETO,2025-01-14,
2025,1,RONALDO MACHADO MARTINS,2021-01-01,
2025,1,VICENTE DE PAULO PINTO DA COSTA,2023-02-01,
2025,2,ADAIL FERNANDES VIEIRA JUNIOR,2021-01-01,
2025,2,ADRIANA DE SOUSA ALMEIDA,2023-03-07,
2025,2,ADRIANA GERONIMO VIEIRA SILVA,2021-01-01,
2025,2,ANA CARLA IBIAPINA MEIRELES,2025-01-01,
2025,2,ANA MARIA TEIXEIRA MATOS DE SOUSA,2021-01-01,
2025,2,BENIGNO DE SOUSA CARNEIRO JUNIOR,2025-01-01,
2025,2,BENZALIEL CONSTANT DO NASCIMENTO,2025-01-01,
2025,2,BRUNO FERNANDES MOTA,2021-01-01,
2025,2,EMANUEL ACRIZIO DE FREITAS,2021-01-01,
2025,2,ERICH DOUGLAS MOREIRA CHAVES,2025-01-01,
2025,2,FRANCISCO ANTONIO BRITO MONCAO,2025-01-01,
2025,2,FRANCISCO ENILSON DE SOUSA SOARES,2021-03-01,
2025,2,FRANCISCO EUDES FERREIRA BRINGEL,2021-01-01,
2025,2,FRANCISCO GOMES DE ARAUJO,2025-01-01,
2025,2,FRANCISCO MARCIO MARTINS BARBOSA,2021-01-01,
2025,2,FRANCISCO WELLINGTON SABOIA VITORINO,2021-01-01,
2025,2,GABRIEL LIMA DE AGUIAR,2021-01-01,
2025,2,GARDEL FERREIRA ROLIM,2021-01-01,
2025,2,ISABELLA ANTONIA CASALE ROCHA CARNEIRO LEAO,2025-01-01,
2025,2,JANIO HENRIQUE DA SILVA,2025-01-01,
2025,2,JOAO AGLAYLSON FIGUEREDO BARBOSA,2025-01-01,
2025,2,JOAO BATISTA DE AGUIAR,2025-01-01,
2025,2,JOAO GERMANO MEDEIROS,2021-01-01,
2025,2,JORGE LUIZ CAVALCANTE DE BRITO PINHEIRO,2021-01-01,
2025,2,JOSE ALBERTO BASTOS VIEIRA JUNIOR,2021-01-01,
2025,2,JULIERME LIMA DE SENA,2021-01-01,
2025,2,JULIO BRIZZI NETO,2021-01-01,
2025,2,KATIA MARIA RODRIGUES DE SOUSA,2021-01-01,
2025,2,LEONARDO SALES COUTO BEZERRA,2021-01-01,
2025,2,LUCAS NOCRATO SOARES,2025-01-01,
2025,2,LUCIANO GIRAO SALES FILHO,2021-01-01,
2025,2,LUCIMAR VIEIRA MARTINS,2025-01-01,
2025,2,LUIZ CARLOS LIMA DA COSTA,2025-01-01,
2025,2,LUIZ SERGIO SOUZA DOS SANTOS,2025-01-01,
2025,2,MARCEL EHRICH COLARES,2025-01-01,
2025,2,MARCELO DE OLIVEIRA MENDES,2024-05-23,
2025,2,MARCOS PAULO LOPES DE SOUSA CAVALCANTE,2025-01-01,
2025,2,MARIANA VIEIRA LACERDA,2025-01-01,
2025,2,MICHEL LINS CAVALCANTE DE ALMEIDA,2017-01-01,
2025,2,NOELIO DA ROCHA OLIVEIRA,2025-01-01,
2025,2,PAULO VICTOR ARAUJO MARTINS,2021-01-01,
2025,2,PEDRO FERREIRA MESQUITA FILHO,2021-01-01,
2025,2,PEDRO VICTOR COLARES GOMES DE MATOS,2023-02-01,
2025,2,PRISCILA BEZERRA DA COSTA,2021-01-01,
2025,2,RAIMUNDA CLAUDENIRA DA ROCHA BARROS,2021-01-01,
2025,2,RENE AUGUSTO GONDIM FREIRE NETO,2025-01-14,
2025,2,RONALDO MACHADO MARTINS,2021-01-01,
2025,2,VICENTE DE PAULO PINTO DA COSTA,2023-02-01,
2025,3,ADAIL FERNANDES VIEIRA JUNIOR,,
2025,3,ADRIANA DE SOUSA ALMEIDA,,
2025,3,ADRIANA GERONIMO VIEIRA SILVA,,
2025,3,ANA CARLA IBIAPINA MEIRELES,,
2025,3,ANA MARIA TEIXEIRA MATOS DE SOUSA,,
2025,3,BENIGNO DE SOUSA CARNEIRO JUNIOR,,
2025,3,BENZALIEL CONSTANT DO NASCIMENTO,,
2025,3,BRUNO FERNANDES MOTA,,
2025,3,FRANCISCA DAS CHAGAS SILVA DE SOUZA,,
2025,3,FRANCISCO ANTONIO BRITO MONCAO,,
2025,3,FRANCISCO ENILSON DE SOUSA SOARES,,
2025,3,FRANCISCO GOMES DE ARAUJO,,
2025,3,FRANCISCO WELLINGTON SABOIA VITORINO,,
2025,3,GABRIEL LIMA DE AGUIAR,,
2025,3,GARDEL FERREIRA ROLIM,,
2025,3,ISABELLA ANTONIA CASALE ROCHA CARNEIRO LEAO,,
2025,3,JANIO HENRIQUE DA SILVA,,
2025,3,JOAO AGLAYLSON FIGUEREDO BARBOSA,,
2025,3,JOAO BATISTA DE AGUIAR,,
2025,3,JOAO GERMANO MEDEIROS,,
2025,3,JORGE LUIZ CAVALCANTE DE BRITO PINHEIRO,,
2025,3,JOSE ALBERTO BASTOS VIEIRA JUNIOR,,
2025,3,JULIERME LIMA DE SENA,,
2025,3,KATIA MARIA RODRIGUES DE SOUSA,,
2025,3,LEONARDO SALES COUTO BEZERRA,,
2025,3,LUCIANO GIRAO SALES FILHO,,
2025,3,LUIZ CARLOS LIMA DA COSTA,,
2025,3,LUIZ SERGIO SOUZA DOS SANTOS,,
2025,3,MARCEL EHRICH COLARES,,
2025,3,MARCELO DA SILVA MATOS,,
2025,3,MARCELO DE OLIVEIRA MENDES,,
2025,3,MARCOS PAULO LOPES DE SOUSA CAVALCANTE,,
2025,3,MARIANA VIEIRA LACERDA,,
2025,3,MICHEL LINS CAVALCANTE DE ALMEIDA,,
2025,3,NOELIO DA ROCHA OLIVEIRA,,
2025,3,PAULO VICTOR ARAUJO MARTINS,,
2025,3,PEDRO FERREIRA MESQUITA FILHO,,
2025,3,PEDRO VICTOR COLARES GOMES DE MATOS,,
2025,3,PRISCILA BEZERRA DA COSTA,,
2025,3,RAIMUNDA CLAUDENIRA DA ROCHA BARROS,,
2025,3,RENE AUGUSTO GONDIM FREIRE NETO,,
2025,3,RONALDO MACHADO MARTINS,,
2025,3,VICENTE DE PAULO PINTO DA COSTA,,
2025,4,ADAIL FERNANDES VIEIRA JUNIOR,2021-01-01,
2025,4,ADRIANA DE SOUSA ALMEIDA,2023-03-07,
2025,4,ADRIANA GERONIMO VIEIRA SILVA,2021-01-01,
2025,4,ANA CARLA IBIAPINA MEIRELES,2025-01-01,
2025,4,ANA MARIA TEIXEIRA MATOS DE SOUSA,2021-01-01,
2025,4,BENIGNO DE SOUSA CARNEIRO JUNIOR,2025-01-01,
2025,4,BENZALIEL CONSTANT DO NASCIMENTO,2025-01-01,
2025,4,BRUNO FERNANDES MOTA,2021-01-01,
2025,4,FRANCISCA DAS CHAGAS SILVA DE SOUZA,2025-03-01,
2025,4,FRANCISCO ANTONIO BRITO MONCAO,2025-01-01,
2025,4,FRANCISCO ENILSON DE SOUSA SOARES,2021-03-01,
2025,4,FRANCISCO GOMES DE ARAUJO,2025-01-01,
2025,4,FRANCISCO WELLINGTON SABOIA VITORINO,2021-01-01,
2025,4,GABRIEL LIMA DE AGUIAR,2021-01-01,
2025,4,GARDEL FERREIRA ROLIM,2021-01-01,
2025,4,ISABELLA ANTONIA CASALE ROCHA CARNEIRO LEAO,2025-01-01,
2025,4,JANIO HENRIQUE DA SILVA,2025-01-01,
2025,4,JOAO AGLAYLSON FIGUEREDO BARBOSA,2025-01-01,
2025,4,JOAO BATISTA DE AGUIAR,2025-01-01,
2025,4,JOAO GERMANO MEDEIROS,2021-01-01,
2025,4,JORGE LUIZ CAVALCANTE DE BRITO PINHEIRO,2021-01-01,
2025,4,JOSE ALBERTO BASTOS VIEIRA JUNIOR,2021-01-01,
2025,4,JULIERME LIMA DE SENA,2021-01-01,
2025,4,KATIA MARIA RODRIGUES DE SOUSA,2021-01-01,
2025,4,LEONARDO SALES COUTO BEZERRA,2021-01-01,
2025,4,LUCIANO GIRAO SALES FILHO,2021-01-01,
2025,4,LUIZ CARLOS LIMA DA COSTA,2025-01-01,
2025,4,LUIZ SERGIO SOUZA DOS SANTOS,2025-01-01,
2025,4,MARCEL EHRICH COLARES,2025-01-01,
2025,4,MARCELO DA SILVA MATOS,2025-03-01,
2025,4,MARCELO DE OLIVEIRA MENDES,2024-05-23,
2025,4,MARCOS PAULO LOPES DE SOUSA CAVALCANTE,2025-01-01,
2025,4,MARIANA VIEIRA LACERDA,2025-01-01,
2025,4,MICHEL LINS CAVALCANTE DE ALMEIDA,2017-01-01,
2025,4,NOELIO DA ROCHA OLIVEIRA,2025-01-01,
2025,4,PAULO VICTOR ARAUJO MARTINS,2021-01-01,
2025,4,PEDRO FERREIRA MESQUITA FILHO,2021-01-01,
2025,4,PEDRO VICTOR COLARES GOMES DE MATOS,2023-02-01,
2025,4,PRISCILA BEZERRA DA COSTA,2021-01-01,
2025,4,RAIMUNDA CLAUDENIRA DA ROCHA BARROS,2021-01-01,
2025,4,RENE AUGUSTO GONDIM FREIRE NETO,2025-01-14,
2025,4,RONALDO MACHADO MARTINS,2021-01-01,
2025,4,VICENTE DE PAULO PINTO DA COSTA,2023-02-01,
2025,5,ADAIL FERNANDES VIEIRA JUNIOR,2021-01-01,
2025,5,ADRIANA DE SOUSA ALMEIDA,2023-03-07,
2025,5,ADRIANA GERONIMO VIEIRA SILVA,2021-01-01,
2025,5,ANA CARLA IBIAPINA MEIRELES,2025-01-01,
2025,5,ANA MARIA TEIXEIRA MATOS DE SOUSA,2021-01-01,
2025,5,BENIGNO DE SOUSA CARNEIRO JUNIOR,2025-01-01,
2025,5,BENZALIEL CONSTANT DO NASCIMENTO,2025-01-01,
2025,5,BRUNO FERNANDES MOTA,2021-01-01,
2025,5,FRANCISCA DAS CHAGAS SILVA DE SOUZA,2025-03-01,
2025,5,FRANCISCO ANTONIO BRITO MONCAO,2025-01-01,
2025,5,FRANCISCO ENILSON DE SOUSA SOARES,2021-03-01,
2025,5,FRANCISCO GOMES DE ARAUJO,2025-01-01,
2025,5,FRANCISCO WELLINGTON SABOIA VITORINO,2021-01-01,
2025,5,GABRIEL LIMA DE AGUIAR,2021-01-01,
2025,5,GARDEL FERREIRA ROLIM,2021-01-01,
2025,5,ISABELLA ANTONIA CASALE ROCHA CARNEIRO LEAO,2025-01-01,
2025,5,JANIO HENRIQUE DA SILVA,2025-01-01,
2025,5,JOAO AGLAYLSON FIGUEREDO BARBOSA,2025-01-01,
2025,5,JOAO BATISTA DE AGUIAR,2025-01-01,
2025,5,JOAO GERMANO MEDEIROS,2021-01-01,
2025,5,JORGE LUIZ CAVALCANTE DE BRITO PINHEIRO,2021-01-01,
2025,5,JOSE ALBERTO BASTOS VIEIRA JUNIOR,2021-01-01,
2025,5,JULIERME LIMA DE SENA,2021-01-01,
2025,5,LEONARDO SALES COUTO BEZERRA,2021-01-01,
2025,5,LUCIANO GIRAO SALES FILHO,2021-01-01,
2025,5,LUIZ CARLOS LIMA DA COSTA,2025-01-01,
2025,5,LUIZ SERGIO SOUZA DOS SANTOS,2025-01-01,
2025,5,MARCEL EHRICH COLARES,2025-01-01,
2025,5,MARCELO DA SILVA MATOS,2025-03-01,
2025,5,MARCELO DE OLIVEIRA MENDES,2024-05-23,
2025,5,MARCOS PAULO LOPES DE SOUSA CAVALCANTE,2025-01-01,
2025,5,MARIANA VIEIRA LACERDA,2025-01-01,
2025,5,MICHEL LINS CAVALCANTE DE ALMEIDA,2017-01-01,
2025,5,NOELIO DA ROCHA OLIVEIRA,2025-01-01,
2025,5,PAULO VICTOR ARAUJO MARTINS,2021-01-01,
2025,5,PEDRO FERREIRA MESQUITA FILHO,2021-01-01,
2025,5,PEDRO VICTOR COLARES GOMES DE MATOS,2023-02-01,
2025,5,PRISCILA BEZERRA DA COSTA,2021-01-01,
2025,5,RAIMUNDA CLAUDENIRA DA ROCHA BARROS,2021-01-01,
2025,5,RAIMUNDO CUNHA FILHO,2025-05-08,
2025,5,RENE AUGUSTO GONDIM FREIRE NETO,2025-01-14,
2025,5,RONALDO MACHADO MARTINS,2021-01-01,
2025,5,VICENTE DE PAULO PINTO DA COSTA,2023-02-01,
2025,6,ADAIL FERNANDES VIEIRA JUNIOR,2021-01-01,
2025,6,ADRIANA DE SOUSA ALMEIDA,2023-03-07,
2025,6,ADRIANA GERONIMO VIEIRA SILVA,2021-01-01,
2025,6,ANA CARLA IBIAPINA MEIRELES,2025-01-01,
2025,6,ANA MARIA TEIXEIRA MATOS DE SOUSA,2021-01-01,
2025,6,BENIGNO DE SOUSA CARNEIRO JUNIOR,2025-01-01,
2025,6,BENZALIEL CONSTANT DO NASCIMENTO,2025-01-01,
2025,6,BRUNO FERNANDES MOTA,2021-01-01,
2025,6,FRANCISCA DAS CHAGAS SILVA DE SOUZA,2025-03-01,
2025,6,FRANCISCO ANTONIO BRITO MONCAO,2025-01-01,
2025,6,FRANCISCO ENILSON DE SOUSA SOARES,2021-03-01,
2025,6,FRANCISCO GOMES DE ARAUJO,2025-01-01,
2025,6,FRANCISCO TANCREDO DE OLIVEIRA,2025-06-09,
2025,6,FRANCISCO WELLINGTON SABOIA VITORINO,2021-01-01,
2025,6,GABRIEL LIMA DE AGUIAR,2021-01-01,
2025,6,GARDEL FERREIRA ROLIM,2021-01-01,
2025,6,ISABELLA ANTONIA CASALE ROCHA CARNEIRO LEAO,2025-01-01,
2025,6,JANIO HENRIQUE DA SILVA,2025-01-01,
2025,6,JOAO AGLAYLSON FIGUEREDO BARBOSA,2025-01-01,
2025,6,JOAO BATISTA DE AGUIAR,2025-01-01,
2025,6,JOAO GERMANO MEDEIROS,2021-01-01,
2025,6,JORGE LUIZ CAVALCANTE DE BRITO PINHEIRO,2021-01-01,
2025,6,JOSE ALBERTO BASTOS VIEIRA JUNIOR,2021-01-01,
2025,6,JULIERME LIMA DE SENA,2021-01-01,
2025,6,LEONARDO SALES COUTO BEZERRA,2021-01-01,
2025,6,LUCIANO GIRAO SALES FILHO,2021-01-01,
2025,6,LUIZ CARLOS LIMA DA COSTA,2025-01-01,
2025,6,LUIZ SERGIO SOUZA DOS SANTOS,2025-01-01,
2025,6,MARCEL EHRICH COLARES,2025-01-01,
2025,6,MARCELO DA SILVA MATOS,2025-03-01,
2025,6,MARCELO DE OLIVEIRA MENDES,2024-05-23,
2025,6,MARCOS PAULO LOPES DE SOUSA CAVALCANTE,2025-01-01,
2025,6,MARIANA VIEIRA LACERDA,2025-01-01,
2025,6,MICHEL LINS CAVALCANTE DE ALMEIDA,2017-01-01,
2025,6,PAULO VICTOR ARAUJO MARTINS,2021-01-01,
2025,6,PEDRO FERREIRA MESQUITA FILHO,2021-01-01,
2025,6,PEDRO VICTOR COLARES GOMES DE MATOS,2023-02-01,
2025,6,PRISCILA BEZERRA DA COSTA,2021-01-01,
2025,6,RAIMUNDA CLAUDENIRA DA ROCHA BARROS,2021-01-01,
2025,6,RAIMUNDO CUNHA FILHO,2025-05-08,
2025,6,RENE AUGUSTO GONDIM FREIRE NETO,2025-01-14,
2025,6,RONALDO MACHADO MARTINS,2021-01-01,
2025,6,VICENTE DE PAULO PINTO DA COSTA,2023-02-01,
2025,7,ADAIL FERNANDES VIEIRA JUNIOR,2021-01-01,
2025,7,ADRIANA DE SOUSA ALMEIDA,2023-03-07,
2025,7,ADRIANA GERONIMO VIEIRA SILVA,2021-01-01,
2025,7,ANA CARLA IBIAPINA MEIRELES,2025-01-01,
2025,7,BENIGNO DE SOUSA CARNEIRO JUNIOR,2025-01-01,
2025,7,BENZALIEL CONSTANT DO NASCIMENTO,2025-01-01,
2025,7,BRUNO FERNANDES MOTA,2021-01-01,
2025,7,CLAUDIO MARCOS LIMA DA SILVA,2025-07-01,
2025,7,FRANCISCA DAS CHAGAS SILVA DE SOUZA,2025-03-01,
2025,7,FRANCISCO ANTONIO BRITO MONCAO,2025-01-01,
2025,7,FRANCISCO ENILSON DE SOUSA SOARES,2021-03-01,
2025,7,FRANCISCO GOMES DE ARAUJO,2025-01-01,
2025,7,FRANCISCO TANCREDO DE OLIVEIRA,2025-06-09,
2025,7,FRANCISCO WELLINGTON SABOIA VITORINO,2021-01-01,
2025,7,GABRIEL LIMA DE AGUIAR,2021-01-01,
2025,7,GARDEL FERREIRA ROLIM,2021-01-01,
2025,7,IGOR EMANUEL ALVES BEZERRA,2025-07-01,
2025,7,ISABELLA ANTONIA CASALE ROCHA CARNEIRO LEAO,2025-01-01,
2025,7,JANIO HENRIQUE DA SILVA,2025-01-01,
2025,7,JOAO AGLAYLSON FIGUEREDO BARBOSA,2025-01-01,
2025,7,JOAO BATISTA DE AGUIAR,2025-01-01,
2025,7,JORGE LUIZ CAVALCANTE DE BRITO PINHEIRO,2021-01-01,
2025,7,JOSE ALBERTO BASTOS VIEIRA JUNIOR,2021-01-01,
2025,7,JULIERME LIMA DE SENA,2021-01-01,
2025,7,JULIO ROCHA AQUINO JUNIOR,2025-07-01,
2025,7,LEONARDO SALES COUTO BEZERRA,2021-01-01,
2025,7,LUCIANO GIRAO SALES FILHO,2021-01-01,
2025,7,LUIZ CARLOS LIMA DA COSTA,2025-01-01,
2025,7,LUIZ SERGIO SOUZA DOS SANTOS,2025-01-01,
2025,7,MARCEL EHRICH COLARES,2025-01-01,
2025,7,MARCELO DA SILVA MATOS,2025-03-01,
2025,7,MARCELO DE OLIVEIRA MENDES,2024-05-23,
2025,7,MARCOS PAULO LOPES DE SOUSA CAVALCANTE,2025-01-01,
2025,7,MARIANA VIEIRA LACERDA,2025-01-01,
2025,7,MICHEL LINS CAVALCANTE DE ALMEIDA,2017-01-01,
2025,7,PAULO VICTOR ARAUJO MARTINS,2021-01-01,
2025,7,PEDRO FERREIRA MESQUITA FILHO,2021-01-01,
2025,7,PRISCILA BEZERRA DA COSTA,2021-01-01,
2025,7,RAIMUNDA CLAUDENIRA DA ROCHA BARROS,2021-01-01,
2025,7,RAIMUNDO CUNHA FILHO,2025-05-08,
2025,7,RENE AUGUSTO GONDIM FREIRE NETO,2025-01-14,
2025,7,RONALDO MACHADO MARTINS,2021-01-01,
2025,7,VICENTE DE PAULO PINTO DA COSTA,2023-02-01,
2025,8,ADAIL FERNANDES VIEIRA JUNIOR,2021-01-01,
2025,8,ADRIANA DE SOUSA ALMEIDA,2023-03-07,
2025,8,ADRIANA GERONIMO VIEIRA SILVA,2021-01-01,
2025,8,ANA CARLA IBIAPINA MEIRELES,2025-01-01,
2025,8,BENIGNO DE SOUSA CARNEIRO JUNIOR,2025-01-01,
2025,8,BENZALIEL CONSTANT DO NASCIMENTO,2025-01-01,
2025,8,BRUNO FERNANDES MOTA,2021-01-01,
2025,8,CLAUDIO MARCOS LIMA DA SILVA,2025-07-01,
2025,8,FRANCISCA DAS CHAGAS SILVA DE SOUZA,2025-03-01,
2025,8,FRANCISCO ANTONIO BRITO MONCAO,2025-01-01,
2025,8,FRANCISCO ENILSON DE SOUSA SOARES,2021-03-01,
2025,8,FRANCISCO GOMES DE ARAUJO,2025-01-01,
2025,8,FRANCISCO TANCREDO DE OLIVEIRA,2025-06-09,
2025,8,FRANCISCO WELLINGTON SABOIA VITORINO,2021-01-01,
2025,8,GABRIEL LIMA DE AGUIAR,2021-01-01,
2025,8,GARDEL FERREIRA ROLIM,2021-01-01,
2025,8,IGOR EMANUEL ALVES BEZERRA,2025-07-01,
2025,8,ISABELLA ANTONIA CASALE ROCHA CARNEIRO LEAO,2025-01-01,
2025,8,JANIO HENRIQUE DA SILVA,2025-01-01,
2025,8,JOAO AGLAYLSON FIGUEREDO BARBOSA,2025-01-01,
2025,8,JOAO BATISTA DE AGUIAR,2025-01-01,
2025,8,JORGE LUIZ CAVALCANTE DE BRITO PINHEIRO,2021-01-01,
2025,8,JOSE ALBERTO BASTOS VIEIRA JUNIOR,2021-01-01,
2025,8,JULIERME LIMA DE SENA,2021-01-01,
2025,8,JULIO ROCHA AQUINO JUNIOR,2025-07-01,
2025,8,LEONARDO SALES COUTO BEZERRA,2021-01-01,
2025,8,LUCIANO GIRAO SALES FILHO,2021-01-01,
2025,8,LUIZ CARLOS LIMA DA COSTA,2025-01-01,
2025,8,LUIZ SERGIO SOUZA DOS SANTOS,2025-01-01,
2025,8,MARCEL EHRICH COLARES,2025-01-01,
2025,8,MARCELO DA SILVA MATOS,2025-03-01,
2025,8,MARCELO DE OLIVEIRA MENDES,2024-05-23,
2025,8,MARCOS PAULO LOPES DE SOUSA CAVALCANTE,2025-01-01,
2025,8,MARIANA VIEIRA LACERDA,2025-01-01,
2025,8,MICHEL LINS CAVALCANTE DE ALMEIDA,2017-01-01,
2025,8,PAULO VICTOR ARAUJO MARTINS,2021-01-01,
2025,8,PEDRO FERREIRA MESQUITA FILHO,2021-01-01,
2025,8,PRISCILA BEZERRA DA COSTA,2021-01-01,
2025,8,RAIMUNDA CLAUDENIRA DA ROCHA BARROS,2021-01-01,
2025,8,RAIMUNDO CUNHA FILHO,2025-05-08,
2025,8,RENE AUGUSTO GONDIM FREIRE NETO,2025-01-14,
2025,8,RONALDO MACHADO MARTINS,2021-01-01,
2025,8,VICENTE DE PAULO PINTO DA COSTA,2023-02-01,
2025,9,ADAIL FERNANDES VIEIRA JUNIOR,2021-01-01,
2025,9,ADRIANA DE SOUSA ALMEIDA,2023-03-07,
2025,9,ADRIANA GERONIMO VIEIRA SILVA,2021-01-01,
2025,9,ANA CARLA IBIAPINA MEIRELES,2025-01-01,
2025,9,ANDERSON NILO DANTAS VIANA,2025-09-01,
2025,9,BENIGNO DE SOUSA CARNEIRO JUNIOR,2025-01-01,
2025,9,BENZALIEL CONSTANT DO NASCIMENTO,2025-01-01,
2025,9,BRUNO FERNANDES MOTA,2021-01-01,
2025,9,CLAUDIO MARCOS LIMA DA SILVA,2025-07-01,
2025,9,FRANCISCA DAS CHAGAS SILVA DE SOUZA,2025-03-01,
2025,9,FRANCISCO ANTONIO BRITO MONCAO,2025-01-01,
2025,9,FRANCISCO ENILSON DE SOUSA SOARES,2021-03-01,
2025,9,FRANCISCO GOMES DE ARAUJO,2025-01-01,
2025,9,FRANCISCO TANCREDO DE OLIVEIRA,2025-06-09,
2025,9,FRANCISCO WELLINGTON SABOIA VITORINO,2021-01-01,
2025,9,GABRIEL LIMA DE AGUIAR,2021-01-01,
2025,9,GARDEL FERREIRA ROLIM,2021-01-01,
2025,9,IGOR EMANUEL ALVES BEZERRA,2025-07-01,
2025,9,ISABELLA ANTONIA CASALE ROCHA CARNEIRO LEAO,2025-01-01,
2025,9,JANIO HENRIQUE DA SILVA,2025-01-01,
2025,9,JOAO AGLAYLSON FIGUEREDO BARBOSA,2025-01-01,
2025,9,JOAO BATISTA DE AGUIAR,2025-01-01,
2025,9,JORGE LUIZ CAVALCANTE DE BRITO PINHEIRO,2021-01-01,
2025,9,JOSE ALBERTO BASTOS VIEIRA JUNIOR,2021-01-01,
2025,9,JULIERME LIMA DE SENA,2021-01-01,
2025,9,JULIO ROCHA AQUINO JUNIOR,2025-07-01,
2025,9,LEONARDO SALES COUTO BEZERRA,2021-01-01,
2025,9,LUCIANO GIRAO SALES FILHO,2021-01-01,
2025,9,LUIZ CARLOS LIMA DA COSTA,2025-01-01,
2025,9,LUIZ SERGIO SOUZA DOS SANTOS,2025-01-01,
2025,9,MARCEL EHRICH COLARES,2025-01-01,
2025,9,MARCELO DA SILVA MATOS,2025-03-01,
2025,9,MARCELO DE OLIVEIRA MENDES,2024-05-23,
2025,9,MARCOS PAULO LOPES DE SOUSA CAVALCANTE,2025-01-01,
2025,9,MARIANA VIEIRA LACERDA,2025-01-01,
2025,9,PAULO VICTOR ARAUJO MARTINS,2021-01-01,
2025,9,PEDRO FERREIRA MESQUITA FILHO,2021-01-01,
2025,9,PRISCILA BEZERRA DA COSTA,2021-01-01,
2025,9,RAIMUNDA CLAUDENIRA DA ROCHA BARROS,2021-01-01,
2025,9,RAIMUNDO CUNHA FILHO,2025-05-08,
2025,9,RENE AUGUSTO GONDIM FREIRE NETO,2025-01-14,
2025,9,RONALDO MACHADO MARTINS,2021-01-01,
2025,9,VICENTE DE PAULO PINTO DA COSTA,2023-02-01,
2025,10,ADAIL FERNANDES VIEIRA JUNIOR,2021-01-01,
2025,10,ADRIANA DE SOUSA ALMEIDA,2023-03-07,
2025,10,ADRIANA GERONIMO VIEIRA SILVA,2021-01-01,
2025,10,ANA CARLA IBIAPINA MEIRELES,2025-01-01,
2025,10,ANDERSON NILO DANTAS VIANA,2025-09-01,
2025,10,BENIGNO DE SOUSA CARNEIRO JUNIOR,2025-01-01,
2025,10,BENZALIEL CONSTANT DO NASCIMENTO,2025-01-01,
2025,10,BRUNO FERNANDES MOTA,2021-01-01,
2025,10,CLAUDIO MARCOS LIMA DA SILVA,2025-07-01,
2025,10,EMANUEL ACRIZIO DE FREITAS,2021-01-01,
2025,10,ERICH DOUGLAS MOREIRA CHAVES,2025-01-01,
2025,10,FRANCISCA DAS CHAGAS SILVA DE SOUZA,2025-03-01,
2025,10,FRANCISCO ANTONIO BRITO MONCAO,2025-01-01,
2025,10,FRANCISCO ENILSON DE SOUSA SOARES,2021-03-01,
2025,10,FRANCISCO EUDES FERREIRA BRINGEL,2021-01-01,
2025,10,FRANCISCO GOMES DE ARAUJO,2025-01-01,
2025,10,FRANCISCO MARCIO MARTINS BARBOSA,2021-01-01,
2025,10,FRANCISCO WELLINGTON SABOIA VITORINO,2021-01-01,
2025,10,GABRIEL LIMA DE AGUIAR,2021-01-01,
2025,10,GARDEL FERREIRA ROLIM,2021-01-01,
2025,10,IGOR EMANUEL ALVES BEZERRA,2025-07-01,
2025,10,ISABELLA ANTONIA CASALE ROCHA CARNEIRO LEAO,2025-01-01,
2025,10,JANIO HENRIQUE DA SILVA,2025-01-01,
2025,10,JOAO AGLAYLSON FIGUEREDO BARBOSA,2025-01-01,
2025,10,JOAO BATISTA DE AGUIAR,2025-01-01,
2025,10,JORGE LUIZ CAVALCANTE DE BRITO PINHEIRO,2021-01-01,
2025,10,JOSE ALBERTO BASTOS VIEIRA JUNIOR,2021-01-01,
2025,10,JULIERME LIMA DE SENA,2021-01-01,
2025,10,JULIO BRIZZI NETO,2021-01-01,
2025,10,JULIO ROCHA AQUINO JUNIOR,2025-07-01,
2025,10,KATIA MARIA RODRIGUES DE SOUSA,2021-01-01,
2025,10,LEONARDO SALES COUTO BEZERRA,2021-01-01,
2025,10,LUCAS NOCRATO SOARES,2025-01-01,
2025,10,LUCIANO GIRAO SALES FILHO,2021-01-01,
2025,10,LUCIMAR VIEIRA MARTINS,2025-01-01,
2025,10,LUIZ SERGIO SOUZA DOS SANTOS,2025-01-01,
2025,10,MARCEL EHRICH COLARES,2025-01-01,
2025,10,MARCELO DA SILVA MATOS,2025-03-01,
2025,10,MARCELO DE OLIVEIRA MENDES,2024-05-23,
2025,10,MARCOS PAULO LOPES DE SOUSA CAVALCANTE,2025-01-01,
2025,10,MARIANA VIEIRA LACERDA,2025-01-01,
2025,10,NOELIO DA ROCHA OLIVEIRA,2025-01-01,
2025,10,PAULO VICTOR ARAUJO MARTINS,2021-01-01,
2025,10,PEDRO FERREIRA MESQUITA FILHO,2021-01-01,
2025,10,PRISCILA BEZERRA DA COSTA,2021-01-01,
2025,10,RAIMUNDA CLAUDENIRA DA ROCHA BARROS,2021-01-01,
2025,10,RAIMUNDO CUNHA FILHO,2025-05-08,
2025,10,RENE AUGUSTO GONDIM FREIRE NETO,2025-01-14,
2025,10,RONALDO MACHADO MARTINS,2021-01-01,
2025,10,VICENTE DE PAULO PINTO DA COSTA,2023-02-01,
2025,10,WANDER CLEYTON DE ALENCAR,2025-10-01,
2025,11,ADAIL FERNANDES VIEIRA JUNIOR,2021-01-01,
2025,11,ADRIANA DE SOUSA ALMEIDA,2023-03-07,
2025,11,ADRIANA GERONIMO VIEIRA SILVA,2021-01-01,
2025,11,ANA CARLA IBIAPINA MEIRELES,2025-01-01,
2025,11,ANA MARIA TEIXEIRA MATOS DE SOUSA,2021-01-01,
2025,11,ANDERSON NILO DANTAS VIANA,2025-09-01,
2025,11,BENIGNO DE SOUSA CARNEIRO JUNIOR,2025-01-01,
2025,11,BENZALIEL CONSTANT DO NASCIMENTO,2025-01-01,
2025,11,BRENA DAYANE DA COSTA ABREU,2025-11-22,
2025,11,BRUNO FERNANDES MOTA,2021-01-01,
2025,11,CLAUDIO MARCOS LIMA DA SILVA,2025-07-01,
2025,11,FRANCISCA DAS CHAGAS SILVA DE SOUZA,2025-03-01,
2025,11,FRANCISCO ANTONIO BRITO MONCAO,2025-01-01,
2025,11,FRANCISCO DUMMAR RIBEIRO LIMA,2025-11-22,
2025,11,FRANCISCO ENILSON DE SOUSA SOARES,2021-03-01,
2025,11,FRANCISCO GOMES DE ARAUJO,2025-01-01,
2025,11,FRANCISCO WELLINGTON SABOIA VITORINO,2021-01-01,
2025,11,GABRIEL LIMA DE AGUIAR,2021-01-01,
2025,11,GARDEL FERREIRA ROLIM,2021-01-01,
2025,11,ISABELLA ANTONIA CASALE ROCHA CARNEIRO LEAO,2025-01-01,
2025,11,JANIO HENRIQUE DA SILVA,2025-01-01,
2025,11,JOAO AGLAYLSON FIGUEREDO BARBOSA,2025-01-01,
2025,11,JOAO BATISTA DE AGUIAR,2025-01-01,
2025,11,JOAO GERMANO MEDEIROS,2021-01-01,
2025,11,JORGE LUIZ CAVALCANTE DE BRITO PINHEIRO,2021-01-01,
2025,11,JOSE ALBERTO BASTOS VIEIRA JUNIOR,2021-01-01,
2025,11,JULIERME LIMA DE SENA,2021-01-01,
2025,11,LEONARDO SALES COUTO BEZERRA,2021-01-01,
2025,11,LUCIANO GIRAO SALES FILHO,2021-01-01,
2025,11,LUIZ SERGIO SOUZA DOS SANTOS,2025-01-01,
2025,11,MARCEL EHRICH COLARES,2025-01-01,
2025,11,MARCELO DA SILVA MATOS,2025-03-01,
2025,11,MARCELO DE OLIVEIRA MENDES,2024-05-23,
2025,11,MARCOS PAULO LOPES DE SOUSA CAVALCANTE,2025-01-01,
2025,11,MARIANA VIEIRA LACERDA,2025-01-01,
2025,11,NOELIO DA ROCHA OLIVEIRA,2025-01-01,
2025,11,PAULO VICTOR ARAUJO MARTINS,2021-01-01,
2025,11,PEDRO FERREIRA MESQUITA FILHO,2021-01-01,
2025,11,PRISCILA BEZERRA DA COSTA,2021-01-01,
2025,11,RAIMUNDA CLAUDENIRA DA ROCHA BARROS,2021-01-01,
2025,11,RAIMUNDO CUNHA FILHO,2025-05-08,
2025,11,RENE AUGUSTO GONDIM FREIRE NETO,2025-01-14,
2025,11,RONALDO MACHADO MARTINS,2021-01-01,
2025,11,VICENTE DE PAULO PINTO DA COSTA,2023-02-01,
2025,11,WANDER CLEYTON DE ALENCAR,2025-10-01,
2025,12,ADAIL FERNANDES VIEIRA JUNIOR,2021-01-01,
2025,12,ADRIANA DE SOUSA ALMEIDA,2023-03-07,
2025,12,ADRIANA GERONIMO VIEIRA SILVA,2021-01-01,
2025,12,ANA CARLA IBIAPINA MEIRELES,2025-01-01,
2025,12,ANA MARIA TEIXEIRA MATOS DE SOUSA,2021-01-01,
2025,12,ANDERSON NILO DANTAS VIANA,2025-09-01,
2025,12,BENIGNO DE SOUSA CARNEIRO JUNIOR,2025-01-01,
2025,12,BENZALIEL CONSTANT DO NASCIMENTO,2025-01-01,
2025,12,BRENA DAYANE DA COSTA ABREU,2025-11-22,
2025,12,BRUNO FERNANDES MOTA,2021-01-01,
2025,12,CLAUDIO MARCOS LIMA DA SILVA,2025-07-01,
2025,12,FRANCISCA DAS CHAGAS SILVA DE SOUZA,2025-03-01,
2025,12,FRANCISCO ANTONIO BRITO MONCAO,2025-01-01,
2025,12,FRANCISCO DUMMAR RIBEIRO LIMA,2025-11-22,
2025,12,FRANCISCO ENILSON DE SOUSA SOARES,2021-03-01,
2025,12,FRANCISCO GOMES DE ARAUJO,2025-01-01,
2025,12,GABRIEL LIMA DE AGUIAR,2021-01-01,
2025,12,GARDEL FERREIRA ROLIM,2021-01-01,
2025,12,ISABELLA ANTONIA CASALE ROCHA CARNEIRO LEAO,2025-01-01,
2025,12,JANIO HENRIQUE DA SILVA,2025-01-01,
2025,12,JOAO AGLAYLSON FIGUEREDO BARBOSA,2025-01-01,
2025,12,JOAO BATISTA DE AGUIAR,2025-01-01,
2025,12,JOAO GERMANO MEDEIROS,2021-01-01,
2025,12,JORGE LUIZ CAVALCANTE DE BRITO PINHEIRO,2021-01-01,
2025,12,JOSE ALBERTO BASTOS VIEIRA JUNIOR,2021-01-01,
2025,12,JULIERME LIMA DE SENA,2021-01-01,
2025,12,LEONARDO SALES COUTO BEZERRA,2021-01-01,
2025,12,LUCIANO GIRAO SALES FILHO,2021-01-01,
2025,12,LUIZ SERGIO SOUZA DOS SANTOS,2025-01-01,
2025,12,MARCEL EHRICH COLARES,2025-01-01,
2025,12,MARCELO DA SILVA MATOS,2025-03-01,
2025,12,MARCELO DE OLIVEIRA MENDES,2024-05-23,
2025,12,MARCOS PAULO LOPES DE SOUSA CAVALCANTE,2025-01-01,
2025,12,MARIANA VIEIRA LACERDA,2025-01-01,
2025,12,NOELIO DA ROCHA OLIVEIRA,2025-01-01,
2025,12,PAULO VICTOR ARAUJO MARTINS,2021-01-01,
2025,12,PEDRO FERREIRA MESQUITA FILHO,2021-01-01,
2025,12,PRISCILA BEZERRA DA COSTA,2021-01-01,
2025,12,RAIMUNDA CLAUDENIRA DA ROCHA BARROS,2021-01-01,
2025,12,RAIMUNDO CUNHA FILHO,2025-05-08,
2025,12,RENE AUGUSTO GONDIM FREIRE NETO,2025-01-14,
2025,12,RONALDO MACHADO MARTINS,2021-01-01,
2025,12,VICENTE DE PAULO PINTO DA COSTA,2023-02-01,
2025,12,WANDER CLEYTON DE ALENCAR,2025-10-01,
2026,1,ADAIL FERNANDES VIEIRA JUNIOR,2021-01-01,
2026,1,ADRIANA DE SOUSA ALMEIDA,2023-03-07,
2026,1,ADRIANA GERONIMO VIEIRA SILVA,2021-01-01,
2026,1,ANA CARLA IBIAPINA MEIRELES,2025-01-01,
2026,1,ANA MARIA TEIXEIRA MATOS DE SOUSA,2021-01-01,
2026,1,ANDERSON NILO DANTAS VIANA,2025-09-01,
2026,1,BENIGNO DE SOUSA CARNEIRO JUNIOR,2025-01-01,
2026,1,BENZALIEL CONSTANT DO NASCIMENTO,2025-01-01,
2026,1,BRENA DAYANE DA COSTA ABREU,2025-11-22,
2026,1,BRUNO FERNANDES MOTA,2021-01-01,
2026,1,CLAUDIO MARCOS LIMA DA SILVA,2025-07-01,
2026,1,FRANCISCA DAS CHAGAS SILVA DE SOUZA,2025-03-01,
2026,1,FRANCISCO ANTONIO BRITO MONCAO,2025-01-01,
2026,1,FRANCISCO DUMMAR RIBEIRO LIMA,2025-11-22,
2026,1,FRANCISCO ENILSON DE SOUSA SOARES,2021-03-01,
2026,1,FRANCISCO GOMES DE ARAUJO,2025-01-01,
2026,1,GABRIEL LIMA DE AGUIAR,2021-01-01,
2026,1,GARDEL FERREIRA ROLIM,2021-01-01,
2026,1,ISABELLA ANTONIA CASALE ROCHA CARNEIRO LEAO,2025-01-01,
2026,1,JANIO HENRIQUE DA SILVA,2025-01-01,
2026,1,JOAO AGLAYLSON FIGUEREDO BARBOSA,2025-01-01,
2026,1,JOAO BATISTA DE AGUIAR,2025-01-01,
2026,1,JOAO GERMANO MEDEIROS,2021-01-01,
2026,1,JORGE LUIZ CAVALCANTE DE BRITO PINHEIRO,2021-01-01,
2026,1,JOSE ALBERTO BASTOS VIEIRA JUNIOR,2021-01-01,
2026,1,JULIERME LIMA DE SENA,2021-01-01,
2026,1,LEONARDO SALES COUTO BEZERRA,2021-01-01,
2026,1,LUCIANO GIRAO SALES FILHO,2021-01-01,
2026,1,LUIZ SERGIO SOUZA DOS SANTOS,2025-01-01,
2026,1,MARCEL EHRICH COLARES,2025-01-01,
2026,1,MARCELO DA SILVA MATOS,2025-03-01,
2026,1,MARCELO DE OLIVEIRA MENDES,2024-05-23,
2026,1,MARCOS PAULO LOPES DE SOUSA CAVALCANTE,2025-01-01,
2026,1,MARIANA VIEIRA LACERDA,2025-01-01,
2026,1,MICHEL LINS CAVALCANTE DE ALMEIDA,2017-01-01,
2026,1,NOELIO DA ROCHA OLIVEIRA,2025-01-01,
2026,1,PAULO VICTOR ARAUJO MARTINS,2021-01-01,
2026,1,PEDRO FERREIRA MESQUITA FILHO,2021-01-01,
2026,1,PRISCILA BEZERRA DA COSTA,2021-01-01,
2026,1,RAIMUNDA CLAUDENIRA DA ROCHA BARROS,2021-01-01,
2026,1,RAIMUNDO CUNHA FILHO,2025-05-08,
2026,1,RENE AUGUSTO GONDIM FREIRE NETO,2025-01-14,
2026,1,RONALDO MACHADO MARTINS,2021-01-01,
2026,1,VICENTE DE PAULO PINTO DA COSTA,2023-02-01,
2026,1,WANDER CLEYTON DE ALENCAR,2025-10-01,
2026,2,ADAIL FERNANDES VIEIRA JUNIOR,2021-01-01,
2026,2,ADRIANA DE SOUSA ALMEIDA,2023-03-07,
2026,2,ADRIANA GERONIMO VIEIRA SILVA,2021-01-01,
2026,2,ANA CARLA IBIAPINA MEIRELES,2025-01-01,
2026,2,ANA MARIA TEIXEIRA MATOS DE SOUSA,2021-01-01,
2026,2,ANDERSON NILO DANTAS VIANA,2025-09-01,
2026,2,BENIGNO DE SOUSA CARNEIRO JUNIOR,2025-01-01,
2026,2,BENZALIEL CONSTANT DO NASCIMENTO,2025-01-01,
2026,2,BRENA DAYANE DA COSTA ABREU,2025-11-22,
2026,2,BRUNO FERNANDES MOTA,2021-01-01,
2026,2,CLAUDIO MARCOS LIMA DA SILVA,2025-07-01,
2026,2,FRANCISCA DAS CHAGAS SILVA DE SOUZA,2025-03-01,
2026,2,FRANCISCO ANTONIO BRITO MONCAO,2025-01-01,
2026,2,FRANCISCO DUMMAR RIBEIRO LIMA,2025-11-22,
2026,2,FRANCISCO ENILSON DE SOUSA SOARES,2021-03-01,
2026,2,FRANCISCO GOMES DE ARAUJO,2025-01-01,
2026,2,GABRIEL LIMA DE AGUIAR,2021-01-01,
2026,2,GARDEL FERREIRA ROLIM,2021-01-01,
2026,2,ISABELLA ANTONIA CASALE ROCHA CARNEIRO LEAO,2025-01-01,
2026,2,JANIO HENRIQUE DA SILVA,2025-01-01,
2026,2,JOAO AGLAYLSON FIGUEREDO BARBOSA,2025-01-01,
2026,2,JOAO BATISTA DE AGUIAR,2025-01-01,
2026,2,JOAO GERMANO MEDEIROS,2021-01-01,
2026,2,JONH SANTOS MONTEIRO,2026-02-02,
2026,2,JORGE LUIZ CAVALCANTE DE BRITO PINHEIRO,2021-01-01,
2026,2,JOSE ALBERTO BASTOS VIEIRA JUNIOR,2021-01-01,
2026,2,JOSE ERIVALDO XAVIER TRAVASSOS,2026-02-05,
2026,2,JULIERME LIMA DE SENA,2021-01-01,
2026,2,LEONARDO SALES COUTO BEZERRA,2021-01-01,
2026,2,LUCIANO GIRAO SALES FILHO,2021-01-01,
2026,2,LUIZ CARLOS LIMA DA COSTA,2025-01-01,
2026,2,MARCEL EHRICH COLARES,2025-01-01,
2026,2,MARCELO DA SILVA MATOS,2025-03-01,
2026,2,MARCELO DE OLIVEIRA MENDES,2024-05-23,
2026,2,MARCOS PAULO LOPES DE SOUSA CAVALCANTE,2025-01-01,
2026,2,MARIANA VIEIRA LACERDA,2025-01-01,
2026,2,MICHEL LINS CAVALCANTE DE ALMEIDA,2017-01-01,
2026,2,NOELIO DA ROCHA OLIVEIRA,2025-01-01,
2026,2,PAULO VICTOR ARAUJO MARTINS,2021-01-01,
2026,2,PEDRO FERREIRA MESQUITA FILHO,2021-01-01,
2026,2,PRISCILA BEZERRA DA COSTA,2021-01-01,
2026,2,RAIMUNDA CLAUDENIRA DA ROCHA BARROS,2021-01-01,
2026,2,RAIMUNDO CUNHA FILHO,2025-05-08,
2026,2,RENE AUGUSTO GONDIM FREIRE NETO,2025-01-14,
2026,2,RONALDO MACHADO MARTINS,2021-01-01,
2026,2,VICENTE DE PAULO PINTO DA COSTA,2023-02-01,
2026,3,ADAIL FERNANDES VIEIRA JUNIOR,2021-01-01,
2026,3,ADRIANA DE SOUSA ALMEIDA,2023-03-07,
2026,3,ADRIANA GERONIMO VIEIRA SILVA,2021-01-01,
2026,3,ANA CARLA IBIAPINA MEIRELES,2025-01-01,
2026,3,ANDERSON NILO DANTAS VIANA,2025-09-01,
2026,3,BENIGNO DE SOUSA CARNEIRO JUNIOR,2025-01-01,
2026,3,BENZALIEL CONSTANT DO NASCIMENTO,2025-01-01,
2026,3,BRENA DAYANE DA COSTA ABREU,2025-11-22,
2026,3,BRUNO FERNANDES MOTA,2021-01-01,
2026,3,EMANUEL ACRIZIO DE FREITAS,2021-01-01,
2026,3,FRANCISCA DAS CHAGAS SILVA DE SOUZA,2025-03-01,
2026,3,FRANCISCO ANTONIO BRITO MONCAO,2025-01-01,
2026,3,FRANCISCO ENILSON DE SOUSA SOARES,2021-03-01,
2026,3,FRANCISCO GOMES DE ARAUJO,2025-01-01,
2026,3,GABRIEL LIMA DE AGUIAR,2021-01-01,
2026,3,GARDEL FERREIRA ROLIM,2021-01-01,
2026,3,ISABELLA ANTONIA CASALE ROCHA CARNEIRO LEAO,2025-01-01,
2026,3,JANIO HENRIQUE DA SILVA,2025-01-01,
2026,3,JOAO AGLAYLSON FIGUEREDO BARBOSA,2025-01-01,
2026,3,JOAO BATISTA DE AGUIAR,2025-01-01,
2026,3,JOAO GERMANO MEDEIROS,2021-01-01,
2026,3,JONH SANTOS MONTEIRO,2026-02-02,
2026,3,JORGE LUIZ CAVALCANTE DE BRITO PINHEIRO,2021-01-01,
2026,3,JOSE ALBERTO BASTOS VIEIRA JUNIOR,2021-01-01,
2026,3,JOSE ERIVALDO XAVIER TRAVASSOS,2026-02-05,
2026,3,JULIERME LIMA DE SENA,2021-01-01,
2026,3,KAMILA CARDOSO DE SOUZA RIBEIRO,2026-03-01,
2026,3,LAEL SENA DO NASCIMENTO,2026-03-10,
2026,3,LEONARDO SALES COUTO BEZERRA,2021-01-01,
2026,3,LUCIANO GIRAO SALES FILHO,2021-01-01,
2026,3,LUIZ CARLOS LIMA DA COSTA,2025-01-01,
2026,3,MARCEL EHRICH COLARES,2025-01-01,
2026,3,MARCELO DA SILVA MATOS,2025-03-01,
2026,3,MARCELO DE OLIVEIRA MENDES,2024-05-23,
2026,3,MARCOS PAULO LOPES DE SOUSA CAVALCANTE,2025-01-01,
2026,3,MARIANA VIEIRA LACERDA,2025-01-01,
2026,3,MICHEL LINS CAVALCANTE DE ALMEIDA,2017-01-01,
2026,3,PAULO VICTOR ARAUJO MARTINS,2021-01-01,
2026,3,PEDRO FERREIRA MESQUITA FILHO,2021-01-01,
2026,3,PEDRO VICTOR COLARES GOMES DE MATOS,2023-02-01,
2026,3,PRISCILA BEZERRA DA COSTA,2021-01-01,
2026,3,RAIMUNDA CLAUDENIRA DA ROCHA BARROS,2021-01-01,
2026,3,RAIMUNDO CUNHA FILHO,2025-05-08,
2026,3,RENE AUGUSTO GONDIM FREIRE NETO,2025-01-14,
2026,3,RONALDO MACHADO MARTINS,2021-01-01,
2026,3,VICENTE DE PAULO PINTO DA COSTA,2023-02-01,
2026,4,ADAIL FERNANDES VIEIRA JUNIOR,2021-01-01,
2026,4,ADRIANA DE SOUSA ALMEIDA,2023-03-07,
2026,4,ADRIANA GERONIMO VIEIRA SILVA,2021-01-01,
2026,4,ANA CARLA IBIAPINA MEIRELES,2025-01-01,
2026,4,ANDERSON NILO DANTAS VIANA,2025-09-01,
2026,4,BENIGNO DE SOUSA CARNEIRO JUNIOR,2025-01-01,
2026,4,BENZALIEL CONSTANT DO NASCIMENTO,2025-01-01,
2026,4,BRENA DAYANE DA COSTA ABREU,2025-11-22,
2026,4,BRUNO FERNANDES MOTA,2021-01-01,
2026,4,EMANUEL ACRIZIO DE FREITAS,2021-01-01,
2026,4,ERICH DOUGLAS MOREIRA CHAVES,2025-01-01,
2026,4,FRANCISCA DAS CHAGAS SILVA DE SOUZA,2025-03-01,
2026,4,FRANCISCO ENILSON DE SOUSA SOARES,2021-03-01,
2026,4,FRANCISCO GOMES DE ARAUJO,2025-01-01,
2026,4,FRANCISCO MARCIO MARTINS BARBOSA,2021-01-01,
2026,4,FRANCISCO WELLINGTON SABOIA VITORINO,2021-01-01,
2026,4,GABRIEL LIMA DE AGUIAR,2021-01-01,
2026,4,GARDEL FERREIRA ROLIM,2021-01-01,
2026,4,ISABELLA ANTONIA CASALE ROCHA CARNEIRO LEAO,2025-01-01,
2026,4,JANIO HENRIQUE DA SILVA,2025-01-01,
2026,4,JOAO AGLAYLSON FIGUEREDO BARBOSA,2025-01-01,
2026,4,JOAO BATISTA DE AGUIAR,2025-01-01,
2026,4,JOAO GERMANO MEDEIROS,2021-01-01,
2026,4,JONH SANTOS MONTEIRO,2026-02-02,
2026,4,JORGE LUIZ CAVALCANTE DE BRITO PINHEIRO,2021-01-01,
2026,4,JOSE ALBERTO BASTOS VIEIRA JUNIOR,2021-01-01,
2026,4,JOSE ERIVALDO XAVIER TRAVASSOS,2026-02-05,
2026,4,KATIA MARIA RODRIGUES DE SOUSA,2021-01-01,
2026,4,LAEL SENA DO NASCIMENTO,2026-03-10,
2026,4,LEONARDO SALES COUTO BEZERRA,2021-01-01,
2026,4,LUCAS NOCRATO SOARES,2025-01-01,
2026,4,LUCIANO GIRAO SALES FILHO,2021-01-01,
2026,4,LUIZ CARLOS LIMA DA COSTA,2025-01-01,
2026,4,MARCEL EHRICH COLARES,2025-01-01,
2026,4,MARCELO DA SILVA MATOS,2025-03-01,
2026,4,MARCELO DE OLIVEIRA MENDES,2024-05-23,
2026,4,MARCOS PAULO LOPES DE SOUSA CAVALCANTE,2025-01-01,
2026,4,MARIANA VIEIRA LACERDA,2025-01-01,
2026,4,MICHEL LINS CAVALCANTE DE ALMEIDA,2017-01-01,
2026,4,NOELIO DA ROCHA OLIVEIRA,2025-01-01,
2026,4,PAULO VICTOR ARAUJO MARTINS,2021-01-01,
2026,4,PEDRO FERREIRA MESQUITA FILHO,2021-01-01,
2026,4,PEDRO VICTOR COLARES GOMES DE MATOS,2023-02-01,
2026,4,PRISCILA BEZERRA DA COSTA,2021-01-01,
2026,4,RAIMUNDA CLAUDENIRA DA ROCHA BARROS,2021-01-01,
2026,4,RAIMUNDO CUNHA FILHO,2025-05-08,
2026,4,RENE AUGUSTO GONDIM FREIRE NETO,2025-01-14,
2026,4,RONALDO MACHADO MARTINS,2021-01-01,
2026,4,VICENTE DE PAULO PINTO DA COSTA,2023-02-01,
2026,5,ADAIL FERNANDES VIEIRA JUNIOR,2021-01-01,
2026,5,ADRIANA DE SOUSA ALMEIDA,2023-03-07,
2026,5,ADRIANA GERONIMO VIEIRA SILVA,2021-01-01,
2026,5,ANA CARLA IBIAPINA MEIRELES,2025-01-01,
2026,5,ANDERSON NILO DANTAS VIANA,2025-09-01,
2026,5,BENIGNO DE SOUSA CARNEIRO JUNIOR,2025-01-01,
2026,5,BENZALIEL CONSTANT DO NASCIMENTO,2025-01-01,
2026,5,BRUNO FERNANDES MOTA,2021-01-01,
2026,5,EMANUEL ACRIZIO DE FREITAS,2021-01-01,
2026,5,ERICH DOUGLAS MOREIRA CHAVES,2025-01-01,
2026,5,FRANCISCO ENILSON DE SOUSA SOARES,2021-03-01,
2026,5,FRANCISCO GOMES DE ARAUJO,2025-01-01,
2026,5,FRANCISCO MARCIO MARTINS BARBOSA,2021-01-01,
2026,5,FRANCISCO WELLINGTON SABOIA VITORINO,2021-01-01,
2026,5,GABRIEL LIMA DE AGUIAR,2021-01-01,
2026,5,GARDEL FERREIRA ROLIM,2021-01-01,
2026,5,ISABELLA ANTONIA CASALE ROCHA CARNEIRO LEAO,2025-01-01,
2026,5,JANIO HENRIQUE DA SILVA,2025-01-01,
2026,5,JOAO AGLAYLSON FIGUEREDO BARBOSA,2025-01-01,
2026,5,JOAO BATISTA DE AGUIAR,2025-01-01,
2026,5,JOAO GERMANO MEDEIROS,2021-01-01,
2026,5,JONH SANTOS MONTEIRO,2026-02-02,
2026,5,JORGE LUIZ CAVALCANTE DE BRITO PINHEIRO,2021-01-01,
2026,5,JOSE ALBERTO BASTOS VIEIRA JUNIOR,2021-01-01,
2026,5,KATIA MARIA RODRIGUES DE SOUSA,2021-01-01,
2026,5,LAEL SENA DO NASCIMENTO,2026-03-10,
2026,5,LEONARDO SALES COUTO BEZERRA,2021-01-01,
2026,5,LUCAS CORDEIRO DA SILVA,2026-05-25,
2026,5,LUCAS NOCRATO SOARES,2025-01-01,
2026,5,LUCIANO GIRAO SALES FILHO,2021-01-01,
2026,5,LUIZ CARLOS LIMA DA COSTA,2025-01-01,2026-05-06
2026,5,MARCEL EHRICH COLARES,2025-01-01,
2026,5,MARCELO DA SILVA MATOS,2025-03-01,
2026,5,MARCELO DE OLIVEIRA MENDES,2024-05-23,
2026,5,MARCOS PAULO LOPES DE SOUSA CAVALCANTE,2025-01-01,
2026,5,MARIANA VIEIRA LACERDA,2025-01-01,
2026,5,MICHEL LINS CAVALCANTE DE ALMEIDA,2017-01-01,
2026,5,NOELIO DA ROCHA OLIVEIRA,2025-01-01,
2026,5,PAULO VICTOR ARAUJO MARTINS,2021-01-01,
2026,5,PEDRO FERREIRA MESQUITA FILHO,2021-01-01,
2026,5,PEDRO VICTOR COLARES GOMES DE MATOS,2023-02-01,
2026,5,PRISCILA BEZERRA DA COSTA,2021-01-01,
2026,5,RAIMUNDA CLAUDENIRA DA ROCHA BARROS,2021-01-01,
2026,5,RONALDO MACHADO MARTINS,2021-01-01,
2026,6,ADAIL FERNANDES VIEIRA JUNIOR,2021-01-01,
2026,6,ADRIANA DE SOUSA ALMEIDA,2023-03-07,
2026,6,ADRIANA GERONIMO VIEIRA SILVA,2021-01-01,
2026,6,ANA CARLA IBIAPINA MEIRELES,2025-01-01,
2026,6,ANDERSON NILO DANTAS VIANA,2025-09-01,
2026,6,BENIGNO DE SOUSA CARNEIRO JUNIOR,2025-01-01,
2026,6,BENZALIEL CONSTANT DO NASCIMENTO,2025-01-01,
2026,6,BRUNO FERNANDES MOTA,2021-01-01,
2026,6,CLAUDIO MARCOS LIMA DA SILVA,2025-07-01,
2026,6,EMANUEL ACRIZIO DE FREITAS,2021-01-01,
2026,6,ERICH DOUGLAS MOREIRA CHAVES,2025-01-01,
2026,6,FRANCISCO ENILSON DE SOUSA SOARES,2021-03-01,
2026,6,FRANCISCO GOMES DE ARAUJO,2025-01-01,
2026,6,FRANCISCO MARCIO MARTINS BARBOSA,2021-01-01,
2026,6,GABRIEL LIMA DE AGUIAR,2021-01-01,
2026,6,GARDEL FERREIRA ROLIM,2021-01-01,
2026,6,ISABELLA ANTONIA CASALE ROCHA CARNEIRO LEAO,2025-01-01,
2026,6,JANIO HENRIQUE DA SILVA,2025-01-01,
2026,6,JOAO AGLAYLSON FIGUEREDO BARBOSA,2025-01-01,
2026,6,JOAO BATISTA DE AGUIAR,2025-01-01,
2026,6,JOAO GERMANO MEDEIROS,2021-01-01,
2026,6,JONH SANTOS MONTEIRO,2026-02-02,
2026,6,JORGE LUIZ CAVALCANTE DE BRITO PINHEIRO,2021-01-01,
2026,6,JOSE ALBERTO BASTOS VIEIRA JUNIOR,2021-01-01,
2026,6,KATIA MARIA RODRIGUES DE SOUSA,2021-01-01,
2026,6,LAEL SENA DO NASCIMENTO,2026-03-10,
2026,6,LEONARDO SALES COUTO BEZERRA,2021-01-01,
2026,6,LUCAS CORDEIRO DA SILVA,2026-05-25,
2026,6,LUCAS NOCRATO SOARES,2025-01-01,
2026,6,MARCEL EHRICH COLARES,2025-01-01,
2026,6,MARCELO DA SILVA MATOS,2025-03-01,
2026,6,MARCELO DE OLIVEIRA MENDES,2024-05-23,
2026,6,MARCOS PAULO LOPES DE SOUSA CAVALCANTE,2025-01-01,
2026,6,MARIANA VIEIRA LACERDA,2025-01-01,
2026,6,MICHEL LINS CAVALCANTE DE ALMEIDA,2017-01-01,
2026,6,NOELIO DA ROCHA OLIVEIRA,2025-01-01,
2026,6,PAULO VICTOR ARAUJO MARTINS,2021-01-01,
2026,6,PEDRO FERREIRA MESQUITA FILHO,2021-01-01,
2026,6,PEDRO VICTOR COLARES GOMES DE MATOS,2023-02-01,
2026,6,POLLY CORREIA DE LIMA,2026-06-19,
2026,6,PRISCILA BEZERRA DA COSTA,2021-01-01,
2026,6,RAIMUNDA CLAUDENIRA DA ROCHA BARROS,2021-01-01,
2026,6,RAIMUNDO CUNHA FILHO,2025-05-08,
2026,6,RONALDO MACHADO MARTINS,2021-01-01,
2026,7,ADAIL FERNANDES VIEIRA JUNIOR,2021-01-01,
2026,7,ADRIANA GERONIMO VIEIRA SILVA,2021-01-01,
2026,7,ANA CARLA IBIAPINA MEIRELES,2025-01-01,
2026,7,ANA MARIA TEIXEIRA MATOS DE SOUSA,2021-01-01,
2026,7,ANDERSON NILO DANTAS VIANA,2025-09-01,
2026,7,BENIGNO DE SOUSA CARNEIRO JUNIOR,2025-01-01,
2026,7,BENZALIEL CONSTANT DO NASCIMENTO,2025-01-01,
2026,7,BRUNO FERNANDES MOTA,2021-01-01,
2026,7,CLAUDIO MARCOS LIMA DA SILVA,2025-07-01,
2026,7,ERICH DOUGLAS MOREIRA CHAVES,2025-01-01,
2026,7,FRANCISCO ENILSON DE SOUSA SOARES,2021-03-01,
2026,7,FRANCISCO EUDES FERREIRA BRINGEL,2021-01-01,
2026,7,FRANCISCO GOMES DE ARAUJO,2025-01-01,
2026,7,FRANCISCO MARCIO MARTINS BARBOSA,2021-01-01,
2026,7,GABRIEL LIMA DE AGUIAR,2021-01-01,
2026,7,GARDEL FERREIRA ROLIM,2021-01-01,
2026,7,ISABELLA ANTONIA CASALE ROCHA CARNEIRO LEAO,2025-01-01,
2026,7,JANIO HENRIQUE DA SILVA,2025-01-01,
2026,7,JOAO AGLAYLSON FIGUEREDO BARBOSA,2025-01-01,
2026,7,JOAO BATISTA DE AGUIAR,2025-01-01,
2026,7,JOAO GERMANO MEDEIROS,2021-01-01,
2026,7,JONH SANTOS MONTEIRO,2026-02-02,
2026,7,JORGE LUIZ CAVALCANTE DE BRITO PINHEIRO,2021-01-01,
2026,7,JOSE ALBERTO BASTOS VIEIRA JUNIOR,2021-01-01,
2026,7,JULIERME LIMA DE SENA,2021-01-01,
2026,7,JULIO BRIZZI NETO,2021-01-01,
2026,7,KATIA MARIA RODRIGUES DE SOUSA,2021-01-01,
2026,7,LAEL SENA DO NASCIMENTO,2026-03-10,
2026,7,LEONARDO SALES COUTO BEZERRA,2021-01-01,
2026,7,LUCAS CORDEIRO DA SILVA,2026-05-25,
2026,7,LUCAS NOCRATO SOARES,2025-01-01,
2026,7,LUCIANO GIRAO SALES FILHO,2021-01-01,
2026,7,LUCIMAR VIEIRA MARTINS,2025-01-01,
2026,7,MARCEL EHRICH COLARES,2025-01-01,
2026,7,MARCELO DA SILVA MATOS,2025-03-01,
2026,7,MARCELO DE OLIVEIRA MENDES,2024-05-23,
2026,7,MARCOS PAULO LOPES DE SOUSA CAVALCANTE,2025-01-01,
2026,7,MARIANA VIEIRA LACERDA,2025-01-01,
2026,7,PAULO VICTOR ARAUJO MARTINS,2021-01-01,
2026,7,PEDRO FERREIRA MESQUITA FILHO,2021-01-01,
2026,7,PEDRO VICTOR COLARES GOMES DE MATOS,2023-02-01,
2026,7,POLLY CORREIA DE LIMA,2026-06-19,
2026,7,PRISCILA BEZERRA DA COSTA,2021-01-01,
2026,7,RAIMUNDA CLAUDENIRA DA ROCHA BARROS,2021-01-01,
2026,7,RAIMUNDO CUNHA FILHO,2025-05-08,
2026,7,RENE AUGUSTO GONDIM FREIRE NETO,2025-01-14,
2026,7,RONALDO MACHADO MARTINS,2021-01-01,
2026,7,VICENTE DE PAULO PINTO DA COSTA,2023-02-01,
2026,8,ADAIL FERNANDES VIEIRA JUNIOR,2021-01-01,
2026,8,ADRIANA DE SOUSA ALMEIDA,2023-03-07,
2026,8,ADRIANA GERONIMO VIEIRA SILVA,2021-01-01,
2026,8,ADRIANA TORQUATO PEDROSA,2026-08-22,
2026,8,AILTON CLAECIO LOPES DANTAS,2026-08-07,
2026,8,ANDERSON NILO DANTAS VIANA,2025-09-01,
2026,8,BENIGNO DE SOUSA CARNEIRO JUNIOR,2025-01-01,
2026,8,BENZALIEL CONSTANT DO NASCIMENTO,2025-01-01,
2026,8,BRUNO FERNANDES MOTA,2021-01-01,
2026,8,CARLOS HENRIQUE VAZ DO VALE,2026-08-19,
2026,8,CLAUDIO MARCOS LIMA DA SILVA,2025-07-01,
2026,8,ERICH DOUGLAS MOREIRA CHAVES,2025-01-01,
2026,8,FRANCISCO ENILSON DE SOUSA SOARES,2021-03-01,
2026,8,FRANCISCO GOMES DE ARAUJO,2025-01-01,
2026,8,FRANCISCO MARCIO MARTINS BARBOSA,2021-01-01,
2026,8,GARDEL FERREIRA ROLIM,2021-01-01,
2026,8,ISABELLA ANTONIA CASALE ROCHA CARNEIRO LEAO,2025-01-01,
2026,8,JANIO HENRIQUE DA SILVA,2025-01-01,
2026,8,JOAO AGLAYLSON FIGUEREDO BARBOSA,2025-01-01,
2026,8,JOAO BATISTA DE AGUIAR,2025-01-01,
2026,8,JOAO GERMANO MEDEIROS,2021-01-01,
2026,8,JONH SANTOS MONTEIRO,2026-02-02,
2026,8,JORGE LUIZ CAVALCANTE DE BRITO PINHEIRO,2021-01-01,
2026,8,JOSE ALBERTO BASTOS VIEIRA JUNIOR,2021-01-01,
2026,8,JULIERME LIMA DE SENA,2021-01-01,
2026,8,KATIA MARIA RODRIGUES DE SOUSA,2021-01-01,
2026,8,LAEL SENA DO NASCIMENTO,2026-03-10,
2026,8,LEONARDO SALES COUTO BEZERRA,2021-01-01,
2026,8,LUCAS CORDEIRO DA SILVA,2026-05-25,
2026,8,LUCAS NOCRATO SOARES,2025-01-01,
2026,8,MARCEL EHRICH COLARES,2025-01-01,
2026,8,MARCELO DA SILVA MATOS,2025-03-01,
2026,8,MARCELO DE OLIVEIRA MENDES,2024-05-23,
2026,8,MARCOS PAULO LOPES DE SOUSA CAVALCANTE,2025-01-01,
2026,8,MARIANA VIEIRA LACERDA,2025-01-01,
2026,8,PAULO VICTOR ARAUJO MARTINS,2021-01-01,
2026,8,PEDRO FERREIRA MESQUITA FILHO,2021-01-01,
2026,8,PEDRO VICTOR COLARES GOMES DE MATOS,2023-02-01,
2026,8,POLLY CORREIA DE LIMA,2026-06-19,
2026,8,PRISCILA BEZERRA DA COSTA,2021-01-01,2026-08-06
2026,8,RAIMUNDA CLAUDENIRA DA ROCHA BARROS,2021-01-01,
2026,8,RAIMUNDO CUNHA FILHO,2025-05-08,
2026,8,RENATO SOARES MARQUES,2026-08-12,
2026,8,RENE AUGUSTO GONDIM FREIRE NETO,2025-01-14,
2026,8,RONALDO MACHADO MARTINS,2021-01-01,
2026,8,VICENTE DE PAULO PINTO DA COSTA,2023-02-01,
