ano,mes,folha,busca,achados
2025,1,normal,ALDO GIL DE MEDEIROS,1
2025,1,normal,ANA PAULA M DE ARAUJO,1
2025,1,normal,ANA PAULA MENDES DE ARAUJO SANTANA,1
2025,1,normal,ANTONIO HENRIQUE DE CARVALHO P,1
2025,1,normal,BARBARA CARVALHO DA SILVEIRA S,1
2025,1,normal,BESSAH ARAUJO COSTA REIS SA,1
2025,1,normal,CARLOS AUGUSTO GOMES DE SOUZA,1
2025,1,normal,DOGIVAL VIDAL DOS REIS NETO,1
2025,1,normal,ELISANGELA MARIA DOS SANTOS MO,1
2025,1,normal,EVALDO GOMES DA SILVA,1
2025,1,normal,FABIO HENRIQUE MENDONCA XAVIER,1
2025,1,normal,FABIO NUNEZ NOVO,1
2025,1,normal,FELIPE DE SOUZA R SAMPAIO,1
2025,1,normal,FELIPE DE SOUZA REZENDE SAMPAIO,1
2025,1,normal,FIRMINO SOARES PAULO,1
2025,1,normal,FLAVIO R NOGUEIRA JUNIOR,1
2025,1,normal,FLAVIO RODRIGUES NOGUEIRA JUNIOR,1
2025,1,normal,FRANCISCO DAS CHAGAS LIMMA,1
2025,1,normal,FRANCISCO JOSE ALVES DA SILVA,1
2025,1,normal,GEORGIANO FERNANDES LIMA NETO,1
2025,1,normal,GESSIVALDO ISAIAS DE C SILVA,1
2025,1,normal,GIL CARLOS MODESTO ALVES,1
2025,1,normal,GUSTAVO S DE NEIVA,1
2025,1,normal,GUSTAVO SOUSA DE NEIVA,1
2025,1,normal,HELIO ISAIAS DA SILVA,1
2025,1,normal,HELIO RODRIGUES ALVES,1
2025,1,normal,JANAINA PINTO MARQUES,0
2025,1,normal,JANAINNA PINTO MARQUES TAVARES,1
2025,1,normal,JEOVA BARBOSA DE CARVALHO ALENCAR,0
2025,1,normal,JOAO MADISON NOGUEIRA,1
2025,1,normal,JOSE HELIO DE CARVALHO OLIVEIR,1
2025,1,normal,JOSE ICEMAR LAVOR NERI,1
2025,1,normal,LUIZ HENRIQUE SOUSA DE CARVALH,1
2025,1,normal,MARCUS VINICIUS M KALUME,1
2025,1,normal,MARDEN LUIS B C E MENESES,1
2025,1,normal,MARIA DA GRACAS DE M S NUNES,1
2025,1,normal,MIGUEL BORGES DE OLIVEIRA NETO,1
2025,1,normal,PABLO DANTAS DE MOURA SANTOS,0
2025,1,normal,RUBENS DE SOUSA VIEIRA,1
2025,1,normal,SEVERO MARIA EULALIO NETO,1
2025,1,normal,SIMONE PEREIRA DE FARIAS ARAUJ,1
2025,1,normal,THALES COELHO PIMENTEL,1
2025,1,normal,TIAGO MENDES VASCONCELOS,0
2025,1,normal,VANESSA ANGELINE TAPETY,0
2025,1,normal,VINICIUS PONTES DO NASCIMENTO,1
2025,1,normal,WARTON MATIAS LACERDA E OLIVEI,1
2025,1,normal,WILSON NUNES BRANDAO,1
2025,2,normal,ALDO GIL DE MEDEIROS,1
2025,2,normal,ANA PAULA M DE ARAUJO,1
2025,2,normal,ANTONIO HENRIQUE DE CARVALHO P,1
2025,2,normal,BARBARA CARVALHO DA SILVEIRA S,1
2025,2,normal,BESSAH ARAUJO COSTA REIS SA,1
2025,2,normal,CARLOS AUGUSTO GOMES DE SOUZA,1
2025,2,normal,DOGIVAL VIDAL DOS REIS NETO,1
2025,2,normal,ELISANGELA MARIA DOS SANTOS MO,1
2025,2,normal,EVALDO GOMES DA SILVA,1
2025,2,normal,FABIO HENRIQUE MENDONCA XAVIER,1
2025,2,normal,FABIO NUNEZ NOVO,1
2025,2,normal,FELIPE DE SOUZA R SAMPAIO,1
2025,2,normal,FIRMINO SOARES PAULO,1
2025,2,normal,FLAVIO R NOGUEIRA JUNIOR,1
2025,2,normal,FRANCISCO DAS CHAGAS LIMMA,1
2025,2,normal,FRANCISCO JOSE ALVES DA SILVA,1
2025,2,normal,GEORGIANO FERNANDES LIMA NETO,1
2025,2,normal,GESSIVALDO ISAIAS DE C SILVA,1
2025,2,normal,GIL CARLOS MODESTO ALVES,1
2025,2,normal,GUSTAVO S DE NEIVA,1
2025,2,normal,HELIO ISAIAS DA SILVA,1
2025,2,normal,HELIO RODRIGUES ALVES,1
2025,2,normal,JANAINA PINTO MARQUES,0
2025,2,normal,JANAINNA PINTO MARQUES TAVARES,1
2025,2,normal,JEOVA BARBOSA DE CARVALHO ALENCAR,0
2025,2,normal,JOAO MADISON NOGUEIRA,1
2025,2,normal,JOSE HELIO DE CARVALHO OLIVEIR,1
2025,2,normal,JOSE ICEMAR LAVOR NERI,1
2025,2,normal,LUIZ HENRIQUE SOUSA DE CARVALH,1
2025,2,normal,MARCUS VINICIUS M KALUME,1
2025,2,normal,MARDEN LUIS B C E MENESES,1
2025,2,normal,MARIA DA GRACAS DE M S NUNES,1
2025,2,normal,MIGUEL BORGES DE OLIVEIRA NETO,1
2025,2,normal,PABLO DANTAS DE MOURA SANTOS,0
2025,2,normal,RUBENS DE SOUSA VIEIRA,1
2025,2,normal,SEVERO MARIA EULALIO NETO,1
2025,2,normal,SIMONE PEREIRA DE FARIAS ARAUJ,1
2025,2,normal,THALES COELHO PIMENTEL,1
2025,2,normal,TIAGO MENDES VASCONCELOS,1
2025,2,normal,VANESSA ANGELINE TAPETY,0
2025,2,normal,VINICIUS PONTES DO NASCIMENTO,1
2025,2,normal,WARTON MATIAS LACERDA E OLIVEI,1
2025,2,normal,WILSON NUNES BRANDAO,1
2025,3,normal,ALDO GIL DE MEDEIROS,1
2025,3,normal,ANA PAULA M DE ARAUJO,1
2025,3,normal,ANTONIO HENRIQUE DE CARVALHO P,1
2025,3,normal,BARBARA CARVALHO DA SILVEIRA S,1
2025,3,normal,BESSAH ARAUJO COSTA REIS SA,1
2025,3,normal,CARLOS AUGUSTO GOMES DE SOUZA,1
2025,3,normal,DOGIVAL VIDAL DOS REIS NETO,1
2025,3,normal,ELISANGELA MARIA DOS SANTOS MO,1
2025,3,normal,EVALDO GOMES DA SILVA,1
2025,3,normal,FABIO HENRIQUE MENDONCA XAVIER,1
2025,3,normal,FABIO NUNEZ NOVO,1
2025,3,normal,FELIPE DE SOUZA R SAMPAIO,1
2025,3,normal,FIRMINO SOARES PAULO,1
2025,3,normal,FLAVIO R NOGUEIRA JUNIOR,1
2025,3,normal,FRANCISCO DAS CHAGAS LIMMA,1
2025,3,normal,FRANCISCO JOSE ALVES DA SILVA,1
2025,3,normal,GEORGIANO FERNANDES LIMA NETO,1
2025,3,normal,GESSIVALDO ISAIAS DE C SILVA,1
2025,3,normal,GIL CARLOS MODESTO ALVES,1
2025,3,normal,GUSTAVO S DE NEIVA,1
2025,3,normal,HELIO ISAIAS DA SILVA,1
2025,3,normal,HELIO RODRIGUES ALVES,1
2025,3,normal,JANAINA PINTO MARQUES,0
2025,3,normal,JANAINNA PINTO MARQUES TAVARES,1
2025,3,normal,JEOVA BARBOSA DE CARVALHO ALENCAR,0
2025,3,normal,JOAO MADISON NOGUEIRA,1
2025,3,normal,JOSE HELIO DE CARVALHO OLIVEIR,1
2025,3,normal,JOSE ICEMAR LAVOR NERI,1
2025,3,normal,LUIZ HENRIQUE SOUSA DE CARVALH,1
2025,3,normal,MARCUS VINICIUS M KALUME,1
2025,3,normal,MARDEN LUIS B C E MENESES,1
2025,3,normal,MARIA DA GRACAS DE M S NUNES,1
2025,3,normal,MIGUEL BORGES DE OLIVEIRA NETO,1
2025,3,normal,PABLO DANTAS DE MOURA SANTOS,0
2025,3,normal,RUBENS DE SOUSA VIEIRA,1
2025,3,normal,SEVERO MARIA EULALIO NETO,1
2025,3,normal,SIMONE PEREIRA DE FARIAS ARAUJ,1
2025,3,normal,THALES COELHO PIMENTEL,1
2025,3,normal,TIAGO MENDES VASCONCELOS,1
2025,3,normal,VANESSA ANGELINE TAPETY,0
2025,3,normal,VINICIUS PONTES DO NASCIMENTO,1
2025,3,normal,WARTON MATIAS LACERDA E OLIVEI,1
2025,3,normal,WILSON NUNES BRANDAO,1
2025,4,normal,ALDO GIL DE MEDEIROS,1
2025,4,normal,ANA PAULA M DE ARAUJO,1
2025,4,normal,ANTONIO HENRIQUE DE CARVALHO P,1
2025,4,normal,BARBARA CARVALHO DA SILVEIRA S,1
2025,4,normal,BESSAH ARAUJO COSTA REIS SA,1
2025,4,normal,CARLOS AUGUSTO GOMES DE SOUZA,1
2025,4,normal,DOGIVAL VIDAL DOS REIS NETO,1
2025,4,normal,ELISANGELA MARIA DOS SANTOS MO,1
2025,4,normal,EVALDO GOMES DA SILVA,1
2025,4,normal,FABIO HENRIQUE MENDONCA XAVIER,1
2025,4,normal,FABIO NUNEZ NOVO,1
2025,4,normal,FELIPE DE SOUZA R SAMPAIO,1
2025,4,normal,FIRMINO SOARES PAULO,1
2025,4,normal,FLAVIO R NOGUEIRA JUNIOR,1
2025,4,normal,FRANCISCO DAS CHAGAS LIMMA,1
2025,4,normal,FRANCISCO JOSE ALVES DA SILVA,1
2025,4,normal,GEORGIANO FERNANDES LIMA NETO,1
2025,4,normal,GESSIVALDO ISAIAS DE C SILVA,1
2025,4,normal,GIL CARLOS MODESTO ALVES,1
2025,4,normal,GUSTAVO S DE NEIVA,1
2025,4,normal,HELIO ISAIAS DA SILVA,1
2025,4,normal,HELIO RODRIGUES ALVES,1
2025,4,normal,JANAINA PINTO MARQUES,0
2025,4,normal,JANAINNA PINTO MARQUES TAVARES,1
2025,4,normal,JEOVA BARBOSA DE CARVALHO ALENCAR,0
2025,4,normal,JOAO MADISON NOGUEIRA,1
2025,4,normal,JOSE HELIO DE CARVALHO OLIVEIR,1
2025,4,normal,JOSE ICEMAR LAVOR NERI,1
2025,4,normal,LUIZ HENRIQUE SOUSA DE CARVALH,1
2025,4,normal,MARCUS VINICIUS M KALUME,1
2025,4,normal,MARDEN LUIS B C E MENESES,1
2025,4,normal,MARIA DA GRACAS DE M S NUNES,1
2025,4,normal,MIGUEL BORGES DE OLIVEIRA NETO,1
2025,4,normal,PABLO DANTAS DE MOURA SANTOS,0
2025,4,normal,RUBENS DE SOUSA VIEIRA,1
2025,4,normal,SEVERO MARIA EULALIO NETO,1
2025,4,normal,SIMONE PEREIRA DE FARIAS ARAUJ,1
2025,4,normal,THALES COELHO PIMENTEL,1
2025,4,normal,TIAGO MENDES VASCONCELOS,1
2025,4,normal,VANESSA ANGELINE TAPETY,0
2025,4,normal,VINICIUS PONTES DO NASCIMENTO,1
2025,4,normal,WARTON MATIAS LACERDA E OLIVEI,1
2025,4,normal,WILSON NUNES BRANDAO,1
2025,5,normal,ALDO GIL DE MEDEIROS,1
2025,5,normal,ANA PAULA M DE ARAUJO,1
2025,5,normal,ANTONIO HENRIQUE DE CARVALHO P,1
2025,5,normal,BARBARA CARVALHO DA SILVEIRA S,1
2025,5,normal,BESSAH ARAUJO COSTA REIS SA,1
2025,5,normal,CARLOS AUGUSTO GOMES DE SOUZA,1
2025,5,normal,DOGIVAL VIDAL DOS REIS NETO,1
2025,5,normal,ELISANGELA MARIA DOS SANTOS MO,1
2025,5,normal,EVALDO GOMES DA SILVA,1
2025,5,normal,FABIO HENRIQUE MENDONCA XAVIER,1
2025,5,normal,FABIO NUNEZ NOVO,1
2025,5,normal,FELIPE DE SOUZA R SAMPAIO,1
2025,5,normal,FIRMINO SOARES PAULO,1
2025,5,normal,FLAVIO R NOGUEIRA JUNIOR,1
2025,5,normal,FRANCISCO DAS CHAGAS LIMMA,1
2025,5,normal,FRANCISCO JOSE ALVES DA SILVA,1
2025,5,normal,GEORGIANO FERNANDES LIMA NETO,1
2025,5,normal,GESSIVALDO ISAIAS DE C SILVA,1
2025,5,normal,GIL CARLOS MODESTO ALVES,1
2025,5,normal,GUSTAVO S DE NEIVA,1
2025,5,normal,HELIO ISAIAS DA SILVA,1
2025,5,normal,HELIO RODRIGUES ALVES,1
2025,5,normal,JANAINA PINTO MARQUES,0
2025,5,normal,JANAINNA PINTO MARQUES TAVARES,1
2025,5,normal,JEOVA BARBOSA DE CARVALHO ALENCAR,0
2025,5,normal,JOAO MADISON NOGUEIRA,1
2025,5,normal,JOSE HELIO DE CARVALHO OLIVEIR,1
2025,5,normal,JOSE ICEMAR LAVOR NERI,1
2025,5,normal,LUIZ HENRIQUE SOUSA DE CARVALH,1
2025,5,normal,MARCUS VINICIUS M KALUME,1
2025,5,normal,MARDEN LUIS B C E MENESES,1
2025,5,normal,MARIA DA GRACAS DE M S NUNES,1
2025,5,normal,MIGUEL BORGES DE OLIVEIRA NETO,1
2025,5,normal,PABLO DANTAS DE MOURA SANTOS,0
2025,5,normal,RUBENS DE SOUSA VIEIRA,1
2025,5,normal,SEVERO MARIA EULALIO NETO,1
2025,5,normal,SIMONE PEREIRA DE FARIAS ARAUJ,1
2025,5,normal,THALES COELHO PIMENTEL,1
2025,5,normal,TIAGO MENDES VASCONCELOS,1
2025,5,normal,VANESSA ANGELINE TAPETY,0
2025,5,normal,VINICIUS PONTES DO NASCIMENTO,1
2025,5,normal,WARTON MATIAS LACERDA E OLIVEI,1
2025,5,normal,WILSON NUNES BRANDAO,1
2025,6,normal,ALDO GIL DE MEDEIROS,1
2025,6,normal,ANA PAULA M DE ARAUJO,1
2025,6,normal,ANTONIO HENRIQUE DE CARVALHO P,1
2025,6,normal,BARBARA CARVALHO DA SILVEIRA S,1
2025,6,normal,BESSAH ARAUJO COSTA REIS SA,1
2025,6,normal,CARLOS AUGUSTO GOMES DE SOUZA,1
2025,6,normal,DOGIVAL VIDAL DOS REIS NETO,1
2025,6,normal,ELISANGELA MARIA DOS SANTOS MO,1
2025,6,normal,EVALDO GOMES DA SILVA,1
2025,6,normal,FABIO HENRIQUE MENDONCA XAVIER,1
2025,6,normal,FABIO NUNEZ NOVO,1
2025,6,normal,FELIPE DE SOUZA R SAMPAIO,1
2025,6,normal,FIRMINO SOARES PAULO,1
2025,6,normal,FLAVIO R NOGUEIRA JUNIOR,1
2025,6,normal,FRANCISCO DAS CHAGAS LIMMA,1
2025,6,normal,FRANCISCO JOSE ALVES DA SILVA,1
2025,6,normal,GEORGIANO FERNANDES LIMA NETO,1
2025,6,normal,GESSIVALDO ISAIAS DE C SILVA,1
2025,6,normal,GIL CARLOS MODESTO ALVES,1
2025,6,normal,GUSTAVO S DE NEIVA,1
2025,6,normal,HELIO ISAIAS DA SILVA,1
2025,6,normal,HELIO RODRIGUES ALVES,1
2025,6,normal,JANAINA PINTO MARQUES,0
2025,6,normal,JANAINNA PINTO MARQUES TAVARES,1
2025,6,normal,JEOVA BARBOSA DE CARVALHO ALENCAR,0
2025,6,normal,JOAO MADISON NOGUEIRA,1
2025,6,normal,JOSE HELIO DE CARVALHO OLIVEIR,1
2025,6,normal,JOSE ICEMAR LAVOR NERI,1
2025,6,normal,LUIZ HENRIQUE SOUSA DE CARVALH,1
2025,6,normal,MARCUS VINICIUS M KALUME,1
2025,6,normal,MARDEN LUIS B C E MENESES,1
2025,6,normal,MARIA DA GRACAS DE M S NUNES,1
2025,6,normal,MIGUEL BORGES DE OLIVEIRA NETO,1
2025,6,normal,PABLO DANTAS DE MOURA SANTOS,0
2025,6,normal,RUBENS DE SOUSA VIEIRA,1
2025,6,normal,SEVERO MARIA EULALIO NETO,1
2025,6,normal,SIMONE PEREIRA DE FARIAS ARAUJ,1
2025,6,normal,THALES COELHO PIMENTEL,1
2025,6,normal,TIAGO MENDES VASCONCELOS,1
2025,6,normal,VANESSA ANGELINE TAPETY,0
2025,6,normal,VINICIUS PONTES DO NASCIMENTO,1
2025,6,normal,WARTON MATIAS LACERDA E OLIVEI,1
2025,6,normal,WILSON NUNES BRANDAO,1
2025,7,normal,ALDO GIL DE MEDEIROS,1
2025,7,normal,ANA PAULA M DE ARAUJO,1
2025,7,normal,ANTONIO HENRIQUE DE CARVALHO P,1
2025,7,normal,BARBARA CARVALHO DA SILVEIRA S,1
2025,7,normal,BESSAH ARAUJO COSTA REIS SA,1
2025,7,normal,CARLOS AUGUSTO GOMES DE SOUZA,1
2025,7,normal,DOGIVAL VIDAL DOS REIS NETO,1
2025,7,normal,ELISANGELA MARIA DOS SANTOS MO,1
2025,7,normal,EVALDO GOMES DA SILVA,1
2025,7,normal,FABIO HENRIQUE MENDONCA XAVIER,1
2025,7,normal,FABIO NUNEZ NOVO,1
2025,7,normal,FELIPE DE SOUZA R SAMPAIO,1
2025,7,normal,FIRMINO SOARES PAULO,1
2025,7,normal,FLAVIO R NOGUEIRA JUNIOR,1
2025,7,normal,FRANCISCO DAS CHAGAS LIMMA,1
2025,7,normal,FRANCISCO JOSE ALVES DA SILVA,1
2025,7,normal,GEORGIANO FERNANDES LIMA NETO,1
2025,7,normal,GESSIVALDO ISAIAS DE C SILVA,1
2025,7,normal,GIL CARLOS MODESTO ALVES,1
2025,7,normal,GUSTAVO S DE NEIVA,1
2025,7,normal,HELIO ISAIAS DA SILVA,1
2025,7,normal,HELIO RODRIGUES ALVES,1
2025,7,normal,JANAINA PINTO MARQUES,0
2025,7,normal,JANAINNA PINTO MARQUES TAVARES,1
2025,7,normal,JEOVA BARBOSA DE CARVALHO ALENCAR,0
2025,7,normal,JOAO MADISON NOGUEIRA,1
2025,7,normal,JOSE HELIO DE CARVALHO OLIVEIR,1
2025,7,normal,JOSE ICEMAR LAVOR NERI,1
2025,7,normal,LUIZ HENRIQUE SOUSA DE CARVALH,1
2025,7,normal,MARCUS VINICIUS M KALUME,1
2025,7,normal,MARDEN LUIS B C E MENESES,1
2025,7,normal,MARIA DA GRACAS DE M S NUNES,1
2025,7,normal,MIGUEL BORGES DE OLIVEIRA NETO,1
2025,7,normal,PABLO DANTAS DE MOURA SANTOS,0
2025,7,normal,RUBENS DE SOUSA VIEIRA,1
2025,7,normal,SEVERO MARIA EULALIO NETO,1
2025,7,normal,SIMONE PEREIRA DE FARIAS ARAUJ,1
2025,7,normal,THALES COELHO PIMENTEL,1
2025,7,normal,TIAGO MENDES VASCONCELOS,1
2025,7,normal,VANESSA ANGELINE TAPETY,1
2025,7,normal,VINICIUS PONTES DO NASCIMENTO,1
2025,7,normal,WARTON MATIAS LACERDA E OLIVEI,1
2025,7,normal,WILSON NUNES BRANDAO,1
2025,8,normal,ALDO GIL DE MEDEIROS,1
2025,8,normal,ANA PAULA M DE ARAUJO,1
2025,8,normal,ANTONIO HENRIQUE DE CARVALHO P,1
2025,8,normal,BARBARA CARVALHO DA SILVEIRA S,1
2025,8,normal,BESSAH ARAUJO COSTA REIS SA,1
2025,8,normal,CARLOS AUGUSTO GOMES DE SOUZA,1
2025,8,normal,DOGIVAL VIDAL DOS REIS NETO,1
2025,8,normal,ELISANGELA MARIA DOS SANTOS MO,1
2025,8,normal,EVALDO GOMES DA SILVA,1
2025,8,normal,FABIO HENRIQUE MENDONCA XAVIER,1
2025,8,normal,FABIO NUNEZ NOVO,1
2025,8,normal,FELIPE DE SOUZA R SAMPAIO,1
2025,8,normal,FIRMINO SOARES PAULO,1
2025,8,normal,FLAVIO R NOGUEIRA JUNIOR,1
2025,8,normal,FRANCISCO DAS CHAGAS LIMMA,1
2025,8,normal,FRANCISCO JOSE ALVES DA SILVA,1
2025,8,normal,GEORGIANO FERNANDES LIMA NETO,0
2025,8,normal,GESSIVALDO ISAIAS DE C SILVA,1
2025,8,normal,GIL CARLOS MODESTO ALVES,1
2025,8,normal,GUSTAVO S DE NEIVA,1
2025,8,normal,HELIO ISAIAS DA SILVA,1
2025,8,normal,HELIO RODRIGUES ALVES,1
2025,8,normal,JANAINA PINTO MARQUES,0
2025,8,normal,JANAINNA PINTO MARQUES TAVARES,1
2025,8,normal,JEOVA BARBOSA DE CARVALHO ALENCAR,0
2025,8,normal,JOAO MADISON NOGUEIRA,1
2025,8,normal,JOSE HELIO DE CARVALHO OLIVEIR,1
2025,8,normal,JOSE ICEMAR LAVOR NERI,1
2025,8,normal,LUIZ HENRIQUE SOUSA DE CARVALH,1
2025,8,normal,MARCUS VINICIUS M KALUME,1
2025,8,normal,MARDEN LUIS B C E MENESES,1
2025,8,normal,MARIA DA GRACAS DE M S NUNES,1
2025,8,normal,MIGUEL BORGES DE OLIVEIRA NETO,1
2025,8,normal,PABLO DANTAS DE MOURA SANTOS,0
2025,8,normal,RUBENS DE SOUSA VIEIRA,1
2025,8,normal,SEVERO MARIA EULALIO NETO,1
2025,8,normal,SIMONE PEREIRA DE FARIAS ARAUJ,1
2025,8,normal,THALES COELHO PIMENTEL,1
2025,8,normal,TIAGO MENDES VASCONCELOS,1
2025,8,normal,VANESSA ANGELINE TAPETY,1
2025,8,normal,VINICIUS PONTES DO NASCIMENTO,1
2025,8,normal,WARTON MATIAS LACERDA E OLIVEI,1
2025,8,normal,WILSON NUNES BRANDAO,1
2025,9,normal,ALDO GIL DE MEDEIROS,1
2025,9,normal,ANA PAULA M DE ARAUJO,1
2025,9,normal,ANTONIO HENRIQUE DE CARVALHO P,1
2025,9,normal,BARBARA CARVALHO DA SILVEIRA S,1
2025,9,normal,BESSAH ARAUJO COSTA REIS SA,1
2025,9,normal,CARLOS AUGUSTO GOMES DE SOUZA,1
2025,9,normal,DOGIVAL VIDAL DOS REIS NETO,1
2025,9,normal,ELISANGELA MARIA DOS SANTOS MO,1
2025,9,normal,EVALDO GOMES DA SILVA,1
2025,9,normal,FABIO HENRIQUE MENDONCA XAVIER,1
2025,9,normal,FABIO NUNEZ NOVO,1
2025,9,normal,FELIPE DE SOUZA R SAMPAIO,1
2025,9,normal,FIRMINO SOARES PAULO,1
2025,9,normal,FLAVIO R NOGUEIRA JUNIOR,1
2025,9,normal,FRANCISCO DAS CHAGAS LIMMA,1
2025,9,normal,FRANCISCO JOSE ALVES DA SILVA,1
2025,9,normal,GEORGIANO FERNANDES LIMA NETO,0
2025,9,normal,GESSIVALDO ISAIAS DE C SILVA,1
2025,9,normal,GIL CARLOS MODESTO ALVES,1
2025,9,normal,GUSTAVO S DE NEIVA,1
2025,9,normal,HELIO ISAIAS DA SILVA,1
2025,9,normal,HELIO RODRIGUES ALVES,1
2025,9,normal,JANAINA PINTO MARQUES,0
2025,9,normal,JANAINNA PINTO MARQUES TAVARES,1
2025,9,normal,JEOVA BARBOSA DE CARVALHO ALENCAR,0
2025,9,normal,JOAO MADISON NOGUEIRA,1
2025,9,normal,JOSE HELIO DE CARVALHO OLIVEIR,1
2025,9,normal,JOSE ICEMAR LAVOR NERI,1
2025,9,normal,LUIZ HENRIQUE SOUSA DE CARVALH,1
2025,9,normal,MARCUS VINICIUS M KALUME,1
2025,9,normal,MARDEN LUIS B C E MENESES,1
2025,9,normal,MARIA DA GRACAS DE M S NUNES,1
2025,9,normal,MIGUEL BORGES DE OLIVEIRA NETO,1
2025,9,normal,PABLO DANTAS DE MOURA SANTOS,0
2025,9,normal,RUBENS DE SOUSA VIEIRA,1
2025,9,normal,SEVERO MARIA EULALIO NETO,1
2025,9,normal,SIMONE PEREIRA DE FARIAS ARAUJ,1
2025,9,normal,THALES COELHO PIMENTEL,1
2025,9,normal,TIAGO MENDES VASCONCELOS,1
2025,9,normal,VANESSA ANGELINE TAPETY,1
2025,9,normal,VINICIUS PONTES DO NASCIMENTO,1
2025,9,normal,WARTON MATIAS LACERDA E OLIVEI,1
2025,9,normal,WILSON NUNES BRANDAO,1
2025,10,normal,ALDO GIL DE MEDEIROS,1
2025,10,normal,ANA PAULA M DE ARAUJO,1
2025,10,normal,ANTONIO HENRIQUE DE CARVALHO P,1
2025,10,normal,BARBARA CARVALHO DA SILVEIRA S,1
2025,10,normal,BESSAH ARAUJO COSTA REIS SA,1
2025,10,normal,CARLOS AUGUSTO GOMES DE SOUZA,1
2025,10,normal,DOGIVAL VIDAL DOS REIS NETO,1
2025,10,normal,ELISANGELA MARIA DOS SANTOS MO,1
2025,10,normal,EVALDO GOMES DA SILVA,1
2025,10,normal,FABIO HENRIQUE MENDONCA XAVIER,1
2025,10,normal,FABIO NUNEZ NOVO,1
2025,10,normal,FELIPE DE SOUZA R SAMPAIO,1
2025,10,normal,FIRMINO SOARES PAULO,1
2025,10,normal,FLAVIO R NOGUEIRA JUNIOR,1
2025,10,normal,FRANCISCO DAS CHAGAS LIMMA,1
2025,10,normal,FRANCISCO JOSE ALVES DA SILVA,1
2025,10,normal,GEORGIANO FERNANDES LIMA NETO,0
2025,10,normal,GESSIVALDO ISAIAS DE C SILVA,1
2025,10,normal,GIL CARLOS MODESTO ALVES,1
2025,10,normal,GUSTAVO S DE NEIVA,1
2025,10,normal,HELIO ISAIAS DA SILVA,1
2025,10,normal,HELIO RODRIGUES ALVES,1
2025,10,normal,JANAINA PINTO MARQUES,0
2025,10,normal,JANAINNA PINTO MARQUES TAVARES,1
2025,10,normal,JEOVA BARBOSA DE CARVALHO ALENCAR,0
2025,10,normal,JOAO MADISON NOGUEIRA,1
2025,10,normal,JOSE HELIO DE CARVALHO OLIVEIR,1
2025,10,normal,JOSE ICEMAR LAVOR NERI,1
2025,10,normal,LUIZ HENRIQUE SOUSA DE CARVALH,1
2025,10,normal,MARCUS VINICIUS M KALUME,1
2025,10,normal,MARDEN LUIS B C E MENESES,1
2025,10,normal,MARIA DA GRACAS DE M S NUNES,1
2025,10,normal,MIGUEL BORGES DE OLIVEIRA NETO,1
2025,10,normal,PABLO DANTAS DE MOURA SANTOS,0
2025,10,normal,RUBENS DE SOUSA VIEIRA,1
2025,10,normal,SEVERO MARIA EULALIO NETO,1
2025,10,normal,SIMONE PEREIRA DE FARIAS ARAUJ,1
2025,10,normal,THALES COELHO PIMENTEL,1
2025,10,normal,TIAGO MENDES VASCONCELOS,1
2025,10,normal,VANESSA ANGELINE TAPETY,1
2025,10,normal,VINICIUS PONTES DO NASCIMENTO,1
2025,10,normal,WARTON MATIAS LACERDA E OLIVEI,1
2025,10,normal,WILSON NUNES BRANDAO,1
2025,11,normal,ALDO GIL DE MEDEIROS,1
2025,11,normal,ANA PAULA M DE ARAUJO,1
2025,11,normal,ANTONIO HENRIQUE DE CARVALHO P,1
2025,11,normal,BARBARA CARVALHO DA SILVEIRA S,1
2025,11,normal,BESSAH ARAUJO COSTA REIS SA,1
2025,11,normal,CARLOS AUGUSTO GOMES DE SOUZA,1
2025,11,normal,DOGIVAL VIDAL DOS REIS NETO,1
2025,11,normal,ELISANGELA MARIA DOS SANTOS MO,1
2025,11,normal,EVALDO GOMES DA SILVA,1
2025,11,normal,FABIO HENRIQUE MENDONCA XAVIER,1
2025,11,normal,FABIO NUNEZ NOVO,1
2025,11,normal,FELIPE DE SOUZA R SAMPAIO,1
2025,11,normal,FIRMINO SOARES PAULO,1
2025,11,normal,FLAVIO R NOGUEIRA JUNIOR,1
2025,11,normal,FRANCISCO DAS CHAGAS LIMMA,1
2025,11,normal,FRANCISCO JOSE ALVES DA SILVA,1
2025,11,normal,GEORGIANO FERNANDES LIMA NETO,1
2025,11,normal,GESSIVALDO ISAIAS DE C SILVA,1
2025,11,normal,GIL CARLOS MODESTO ALVES,1
2025,11,normal,GUSTAVO S DE NEIVA,1
2025,11,normal,HELIO ISAIAS DA SILVA,1
2025,11,normal,HELIO RODRIGUES ALVES,1
2025,11,normal,JANAINA PINTO MARQUES,0
2025,11,normal,JANAINNA PINTO MARQUES TAVARES,1
2025,11,normal,JEOVA BARBOSA DE CARVALHO ALENCAR,0
2025,11,normal,JOAO MADISON NOGUEIRA,1
2025,11,normal,JOSE HELIO DE CARVALHO OLIVEIR,1
2025,11,normal,JOSE ICEMAR LAVOR NERI,1
2025,11,normal,LUIZ HENRIQUE SOUSA DE CARVALH,1
2025,11,normal,MARCUS VINICIUS M KALUME,1
2025,11,normal,MARDEN LUIS B C E MENESES,1
2025,11,normal,MARIA DA GRACAS DE M S NUNES,1
2025,11,normal,MIGUEL BORGES DE OLIVEIRA NETO,1
2025,11,normal,PABLO DANTAS DE MOURA SANTOS,0
2025,11,normal,RUBENS DE SOUSA VIEIRA,1
2025,11,normal,SEVERO MARIA EULALIO NETO,1
2025,11,normal,SIMONE PEREIRA DE FARIAS ARAUJ,1
2025,11,normal,THALES COELHO PIMENTEL,1
2025,11,normal,TIAGO MENDES VASCONCELOS,1
2025,11,normal,VANESSA ANGELINE TAPETY,0
2025,11,normal,VINICIUS PONTES DO NASCIMENTO,1
2025,11,normal,WARTON MATIAS LACERDA E OLIVEI,1
2025,11,normal,WILSON NUNES BRANDAO,1
2025,12,13,ALDO GIL DE MEDEIROS,1
2025,12,13,ANA PAULA M DE ARAUJO,1
2025,12,13,ANTONIO HENRIQUE DE CARVALHO P,1
2025,12,13,BARBARA CARVALHO DA SILVEIRA S,1
2025,12,13,BESSAH ARAUJO COSTA REIS SA,0
2025,12,13,CARLOS AUGUSTO GOMES DE SOUZA,1
2025,12,13,DOGIVAL VIDAL DOS REIS NETO,0
2025,12,13,ELISANGELA MARIA DOS SANTOS MO,1
2025,12,13,EVALDO GOMES DA SILVA,1
2025,12,13,FABIO HENRIQUE MENDONCA XAVIER,1
2025,12,13,FABIO NUNEZ NOVO,1
2025,12,13,FELIPE DE SOUZA R SAMPAIO,1
2025,12,13,FIRMINO SOARES PAULO,1
2025,12,13,FLAVIO R NOGUEIRA JUNIOR,1
2025,12,13,FRANCISCO DAS CHAGAS LIMMA,1
2025,12,13,FRANCISCO JOSE ALVES DA SILVA,1
2025,12,13,GEORGIANO FERNANDES LIMA NETO,1
2025,12,13,GESSIVALDO ISAIAS DE C SILVA,1
2025,12,13,GIL CARLOS MODESTO ALVES,1
2025,12,13,GUSTAVO S DE NEIVA,1
2025,12,13,HELIO ISAIAS DA SILVA,1
2025,12,13,HELIO RODRIGUES ALVES,1
2025,12,13,JANAINA PINTO MARQUES,0
2025,12,13,JANAINNA PINTO MARQUES TAVARES,1
2025,12,13,JEOVA BARBOSA DE CARVALHO ALENCAR,0
2025,12,13,JOAO MADISON NOGUEIRA,1
2025,12,13,JOSE HELIO DE CARVALHO OLIVEIR,1
2025,12,13,JOSE ICEMAR LAVOR NERI,1
2025,12,13,LUIZ HENRIQUE SOUSA DE CARVALH,1
2025,12,13,MARCUS VINICIUS M KALUME,1
2025,12,13,MARDEN LUIS B C E MENESES,1
2025,12,13,MARIA DA GRACAS DE M S NUNES,1
2025,12,13,MIGUEL BORGES DE OLIVEIRA NETO,1
2025,12,13,PABLO DANTAS DE MOURA SANTOS,0
2025,12,13,RUBENS DE SOUSA VIEIRA,1
2025,12,13,SEVERO MARIA EULALIO NETO,1
2025,12,13,SIMONE PEREIRA DE FARIAS ARAUJ,1
2025,12,13,THALES COELHO PIMENTEL,1
2025,12,13,TIAGO MENDES VASCONCELOS,1
2025,12,13,VANESSA ANGELINE TAPETY,0
2025,12,13,VINICIUS PONTES DO NASCIMENTO,1
2025,12,13,WARTON MATIAS LACERDA E OLIVEI,1
2025,12,13,WILSON NUNES BRANDAO,1
2025,12,normal,ALDO GIL DE MEDEIROS,1
2025,12,normal,ANA PAULA M DE ARAUJO,1
2025,12,normal,ANTONIO HENRIQUE DE CARVALHO P,1
2025,12,normal,BARBARA CARVALHO DA SILVEIRA S,1
2025,12,normal,BESSAH ARAUJO COSTA REIS SA,0
2025,12,normal,CARLOS AUGUSTO GOMES DE SOUZA,1
2025,12,normal,DOGIVAL VIDAL DOS REIS NETO,0
2025,12,normal,ELISANGELA MARIA DOS SANTOS MO,1
2025,12,normal,EVALDO GOMES DA SILVA,1
2025,12,normal,FABIO HENRIQUE MENDONCA XAVIER,1
2025,12,normal,FABIO NUNEZ NOVO,1
2025,12,normal,FELIPE DE SOUZA R SAMPAIO,1
2025,12,normal,FIRMINO SOARES PAULO,1
2025,12,normal,FLAVIO R NOGUEIRA JUNIOR,1
2025,12,normal,FRANCISCO DAS CHAGAS LIMMA,1
2025,12,normal,FRANCISCO JOSE ALVES DA SILVA,1
2025,12,normal,GEORGIANO FERNANDES LIMA NETO,1
2025,12,normal,GESSIVALDO ISAIAS DE C SILVA,1
2025,12,normal,GIL CARLOS MODESTO ALVES,1
2025,12,normal,GUSTAVO S DE NEIVA,1
2025,12,normal,HELIO ISAIAS DA SILVA,1
2025,12,normal,HELIO RODRIGUES ALVES,1
2025,12,normal,JANAINA PINTO MARQUES,0
2025,12,normal,JANAINNA PINTO MARQUES TAVARES,1
2025,12,normal,JEOVA BARBOSA DE CARVALHO ALENCAR,0
2025,12,normal,JOAO MADISON NOGUEIRA,1
2025,12,normal,JOSE HELIO DE CARVALHO OLIVEIR,1
2025,12,normal,JOSE ICEMAR LAVOR NERI,1
2025,12,normal,LUIZ HENRIQUE SOUSA DE CARVALH,1
2025,12,normal,MARCUS VINICIUS M KALUME,1
2025,12,normal,MARDEN LUIS B C E MENESES,1
2025,12,normal,MARIA DA GRACAS DE M S NUNES,1
2025,12,normal,MIGUEL BORGES DE OLIVEIRA NETO,1
2025,12,normal,PABLO DANTAS DE MOURA SANTOS,0
2025,12,normal,RUBENS DE SOUSA VIEIRA,1
2025,12,normal,SEVERO MARIA EULALIO NETO,1
2025,12,normal,SIMONE PEREIRA DE FARIAS ARAUJ,1
2025,12,normal,THALES COELHO PIMENTEL,1
2025,12,normal,TIAGO MENDES VASCONCELOS,1
2025,12,normal,VANESSA ANGELINE TAPETY,0
2025,12,normal,VINICIUS PONTES DO NASCIMENTO,1
2025,12,normal,WARTON MATIAS LACERDA E OLIVEI,1
2025,12,normal,WILSON NUNES BRANDAO,1
2026,1,normal,ALDO GIL DE MEDEIROS,1
2026,1,normal,ANA PAULA M DE ARAUJO,1
2026,1,normal,ANTONIO HENRIQUE DE CARVALHO P,1
2026,1,normal,BARBARA CARVALHO DA SILVEIRA S,1
2026,1,normal,BESSAH ARAUJO COSTA REIS SA,0
2026,1,normal,CARLOS AUGUSTO GOMES DE SOUZA,1
2026,1,normal,DOGIVAL VIDAL DOS REIS NETO,0
2026,1,normal,ELISANGELA MARIA DOS SANTOS MO,1
2026,1,normal,EVALDO GOMES DA SILVA,1
2026,1,normal,FABIO HENRIQUE MENDONCA XAVIER,1
2026,1,normal,FABIO NUNEZ NOVO,1
2026,1,normal,FELIPE DE SOUZA R SAMPAIO,1
2026,1,normal,FIRMINO SOARES PAULO,1
2026,1,normal,FLAVIO R NOGUEIRA JUNIOR,1
2026,1,normal,FRANCISCO DAS CHAGAS LIMMA,1
2026,1,normal,FRANCISCO JOSE ALVES DA SILVA,1
2026,1,normal,GEORGIANO FERNANDES LIMA NETO,1
2026,1,normal,GESSIVALDO ISAIAS DE C SILVA,1
2026,1,normal,GIL CARLOS MODESTO ALVES,1
2026,1,normal,GUSTAVO S DE NEIVA,1
2026,1,normal,HELIO ISAIAS DA SILVA,1
2026,1,normal,HELIO RODRIGUES ALVES,1
2026,1,normal,JANAINA PINTO MARQUES,0
2026,1,normal,JANAINNA PINTO MARQUES TAVARES,1
2026,1,normal,JEOVA BARBOSA DE CARVALHO ALENCAR,0
2026,1,normal,JOAO MADISON NOGUEIRA,1
2026,1,normal,JOSE HELIO DE CARVALHO OLIVEIR,1
2026,1,normal,JOSE ICEMAR LAVOR NERI,1
2026,1,normal,LUIZ HENRIQUE SOUSA DE CARVALH,1
2026,1,normal,MARCUS VINICIUS M KALUME,1
2026,1,normal,MARDEN LUIS B C E MENESES,1
2026,1,normal,MARIA DA GRACAS DE M S NUNES,1
2026,1,normal,MIGUEL BORGES DE OLIVEIRA NETO,1
2026,1,normal,PABLO DANTAS DE MOURA SANTOS,0
2026,1,normal,RUBENS DE SOUSA VIEIRA,1
2026,1,normal,SEVERO MARIA EULALIO NETO,1
2026,1,normal,SIMONE PEREIRA DE FARIAS ARAUJ,1
2026,1,normal,THALES COELHO PIMENTEL,1
2026,1,normal,TIAGO MENDES VASCONCELOS,1
2026,1,normal,VANESSA ANGELINE TAPETY,0
2026,1,normal,VINICIUS PONTES DO NASCIMENTO,1
2026,1,normal,WARTON MATIAS LACERDA E OLIVEI,1
2026,1,normal,WILSON NUNES BRANDAO,1
2026,2,normal,ALDO GIL DE MEDEIROS,1
2026,2,normal,ANA PAULA M DE ARAUJO,1
2026,2,normal,ANTONIO HENRIQUE DE CARVALHO P,1
2026,2,normal,BARBARA CARVALHO DA SILVEIRA S,1
2026,2,normal,BESSAH ARAUJO COSTA REIS SA,1
2026,2,normal,CARLOS AUGUSTO GOMES DE SOUZA,1
2026,2,normal,DOGIVAL VIDAL DOS REIS NETO,1
2026,2,normal,ELISANGELA MARIA DOS SANTOS MO,1
2026,2,normal,EVALDO GOMES DA SILVA,1
2026,2,normal,FABIO HENRIQUE MENDONCA XAVIER,1
2026,2,normal,FABIO NUNEZ NOVO,1
2026,2,normal,FELIPE DE SOUZA R SAMPAIO,1
2026,2,normal,FIRMINO SOARES PAULO,1
2026,2,normal,FLAVIO R NOGUEIRA JUNIOR,1
2026,2,normal,FRANCISCO DAS CHAGAS LIMMA,1
2026,2,normal,FRANCISCO JOSE ALVES DA SILVA,1
2026,2,normal,GEORGIANO FERNANDES LIMA NETO,1
2026,2,normal,GESSIVALDO ISAIAS DE C SILVA,1
2026,2,normal,GIL CARLOS MODESTO ALVES,1
2026,2,normal,GUSTAVO S DE NEIVA,1
2026,2,normal,HELIO ISAIAS DA SILVA,1
2026,2,normal,HELIO RODRIGUES ALVES,1
2026,2,normal,JANAINA PINTO MARQUES,0
2026,2,normal,JANAINNA PINTO MARQUES TAVARES,1
2026,2,normal,JEOVA BARBOSA DE CARVALHO ALENCAR,0
2026,2,normal,JOAO MADISON NOGUEIRA,1
2026,2,normal,JOSE HELIO DE CARVALHO OLIVEIR,1
2026,2,normal,JOSE ICEMAR LAVOR NERI,1
2026,2,normal,LUIZ HENRIQUE SOUSA DE CARVALH,1
2026,2,normal,MARCUS VINICIUS M KALUME,1
2026,2,normal,MARDEN LUIS B C E MENESES,1
2026,2,normal,MARIA DA GRACAS DE M S NUNES,1
2026,2,normal,MIGUEL BORGES DE OLIVEIRA NETO,1
2026,2,normal,PABLO DANTAS DE MOURA SANTOS,0
2026,2,normal,RUBENS DE SOUSA VIEIRA,1
2026,2,normal,SEVERO MARIA EULALIO NETO,1
2026,2,normal,SIMONE PEREIRA DE FARIAS ARAUJ,1
2026,2,normal,THALES COELHO PIMENTEL,1
2026,2,normal,TIAGO MENDES VASCONCELOS,1
2026,2,normal,VANESSA ANGELINE TAPETY,0
2026,2,normal,VINICIUS PONTES DO NASCIMENTO,1
2026,2,normal,WARTON MATIAS LACERDA E OLIVEI,1
2026,2,normal,WILSON NUNES BRANDAO,1
2026,3,normal,ALDO GIL DE MEDEIROS,1
2026,3,normal,ANA PAULA M DE ARAUJO,1
2026,3,normal,ANTONIO HENRIQUE DE CARVALHO P,1
2026,3,normal,BARBARA CARVALHO DA SILVEIRA S,1
2026,3,normal,BESSAH ARAUJO COSTA REIS SA,1
2026,3,normal,CARLOS AUGUSTO GOMES DE SOUZA,1
2026,3,normal,DOGIVAL VIDAL DOS REIS NETO,1
2026,3,normal,ELISANGELA MARIA DOS SANTOS MO,1
2026,3,normal,EVALDO GOMES DA SILVA,1
2026,3,normal,FABIO HENRIQUE MENDONCA XAVIER,1
2026,3,normal,FABIO NUNEZ NOVO,1
2026,3,normal,FELIPE DE SOUZA R SAMPAIO,1
2026,3,normal,FIRMINO SOARES PAULO,1
2026,3,normal,FLAVIO R NOGUEIRA JUNIOR,1
2026,3,normal,FRANCISCO DAS CHAGAS LIMMA,1
2026,3,normal,FRANCISCO JOSE ALVES DA SILVA,1
2026,3,normal,GEORGIANO FERNANDES LIMA NETO,1
2026,3,normal,GESSIVALDO ISAIAS DE C SILVA,1
2026,3,normal,GIL CARLOS MODESTO ALVES,1
2026,3,normal,GUSTAVO S DE NEIVA,1
2026,3,normal,HELIO ISAIAS DA SILVA,1
2026,3,normal,HELIO RODRIGUES ALVES,1
2026,3,normal,JANAINA PINTO MARQUES,0
2026,3,normal,JANAINNA PINTO MARQUES TAVARES,1
2026,3,normal,JEOVA BARBOSA DE CARVALHO ALENCAR,0
2026,3,normal,JOAO MADISON NOGUEIRA,1
2026,3,normal,JOSE HELIO DE CARVALHO OLIVEIR,1
2026,3,normal,JOSE ICEMAR LAVOR NERI,1
2026,3,normal,LUIZ HENRIQUE SOUSA DE CARVALH,1
2026,3,normal,MARCUS VINICIUS M KALUME,1
2026,3,normal,MARDEN LUIS B C E MENESES,1
2026,3,normal,MARIA DA GRACAS DE M S NUNES,1
2026,3,normal,MIGUEL BORGES DE OLIVEIRA NETO,1
2026,3,normal,PABLO DANTAS DE MOURA SANTOS,0
2026,3,normal,RUBENS DE SOUSA VIEIRA,1
2026,3,normal,SEVERO MARIA EULALIO NETO,1
2026,3,normal,SIMONE PEREIRA DE FARIAS ARAUJ,1
2026,3,normal,THALES COELHO PIMENTEL,1
2026,3,normal,TIAGO MENDES VASCONCELOS,1
2026,3,normal,VANESSA ANGELINE TAPETY,0
2026,3,normal,VINICIUS PONTES DO NASCIMENTO,1
2026,3,normal,WARTON MATIAS LACERDA E OLIVEI,1
2026,3,normal,WILSON NUNES BRANDAO,1
2026,4,normal,ALDO GIL DE MEDEIROS,1
2026,4,normal,ANA PAULA M DE ARAUJO,1
2026,4,normal,ANTONIO HENRIQUE DE CARVALHO P,1
2026,4,normal,BARBARA CARVALHO DA SILVEIRA S,1
2026,4,normal,BESSAH ARAUJO COSTA REIS SA,0
2026,4,normal,CARLOS AUGUSTO GOMES DE SOUZA,1
2026,4,normal,DOGIVAL VIDAL DOS REIS NETO,0
2026,4,normal,ELISANGELA MARIA DOS SANTOS MO,0
2026,4,normal,EVALDO GOMES DA SILVA,1
2026,4,normal,FABIO HENRIQUE MENDONCA XAVIER,1
2026,4,normal,FABIO NUNEZ NOVO,1
2026,4,normal,FELIPE DE SOUZA R SAMPAIO,1
2026,4,normal,FIRMINO SOARES PAULO,1
2026,4,normal,FLAVIO R NOGUEIRA JUNIOR,1
2026,4,normal,FRANCISCO DAS CHAGAS LIMMA,1
2026,4,normal,FRANCISCO JOSE ALVES DA SILVA,1
2026,4,normal,GEORGIANO FERNANDES LIMA NETO,1
2026,4,normal,GESSIVALDO ISAIAS DE C SILVA,1
2026,4,normal,GIL CARLOS MODESTO ALVES,1
2026,4,normal,GUSTAVO S DE NEIVA,1
2026,4,normal,HELIO ISAIAS DA SILVA,1
2026,4,normal,HELIO RODRIGUES ALVES,0
2026,4,normal,JANAINA PINTO MARQUES,0
2026,4,normal,JANAINNA PINTO MARQUES TAVARES,1
2026,4,normal,JEOVA BARBOSA DE CARVALHO ALENCAR,0
2026,4,normal,JOAO MADISON NOGUEIRA,1
2026,4,normal,JOSE HELIO DE CARVALHO OLIVEIR,1
2026,4,normal,JOSE ICEMAR LAVOR NERI,1
2026,4,normal,LUIZ HENRIQUE SOUSA DE CARVALH,1
2026,4,normal,MARCUS VINICIUS M KALUME,1
2026,4,normal,MARDEN LUIS B C E MENESES,1
2026,4,normal,MARIA DA GRACAS DE M S NUNES,1
2026,4,normal,MIGUEL BORGES DE OLIVEIRA NETO,0
2026,4,normal,PABLO DANTAS DE MOURA SANTOS,0
2026,4,normal,RUBENS DE SOUSA VIEIRA,1
2026,4,normal,SEVERO MARIA EULALIO NETO,1
2026,4,normal,SIMONE PEREIRA DE FARIAS ARAUJ,1
2026,4,normal,THALES COELHO PIMENTEL,1
2026,4,normal,TIAGO MENDES VASCONCELOS,0
2026,4,normal,VANESSA ANGELINE TAPETY,0
2026,4,normal,VINICIUS PONTES DO NASCIMENTO,1
2026,4,normal,WARTON MATIAS LACERDA E OLIVEI,0
2026,4,normal,WILSON NUNES BRANDAO,1
2026,5,normal,ALDO GIL DE MEDEIROS,1
2026,5,normal,ANA PAULA M DE ARAUJO,0
2026,5,normal,ANTONIO HENRIQUE DE CARVALHO P,1
2026,5,normal,BARBARA CARVALHO DA SILVEIRA S,1
2026,5,normal,BESSAH ARAUJO COSTA REIS SA,0
2026,5,normal,CARLOS AUGUSTO GOMES DE SOUZA,1
2026,5,normal,DOGIVAL VIDAL DOS REIS NETO,0
2026,5,normal,ELISANGELA MARIA DOS SANTOS MO,0
2026,5,normal,EVALDO GOMES DA SILVA,1
2026,5,normal,FABIO HENRIQUE MENDONCA XAVIER,1
2026,5,normal,FABIO NUNEZ NOVO,1
2026,5,normal,FELIPE DE SOUZA R SAMPAIO,0
2026,5,normal,FIRMINO SOARES PAULO,1
2026,5,normal,FLAVIO R NOGUEIRA JUNIOR,1
2026,5,normal,FRANCISCO DAS CHAGAS LIMMA,1
2026,5,normal,FRANCISCO JOSE ALVES DA SILVA,1
2026,5,normal,GEORGIANO FERNANDES LIMA NETO,1
2026,5,normal,GESSIVALDO ISAIAS DE C SILVA,1
2026,5,normal,GIL CARLOS MODESTO ALVES,1
2026,5,normal,GUSTAVO S DE NEIVA,1
2026,5,normal,HELIO ISAIAS DA SILVA,1
2026,5,normal,HELIO RODRIGUES ALVES,0
2026,5,normal,JANAINA PINTO MARQUES,0
2026,5,normal,JANAINNA PINTO MARQUES TAVARES,1
2026,5,normal,JEOVA BARBOSA DE CARVALHO ALENCAR,0
2026,5,normal,JOAO MADISON NOGUEIRA,1
2026,5,normal,JOSE HELIO DE CARVALHO OLIVEIR,1
2026,5,normal,JOSE ICEMAR LAVOR NERI,1
2026,5,normal,LUIZ HENRIQUE SOUSA DE CARVALH,1
2026,5,normal,MARCUS VINICIUS M KALUME,0
2026,5,normal,MARDEN LUIS B C E MENESES,1
2026,5,normal,MARIA DA GRACAS DE M S NUNES,1
2026,5,normal,MIGUEL BORGES DE OLIVEIRA NETO,0
2026,5,normal,PABLO DANTAS DE MOURA SANTOS,0
2026,5,normal,RUBENS DE SOUSA VIEIRA,1
2026,5,normal,SEVERO MARIA EULALIO NETO,1
2026,5,normal,SIMONE PEREIRA DE FARIAS ARAUJ,1
2026,5,normal,THALES COELHO PIMENTEL,1
2026,5,normal,TIAGO MENDES VASCONCELOS,0
2026,5,normal,VANESSA ANGELINE TAPETY,0
2026,5,normal,VINICIUS PONTES DO NASCIMENTO,1
2026,5,normal,WARTON MATIAS LACERDA E OLIVEI,0
2026,5,normal,WILSON NUNES BRANDAO,1
2026,6,normal,ALDO GIL DE MEDEIROS,1
2026,6,normal,ANA PAULA M DE ARAUJO,0
2026,6,normal,ANTONIO HENRIQUE DE CARVALHO P,1
2026,6,normal,BARBARA CARVALHO DA SILVEIRA S,1
2026,6,normal,BESSAH ARAUJO COSTA REIS SA,0
2026,6,normal,CARLOS AUGUSTO GOMES DE SOUZA,1
2026,6,normal,DOGIVAL VIDAL DOS REIS NETO,0
2026,6,normal,ELISANGELA MARIA DOS SANTOS MO,0
2026,6,normal,EVALDO GOMES DA SILVA,1
2026,6,normal,FABIO HENRIQUE MENDONCA XAVIER,1
2026,6,normal,FABIO NUNEZ NOVO,1
2026,6,normal,FELIPE DE SOUZA R SAMPAIO,0
2026,6,normal,FIRMINO SOARES PAULO,1
2026,6,normal,FLAVIO R NOGUEIRA JUNIOR,1
2026,6,normal,FRANCISCO DAS CHAGAS LIMMA,1
2026,6,normal,FRANCISCO JOSE ALVES DA SILVA,1
2026,6,normal,GEORGIANO FERNANDES LIMA NETO,1
2026,6,normal,GESSIVALDO ISAIAS DE C SILVA,1
2026,6,normal,GIL CARLOS MODESTO ALVES,1
2026,6,normal,GUSTAVO S DE NEIVA,1
2026,6,normal,HELIO ISAIAS DA SILVA,1
2026,6,normal,HELIO RODRIGUES ALVES,0
2026,6,normal,JANAINA PINTO MARQUES,0
2026,6,normal,JANAINNA PINTO MARQUES TAVARES,1
2026,6,normal,JEOVA BARBOSA DE CARVALHO ALENCAR,0
2026,6,normal,JOAO MADISON NOGUEIRA,1
2026,6,normal,JOSE HELIO DE CARVALHO OLIVEIR,1
2026,6,normal,JOSE ICEMAR LAVOR NERI,1
2026,6,normal,LUIZ HENRIQUE SOUSA DE CARVALH,1
2026,6,normal,MARCUS VINICIUS M KALUME,0
2026,6,normal,MARDEN LUIS B C E MENESES,1
2026,6,normal,MARIA DA GRACAS DE M S NUNES,1
2026,6,normal,MIGUEL BORGES DE OLIVEIRA NETO,0
2026,6,normal,PABLO DANTAS DE MOURA SANTOS,0
2026,6,normal,RUBENS DE SOUSA VIEIRA,1
2026,6,normal,SEVERO MARIA EULALIO NETO,1
2026,6,normal,SIMONE PEREIRA DE FARIAS ARAUJ,1
2026,6,normal,THALES COELHO PIMENTEL,1
2026,6,normal,TIAGO MENDES VASCONCELOS,0
2026,6,normal,VANESSA ANGELINE TAPETY,0
2026,6,normal,VINICIUS PONTES DO NASCIMENTO,1
2026,6,normal,WARTON MATIAS LACERDA E OLIVEI,0
2026,6,normal,WILSON NUNES BRANDAO,1
2026,7,normal,ALDO GIL DE MEDEIROS,1
2026,7,normal,ANA PAULA M DE ARAUJO,0
2026,7,normal,ANTONIO HENRIQUE DE CARVALHO P,1
2026,7,normal,BARBARA CARVALHO DA SILVEIRA S,1
2026,7,normal,BESSAH ARAUJO COSTA REIS SA,0
2026,7,normal,CARLOS AUGUSTO GOMES DE SOUZA,1
2026,7,normal,DOGIVAL VIDAL DOS REIS NETO,0
2026,7,normal,ELISANGELA MARIA DOS SANTOS MO,1
2026,7,normal,EVALDO GOMES DA SILVA,1
2026,7,normal,FABIO HENRIQUE MENDONCA XAVIER,1
2026,7,normal,FABIO NUNEZ NOVO,1
2026,7,normal,FELIPE DE SOUZA R SAMPAIO,0
2026,7,normal,FIRMINO SOARES PAULO,1
2026,7,normal,FLAVIO R NOGUEIRA JUNIOR,1
2026,7,normal,FRANCISCO DAS CHAGAS LIMMA,1
2026,7,normal,FRANCISCO JOSE ALVES DA SILVA,1
2026,7,normal,GEORGIANO FERNANDES LIMA NETO,1
2026,7,normal,GESSIVALDO ISAIAS DE C SILVA,1
2026,7,normal,GIL CARLOS MODESTO ALVES,1
2026,7,normal,GUSTAVO S DE NEIVA,1
2026,7,normal,HELIO ISAIAS DA SILVA,1
2026,7,normal,HELIO RODRIGUES ALVES,1
2026,7,normal,JANAINA PINTO MARQUES,0
2026,7,normal,JANAINNA PINTO MARQUES TAVARES,1
2026,7,normal,JEOVA BARBOSA DE CARVALHO ALENCAR,0
2026,7,normal,JOAO MADISON NOGUEIRA,1
2026,7,normal,JOSE HELIO DE CARVALHO OLIVEIR,1
2026,7,normal,JOSE ICEMAR LAVOR NERI,1
2026,7,normal,LUIZ HENRIQUE SOUSA DE CARVALH,1
2026,7,normal,MARCUS VINICIUS M KALUME,1
2026,7,normal,MARDEN LUIS B C E MENESES,1
2026,7,normal,MARIA DA GRACAS DE M S NUNES,1
2026,7,normal,MIGUEL BORGES DE OLIVEIRA NETO,0
2026,7,normal,PABLO DANTAS DE MOURA SANTOS,0
2026,7,normal,RUBENS DE SOUSA VIEIRA,1
2026,7,normal,SEVERO MARIA EULALIO NETO,1
2026,7,normal,SIMONE PEREIRA DE FARIAS ARAUJ,1
2026,7,normal,THALES COELHO PIMENTEL,1
2026,7,normal,TIAGO MENDES VASCONCELOS,0
2026,7,normal,VANESSA ANGELINE TAPETY,0
2026,7,normal,VINICIUS PONTES DO NASCIMENTO,1
2026,7,normal,WARTON MATIAS LACERDA E OLIVEI,0
2026,7,normal,WILSON NUNES BRANDAO,1
2026,8,normal,ALDO GIL DE MEDEIROS,1
2026,8,normal,ANA PAULA M DE ARAUJO,0
2026,8,normal,ANTONIO HENRIQUE DE CARVALHO P,1
2026,8,normal,BARBARA CARVALHO DA SILVEIRA S,1
2026,8,normal,BESSAH ARAUJO COSTA REIS SA,0
2026,8,normal,CARLOS AUGUSTO GOMES DE SOUZA,1
2026,8,normal,DOGIVAL VIDAL DOS REIS NETO,0
2026,8,normal,ELISANGELA MARIA DOS SANTOS MO,1
2026,8,normal,EVALDO GOMES DA SILVA,1
2026,8,normal,FABIO HENRIQUE MENDONCA XAVIER,0
2026,8,normal,FABIO NUNEZ NOVO,1
2026,8,normal,FELIPE DE SOUZA R SAMPAIO,1
2026,8,normal,FIRMINO SOARES PAULO,1
2026,8,normal,FLAVIO R NOGUEIRA JUNIOR,1
2026,8,normal,FRANCISCO DAS CHAGAS LIMMA,1
2026,8,normal,FRANCISCO JOSE ALVES DA SILVA,1
2026,8,normal,GEORGIANO FERNANDES LIMA NETO,1
2026,8,normal,GESSIVALDO ISAIAS DE C SILVA,1
2026,8,normal,GIL CARLOS MODESTO ALVES,1
2026,8,normal,GUSTAVO S DE NEIVA,1
2026,8,normal,HELIO ISAIAS DA SILVA,1
2026,8,normal,HELIO RODRIGUES ALVES,1
2026,8,normal,JANAINA PINTO MARQUES,0
2026,8,normal,JANAINNA PINTO MARQUES TAVARES,0
2026,8,normal,JEOVA BARBOSA DE CARVALHO ALENCAR,0
2026,8,normal,JOAO MADISON NOGUEIRA,1
2026,8,normal,JOSE HELIO DE CARVALHO OLIVEIR,1
2026,8,normal,JOSE ICEMAR LAVOR NERI,0
2026,8,normal,LUIZ HENRIQUE SOUSA DE CARVALH,1
2026,8,normal,MARCUS VINICIUS M KALUME,1
2026,8,normal,MARDEN LUIS B C E MENESES,1
2026,8,normal,MARIA DA GRACAS DE M S NUNES,1
2026,8,normal,MIGUEL BORGES DE OLIVEIRA NETO,0
2026,8,normal,PABLO DANTAS DE MOURA SANTOS,0
2026,8,normal,RUBENS DE SOUSA VIEIRA,1
2026,8,normal,SEVERO MARIA EULALIO NETO,1
2026,8,normal,SIMONE PEREIRA DE FARIAS ARAUJ,1
2026,8,normal,THALES COELHO PIMENTEL,1
2026,8,normal,TIAGO MENDES VASCONCELOS,0
2026,8,normal,VANESSA ANGELINE TAPETY,0
2026,8,normal,VINICIUS PONTES DO NASCIMENTO,1
2026,8,normal,WARTON MATIAS LACERDA E OLIVEI,0
2026,8,normal,WILSON NUNES BRANDAO,1
2026,9,normal,ALDO GIL DE MEDEIROS,1
2026,9,normal,ANA PAULA M DE ARAUJO,0
2026,9,normal,ANTONIO HENRIQUE DE CARVALHO P,1
2026,9,normal,BARBARA CARVALHO DA SILVEIRA S,1
2026,9,normal,BESSAH ARAUJO COSTA REIS SA,0
2026,9,normal,CARLOS AUGUSTO GOMES DE SOUZA,1
2026,9,normal,DOGIVAL VIDAL DOS REIS NETO,0
2026,9,normal,ELISANGELA MARIA DOS SANTOS MO,1
2026,9,normal,EVALDO GOMES DA SILVA,1
2026,9,normal,FABIO HENRIQUE MENDONCA XAVIER,0
2026,9,normal,FABIO NUNEZ NOVO,1
2026,9,normal,FELIPE DE SOUZA R SAMPAIO,1
2026,9,normal,FIRMINO SOARES PAULO,1
2026,9,normal,FLAVIO R NOGUEIRA JUNIOR,1
2026,9,normal,FRANCISCO DAS CHAGAS LIMMA,1
2026,9,normal,FRANCISCO JOSE ALVES DA SILVA,1
2026,9,normal,GEORGIANO FERNANDES LIMA NETO,1
2026,9,normal,GESSIVALDO ISAIAS DE C SILVA,1
2026,9,normal,GIL CARLOS MODESTO ALVES,1
2026,9,normal,GUSTAVO S DE NEIVA,1
2026,9,normal,HELIO ISAIAS DA SILVA,1
2026,9,normal,HELIO RODRIGUES ALVES,1
2026,9,normal,JANAINA PINTO MARQUES,0
2026,9,normal,JANAINNA PINTO MARQUES TAVARES,0
2026,9,normal,JEOVA BARBOSA DE CARVALHO ALENCAR,0
2026,9,normal,JOAO MADISON NOGUEIRA,1
2026,9,normal,JOSE HELIO DE CARVALHO OLIVEIR,1
2026,9,normal,JOSE ICEMAR LAVOR NERI,0
2026,9,normal,LUIZ HENRIQUE SOUSA DE CARVALH,0
2026,9,normal,MARCUS VINICIUS M KALUME,1
2026,9,normal,MARDEN LUIS B C E MENESES,1
2026,9,normal,MARIA DA GRACAS DE M S NUNES,1
2026,9,normal,MIGUEL BORGES DE OLIVEIRA NETO,0
2026,9,normal,PABLO DANTAS DE MOURA SANTOS,0
2026,9,normal,RUBENS DE SOUSA VIEIRA,1
2026,9,normal,SEVERO MARIA EULALIO NETO,1
2026,9,normal,SIMONE PEREIRA DE FARIAS ARAUJ,1
2026,9,normal,THALES COELHO PIMENTEL,1
2026,9,normal,TIAGO MENDES VASCONCELOS,0
2026,9,normal,VANESSA ANGELINE TAPETY,0
2026,9,normal,VINICIUS PONTES DO NASCIMENTO,1
2026,9,normal,WARTON MATIAS LACERDA E OLIVEI,0
2026,9,normal,WILSON NUNES BRANDAO,1
