ano,mes,rotulo,url,deputados,sem_valores,lido_em
2025,1,01 - janeiro 2025,https://www.cl.df.gov.br/documents/5744663/33442902/SEI_2054728_Demonstrativo_Consolidado_Verbas_Indenizatorias.pdf/980831da-fff4-e443-d6f1-2227aa00e39f?version=1.1&t=1743596357072,24,4,2026-10-01
2025,2,02 - fevereiro 2025,https://www.cl.df.gov.br/documents/5744663/33442902/SEI_2126927_Demonstrativo_Consolidado_Verbas_Indenizatorias.pdf/9abb6d96-fedc-7686-6734-549c1482eb38?version=1.0&t=1746647912489,24,4,2026-10-01
2025,3,06 - março 2025 retificação,https://www.cl.df.gov.br/documents/5744663/33442902/SEI_2234370_Demonstrativo_Consolidado_Verbas_Indenizatorias+retifica%C3%A7%C3%A3o+mar%C3%A7o+2025.pdf/c6fe668c-a222-012a-08be-3b7809fee3a2?version=1.1&t=1752254908616,24,4,2026-10-01
2025,4,07 - abril 2025 retificação,https://www.cl.df.gov.br/documents/5744663/33442902/SEI_2233435_Demonstrativo_Consolidado_Verbas_Indenizatorias+retifica%C3%A7%C3%A3o+abril+2025.pdf/518c43ba-f007-0f46-542d-1075bd2bafd8?version=1.0&t=1752255049102,24,4,2026-10-01
2025,5,08 - maio 2025 retificação,https://www.cl.df.gov.br/documents/5744663/33442902/SEI_2236471_Demonstrativo_Consolidado_Verbas_Indenizatorias.pdf/bc634b5a-63e3-df2d-aebd-ab62d950ca6f?version=1.0&t=1752511698107,24,4,2026-10-01
2025,6,09 - junho 2025,https://www.cl.df.gov.br/documents/5744663/33442902/SEI_2250234_Demonstrativo_Consolidado_Verbas_Indenizatorias.pdf/f12376be-f0a6-cea1-907a-1bcd0b0fc2f2?version=1.0&t=1755004746129,24,5,2026-10-01
2025,7,10 - julho 2025,https://www.cl.df.gov.br/documents/5744663/33442902/SEI_2298983_Demonstrativo_Consolidado_Verbas_Indenizatorias.pdf/f3a788b9-0ffb-d091-a512-9c1fac9d9dbd?version=1.0&t=1756939594342,24,4,2026-10-01
2025,8,11 - agosto 2025,https://www.cl.df.gov.br/documents/5744663/33442902/SEI_2367174_Demonstrativo_Consolidado_Verbas_Indenizatorias.pdf/f64a855b-fa2a-e4de-5212-73237e69fc7b?version=1.1&t=1760381322286,24,4,2026-10-01
2025,9,12 - setembro 2025,https://www.cl.df.gov.br/documents/5744663/33442902/SEI_2417417_Demonstrativo_Consolidado_Verbas_Indenizatorias.pdf/c51d0265-6150-6787-4c17-6d9dcd0a2054?version=1.0&t=1763143759121,24,4,2026-10-01
2025,10,13 - outubro 2025,https://www.cl.df.gov.br/documents/5744663/33442902/SEI_2453565_Demonstrativo_Consolidado_Verbas_Indenizatorias.pdf/d9ed2828-0ab0-2455-dc17-d88815952059?version=1.0&t=1765279910034,24,4,2026-10-01
2025,11,14 - novembro 2025,https://www.cl.df.gov.br/documents/5744663/33442902/SEI_2482155_Demonstrativo_Consolidado_Verbas_Indenizatorias.pdf/6f43e5f3-ffc2-68b6-9274-c55e1a812d67?version=1.1&t=1768315357745,24,4,2026-10-01
2025,12,15 - dezembro 2025,https://www.cl.df.gov.br/documents/5744663/33442902/SEI_2523119_Demonstrativo_Consolidado_Verbas_Indenizatorias.pdf/8be14b10-501c-9fd6-724d-cbc59cbb5063?version=1.0&t=1770755282292,24,4,2026-10-01
2026,1,01 - janeiro 2026,https://www.cl.df.gov.br/documents/5744663/35409941/01+-+janeiro+2026.pdf/b0a3d8f4-c432-d433-0661-b25a0bcea640?version=1.0&t=1777493888191,24,4,2026-10-01
2026,2,02 - fevereiro 2026,https://www.cl.df.gov.br/documents/5744663/35409941/SEI_2620411_Demonstrativo_Consolidado_Verbas_Indenizatorias.pdf/92aa7354-e844-7554-5eec-370d61e7d7f0?version=1.1&t=1777493906107,24,4,2026-10-01
2026,3,03 - março 2026,https://www.cl.df.gov.br/documents/5744663/35409941/SEI_2678823_Demonstrativo_Consolidado_Verbas_Indenizatorias.pdf/a86153e5-52ba-b793-9983-1cef2b7bf527?version=1.1&t=1780314106734,24,4,2026-10-01
2026,4,04 - abril 2026,https://www.cl.df.gov.br/documents/5744663/35409941/SEI_2701261_Demonstrativo_Consolidado_Verbas_Indenizatorias.pdf/e9a55d50-f8eb-5c07-3e41-eb672a001f11?version=1.0&t=1781897910896,24,4,2026-10-01
2026,5,05 - maio 2026,https://www.cl.df.gov.br/documents/5744663/35409941/SEI_2808709_Demonstrativo_Consolidado_Verbas_Indenizatorias.pdf/1796a1a2-0c68-94d0-26b5-6285e8fbff25?version=1.0&t=1787353448207,24,4,2026-10-01
2026,6,06 - junho 2026,https://www.cl.df.gov.br/documents/5744663/35409941/SEI_2789046_Demonstrativo_Consolidado_Verbas_Indenizatorias.pdf/0948d462-5194-ddf6-a92c-2dd8b751cdf8?version=1.0&t=1787353566206,24,4,2026-10-01
2026,7,07 - julho 2026,https://www.cl.df.gov.br/documents/5744663/35409941/SEI_2844237_Demonstrativo_Consolidado_Verbas_Indenizatorias.pdf/6d22b7cd-65e6-5352-5bed-6ca833e0956c?version=1.0&t=1789738824083,24,6,2026-10-01
