ano,mes,nome,cargo,lotacao,admissao,exoneracao,folha,valor
2025,1,AAVA SANTIAGO AGUIAR,VEREADOR,GABINETE DE AAVA SANTIAGO,01/01/2025,,MENSAL,27603.82
2025,1,ANDERSON CRUZ E FREIRE,VEREADOR,GABINETE DE PEDRO AZULÃO JR.,01/01/2025,,MENSAL,27603.82
2025,1,ANSELMO PEREIRA DA SILVA SOBRINHO,VEREADOR,GABINETE DE ANSELMO PEREIRA,01/01/2025,,MENSAL,27603.82
2025,1,BRUNO DINIZ MACHADO,VEREADOR,GABINETE DE BRUNO DINIZ,01/01/2025,,MENSAL,27603.82
2025,1,DANIELA PAULA DE FREITAS FERNANDES,VEREADOR,GABINETE DE DANIELA DA GILKA,01/01/2025,,MENSAL,27603.82
2025,1,DENICIO CELIO TRINDADE,VEREADOR,GABINETE DE DENICIO TRINDADE,01/01/2025,,MENSAL,27603.82
2025,1,EDWARD MADUREIRA BRASIL,VEREADOR,GABINETE DE PROFESSOR EDWARD,01/01/2025,,MENSAL,27603.82
2025,1,FABRICIO SILVA ROSA,VEREADOR,GABINETE DE FABRICIO ROSA,01/01/2025,,MENSAL,20702.87
2025,1,GEVERSON ABEL DE SOUZA CARMO,VEREADOR,GABINETE DE GEVERSON ABEL,01/01/2025,,MENSAL,27603.82
2025,1,GUSTAVO CARDOSO GOMIDES,VEREADOR,GABINETE DE DR. GUSTAVO,01/01/2025,,MENSAL,27603.82
2025,1,HENRIQUE ALVES LUIZ PEREIRA,VEREADOR,GABINETE DE HENRIQUE ALVES,01/01/2025,,MENSAL,27603.82
2025,1,HEYLER LUIZ LEAO,VEREADOR,GABINETE DE HEYLER LEAO,01/01/2025,,MENSAL,27603.82
2025,1,IGOR RECELLY FRANCO DE FREITAS,VEREADOR,GABINETE DE IGOR FRANCO,01/01/2025,,MENSAL,27603.82
2025,1,ISAIAS RIBEIRO SANTANA,VEREADOR,GABINETE DE ISAIAS RIBEIRO,01/01/2025,,MENSAL,27603.82
2025,1,JUAREZ DE SOUZA LOPES,VEREADOR,GABINETE DE JUAREZ LOPES,01/01/2025,,MENSAL,27603.82
2025,1,KATIA MARIA DOS SANTOS,VEREADOR,GABINETE DE KATIA MARIA,01/01/2025,,MENSAL,27603.82
2025,1,LEIA KLEBIA ARAUJO E VIEIRA,VEREADOR,GABINETE DE LEIA KLEBIA,01/01/2025,,MENSAL,27603.82
2025,1,LEONARDO JOSE ARANTES,VEREADOR,GABINETE DE LEO JOSE,01/01/2025,,MENSAL,27603.82
2025,1,LUAN DEODATO MACHADO ALVES,VEREADOR,GABINETE DE LUAN ALVES,01/01/2025,,MENSAL,27603.82
2025,1,LUCAS DE CASTRO SANTOS,VEREADOR,GABINETE DE LUCAS VERGILIO,01/01/2025,,MENSAL,27603.82
2025,1,LUCAS FERREIRA PIRES BUENO,VEREADOR,GABINETE DE LUCAS KITAO,01/01/2025,,MENSAL,27603.82
2025,1,LUIZ FERNANDO NAVES SANCHES DE SIQUEIRA,VEREADOR,GABINETE DE SANCHES DA FEDERAL,01/01/2025,,MENSAL,27603.82
2025,1,MARCOS ANTONIO DA SILVA,VEREADOR,GABINETE DE MARKIM GOYA,01/01/2025,,MENSAL,27603.82
2025,1,MARIA ROSELENE DEUSDARA CRUVINEL,VEREADOR,GABINETE DE ROSE CRUVINEL,01/01/2025,,MENSAL,27603.82
2025,1,NATANIEL DE SENA SOARES,VEREADOR,GABINETE DE CABO SENNA,01/01/2025,,MENSAL,27603.82
2025,1,NOVANDIR RODRIGUES DA SILVA,VEREADOR,GABINETE DE SARGENTO NOVANDIR,01/01/2025,,MENSAL,27603.82
2025,1,OSEIAS MENDES PEREIRA VARAO,VEREADOR,GABINETE DE OSEIAS VARAO,01/01/2025,,MENSAL,27603.82
2025,1,ROMARIO BARBOSA POLICARPO,PRESIDENTE DA CÂMARA,GABINETE DA PRESIDENCIA,01/01/2025,,MENSAL,33814.67
2025,1,RONILSON DE SOUZA REIS,VEREADOR,GABINETE DE RONILSON REIS,01/01/2025,,MENSAL,27603.82
2025,1,SEBASTIAO PEIXOTO MOURA,VEREADOR,GABINETE DE TIÃO PEIXOTO,01/01/2025,,MENSAL,27603.82
2025,1,THIALU RAPHAEL GUIOTTI LUSTOSA,VEREADOR,GABINETE DE THIALU GUIOTTI,01/01/2025,,MENSAL,27603.82
2025,1,VITOR HUGO DE ARAÚJO ALMEIDA,VEREADOR,GABINETE DE VITOR HUGO,01/01/2025,,MENSAL,27603.82
2025,1,WELLINGTON DE BESSA OLIVEIRA,VEREADOR,GABINETE DE BESSA,01/01/2025,,MENSAL,27603.82
2025,1,WELLINGTON DE URZEDA MOTA,VEREADOR,GABINETE DE CORONEL URZEDA,01/01/2025,,MENSAL,27603.82
2025,1,WELTON DE OLIVEIRA LEMOS,VEREADOR,GABINETE DE WELTON LEMOS,01/01/2025,,MENSAL,27603.82
2025,1,WILLIAM TAVARES DA SILVA,VEREADOR,GABINETE DE WILLIAM DO ARMAZEM,01/01/2025,,MENSAL,27603.82
2025,1,WILLIAN VELOSO DE CARVALHO,VEREADOR,GABINETE DE WILLIAN VELOSO,01/01/2025,,MENSAL,27603.82
2025,2,AAVA SANTIAGO AGUIAR,VEREADOR,GABINETE DE AAVA SANTIAGO,01/01/2025,,MENSAL,27603.82
2025,2,ANDERSON CRUZ E FREIRE,VEREADOR,GABINETE DE PEDRO AZULÃO JR.,01/01/2025,,MENSAL,27603.82
2025,2,ANSELMO PEREIRA DA SILVA SOBRINHO,VEREADOR,GABINETE DE ANSELMO PEREIRA,01/01/2025,,MENSAL,27603.82
2025,2,BRUNO DINIZ MACHADO,VEREADOR,GABINETE DE BRUNO DINIZ,01/01/2025,,MENSAL,27603.82
2025,2,DANIELA PAULA DE FREITAS FERNANDES,VEREADOR,GABINETE DE DANIELA DA GILKA,01/01/2025,,MENSAL,27603.82
2025,2,DENICIO CELIO TRINDADE,VEREADOR,GABINETE DE DENICIO TRINDADE,01/01/2025,,MENSAL,27603.82
2025,2,EDWARD MADUREIRA BRASIL,VEREADOR,GABINETE DE PROFESSOR EDWARD,01/01/2025,,MENSAL,27603.82
2025,2,FABRICIO SILVA ROSA,VEREADOR,GABINETE DE FABRICIO ROSA,01/01/2025,,MENSAL,20702.87
2025,2,GEVERSON ABEL DE SOUZA CARMO,VEREADOR,GABINETE DE GEVERSON ABEL,01/01/2025,,MENSAL,27603.82
2025,2,GUSTAVO CARDOSO GOMIDES,VEREADOR,GABINETE DE DR. GUSTAVO,01/01/2025,,MENSAL,27603.82
2025,2,HENRIQUE ALVES LUIZ PEREIRA,VEREADOR,GABINETE DE HENRIQUE ALVES,01/01/2025,,MENSAL,27603.82
2025,2,HEYLER LUIZ LEAO,VEREADOR,GABINETE DE HEYLER LEAO,01/01/2025,,MENSAL,27603.82
2025,2,IGOR RECELLY FRANCO DE FREITAS,VEREADOR,GABINETE DE IGOR FRANCO,01/01/2025,,MENSAL,27603.82
2025,2,ISAIAS RIBEIRO SANTANA,VEREADOR,GABINETE DE ISAIAS RIBEIRO,01/01/2025,,MENSAL,27603.82
2025,2,JUAREZ DE SOUZA LOPES,VEREADOR,GABINETE DE JUAREZ LOPES,01/01/2025,,MENSAL,27603.82
2025,2,KATIA MARIA DOS SANTOS,VEREADOR,GABINETE DE KATIA MARIA,01/01/2025,,MENSAL,27603.82
2025,2,LEIA KLEBIA ARAUJO E VIEIRA,VEREADOR,GABINETE DE LEIA KLEBIA,01/01/2025,,MENSAL,27603.82
2025,2,LEONARDO JOSE ARANTES,VEREADOR,GABINETE DE LEO JOSE,01/01/2025,,MENSAL,27603.82
2025,2,LUAN DEODATO MACHADO ALVES,VEREADOR,GABINETE DE LUAN ALVES,01/01/2025,,MENSAL,27603.82
2025,2,LUCAS DE CASTRO SANTOS,VEREADOR,GABINETE DE LUCAS VERGILIO,01/01/2025,,MENSAL,27603.82
2025,2,LUCAS FERREIRA PIRES BUENO,VEREADOR,GABINETE DE LUCAS KITAO,01/01/2025,,MENSAL,27603.82
2025,2,LUIZ FERNANDO NAVES SANCHES DE SIQUEIRA,VEREADOR,GABINETE DE SANCHES DA FEDERAL,01/01/2025,,MENSAL,27603.82
2025,2,MARCOS ANTONIO DA SILVA,VEREADOR,GABINETE DE MARKIM GOYA,01/01/2025,,MENSAL,27603.82
2025,2,MARIA ROSELENE DEUSDARA CRUVINEL,VEREADOR,GABINETE DE ROSE CRUVINEL,01/01/2025,,MENSAL,27603.82
2025,2,NATANIEL DE SENA SOARES,VEREADOR,GABINETE DE CABO SENNA,01/01/2025,,MENSAL,27603.82
2025,2,NOVANDIR RODRIGUES DA SILVA,VEREADOR,GABINETE DE SARGENTO NOVANDIR,01/01/2025,,MENSAL,27603.82
2025,2,OSEIAS MENDES PEREIRA VARAO,VEREADOR,GABINETE DE OSEIAS VARAO,01/01/2025,,MENSAL,27603.82
2025,2,ROMARIO BARBOSA POLICARPO,PRESIDENTE DA CÂMARA,GABINETE DA PRESIDENCIA,01/01/2025,,MENSAL,33814.67
2025,2,RONILSON DE SOUZA REIS,VEREADOR,GABINETE DE RONILSON REIS,01/01/2025,,MENSAL,27603.82
2025,2,SEBASTIAO PEIXOTO MOURA,VEREADOR,GABINETE DE TIÃO PEIXOTO,01/01/2025,,MENSAL,27603.82
2025,2,THIALU RAPHAEL GUIOTTI LUSTOSA,VEREADOR,GABINETE DE THIALU GUIOTTI,01/01/2025,,MENSAL,27603.82
2025,2,VITOR HUGO DE ARAÚJO ALMEIDA,VEREADOR,GABINETE DE VITOR HUGO,01/01/2025,,MENSAL,27603.82
2025,2,WELLINGTON DE BESSA OLIVEIRA,VEREADOR,GABINETE DE BESSA,01/01/2025,,MENSAL,27603.82
2025,2,WELLINGTON DE URZEDA MOTA,VEREADOR,GABINETE DE CORONEL URZEDA,01/01/2025,,MENSAL,27603.82
2025,2,WELTON DE OLIVEIRA LEMOS,VEREADOR,GABINETE DE WELTON LEMOS,01/01/2025,,MENSAL,27603.82
2025,2,WILLIAM TAVARES DA SILVA,VEREADOR,GABINETE DE WILLIAM DO ARMAZEM,01/01/2025,,MENSAL,27603.82
2025,2,WILLIAN VELOSO DE CARVALHO,VEREADOR,GABINETE DE WILLIAN VELOSO,01/01/2025,,MENSAL,27603.82
2025,3,AAVA SANTIAGO AGUIAR,VEREADOR,GABINETE DE AAVA SANTIAGO,01/01/2025,,MENSAL,27603.82
2025,3,ANDERSON CRUZ E FREIRE,VEREADOR,GABINETE DE PEDRO AZULÃO JR.,01/01/2025,,MENSAL,27603.82
2025,3,ANSELMO PEREIRA DA SILVA SOBRINHO,VEREADOR,GABINETE DE ANSELMO PEREIRA,01/01/2025,,MENSAL,27603.82
2025,3,BRUNO DINIZ MACHADO,VEREADOR,GABINETE DE BRUNO DINIZ,01/01/2025,,MENSAL,27603.82
2025,3,DANIELA PAULA DE FREITAS FERNANDES,VEREADOR,GABINETE DE DANIELA DA GILKA,01/01/2025,,MENSAL,27603.82
2025,3,DENICIO CELIO TRINDADE,VEREADOR,GABINETE DE DENICIO TRINDADE,01/01/2025,,MENSAL,27603.82
2025,3,EDWARD MADUREIRA BRASIL,VEREADOR,GABINETE DE PROFESSOR EDWARD,01/01/2025,,MENSAL,27603.82
2025,3,FABRICIO SILVA ROSA,VEREADOR,GABINETE DE FABRICIO ROSA,01/01/2025,,MENSAL,20702.87
2025,3,GEVERSON ABEL DE SOUZA CARMO,VEREADOR,GABINETE DE GEVERSON ABEL,01/01/2025,,MENSAL,27603.82
2025,3,GUSTAVO CARDOSO GOMIDES,VEREADOR,GABINETE DE DR. GUSTAVO,01/01/2025,,MENSAL,27603.82
2025,3,HENRIQUE ALVES LUIZ PEREIRA,VEREADOR,GABINETE DE HENRIQUE ALVES,01/01/2025,,MENSAL,27603.82
2025,3,HEYLER LUIZ LEAO,VEREADOR,GABINETE DE HEYLER LEAO,01/01/2025,,MENSAL,27603.82
2025,3,IGOR RECELLY FRANCO DE FREITAS,VEREADOR,GABINETE DE IGOR FRANCO,01/01/2025,,MENSAL,27603.82
2025,3,ISAIAS RIBEIRO SANTANA,VEREADOR,GABINETE DE ISAIAS RIBEIRO,01/01/2025,,MENSAL,27603.82
2025,3,JUAREZ DE SOUZA LOPES,VEREADOR,GABINETE DE JUAREZ LOPES,01/01/2025,,MENSAL,27603.82
2025,3,KATIA MARIA DOS SANTOS,VEREADOR,GABINETE DE KATIA MARIA,01/01/2025,,MENSAL,27603.82
2025,3,LEIA KLEBIA ARAUJO E VIEIRA,VEREADOR,GABINETE DE LEIA KLEBIA,01/01/2025,,MENSAL,27603.82
2025,3,LEONARDO JOSE ARANTES,VEREADOR,GABINETE DE LEO JOSE,01/01/2025,,MENSAL,27603.82
2025,3,LUAN DEODATO MACHADO ALVES,VEREADOR,GABINETE DE LUAN ALVES,01/01/2025,,MENSAL,27603.82
2025,3,LUCAS DE CASTRO SANTOS,VEREADOR,GABINETE DE LUCAS VERGILIO,01/01/2025,,MENSAL,27603.82
2025,3,LUCAS FERREIRA PIRES BUENO,VEREADOR,GABINETE DE LUCAS KITAO,01/01/2025,,MENSAL,27603.82
2025,3,LUIZ FERNANDO NAVES SANCHES DE SIQUEIRA,VEREADOR,GABINETE DE SANCHES DA FEDERAL,01/01/2025,,MENSAL,27603.82
2025,3,MARCOS ANTONIO DA SILVA,VEREADOR,GABINETE DE MARKIM GOYA,01/01/2025,,MENSAL,27603.82
2025,3,MARIA ROSELENE DEUSDARA CRUVINEL,VEREADOR,GABINETE DE ROSE CRUVINEL,01/01/2025,,MENSAL,27603.82
2025,3,NATANIEL DE SENA SOARES,VEREADOR,GABINETE DE CABO SENNA,01/01/2025,,MENSAL,27603.82
2025,3,NOVANDIR RODRIGUES DA SILVA,VEREADOR,GABINETE DE SARGENTO NOVANDIR,01/01/2025,,MENSAL,27603.82
2025,3,OSEIAS MENDES PEREIRA VARAO,VEREADOR,GABINETE DE OSEIAS VARAO,01/01/2025,,MENSAL,27603.82
2025,3,ROMARIO BARBOSA POLICARPO,PRESIDENTE DA CÂMARA,GABINETE DA PRESIDENCIA,01/01/2025,,MENSAL,35140.86
2025,3,RONILSON DE SOUZA REIS,VEREADOR,GABINETE DE RONILSON REIS,01/01/2025,,MENSAL,27603.82
2025,3,SEBASTIAO PEIXOTO MOURA,VEREADOR,GABINETE DE TIÃO PEIXOTO,01/01/2025,,MENSAL,27603.82
2025,3,THIALU RAPHAEL GUIOTTI LUSTOSA,VEREADOR,GABINETE DE THIALU GUIOTTI,01/01/2025,,MENSAL,27603.82
2025,3,VITOR HUGO DE ARAÚJO ALMEIDA,VEREADOR,GABINETE DE VITOR HUGO,01/01/2025,,MENSAL,27603.82
2025,3,WELLINGTON DE BESSA OLIVEIRA,VEREADOR,GABINETE DE BESSA,01/01/2025,,MENSAL,27603.82
2025,3,WELLINGTON DE URZEDA MOTA,VEREADOR,GABINETE DE CORONEL URZEDA,01/01/2025,,MENSAL,27603.82
2025,3,WELTON DE OLIVEIRA LEMOS,VEREADOR,GABINETE DE WELTON LEMOS,01/01/2025,,MENSAL,27603.82
2025,3,WILLIAM TAVARES DA SILVA,VEREADOR,GABINETE DE WILLIAM DO ARMAZEM,01/01/2025,,MENSAL,27603.82
2025,3,WILLIAN VELOSO DE CARVALHO,VEREADOR,GABINETE DE WILLIAN VELOSO,01/01/2025,,MENSAL,27603.82
2025,4,AAVA SANTIAGO AGUIAR,VEREADOR,GABINETE DE AAVA SANTIAGO,01/01/2025,,MENSAL,27603.82
2025,4,ANDERSON CRUZ E FREIRE,VEREADOR,GABINETE DE PEDRO AZULÃO JR.,01/01/2025,,MENSAL,27603.82
2025,4,ANSELMO PEREIRA DA SILVA SOBRINHO,VEREADOR,GABINETE DE ANSELMO PEREIRA,01/01/2025,,MENSAL,27603.82
2025,4,BRUNO DINIZ MACHADO,VEREADOR,GABINETE DE BRUNO DINIZ,01/01/2025,,MENSAL,27603.82
2025,4,DANIELA PAULA DE FREITAS FERNANDES,VEREADOR,GABINETE DE DANIELA DA GILKA,01/01/2025,,MENSAL,27603.82
2025,4,DENICIO CELIO TRINDADE,VEREADOR,GABINETE DE DENICIO TRINDADE,01/01/2025,,MENSAL,27603.82
2025,4,EDWARD MADUREIRA BRASIL,VEREADOR,GABINETE DE PROFESSOR EDWARD,01/01/2025,,MENSAL,27603.82
2025,4,FABRICIO SILVA ROSA,VEREADOR,GABINETE DE FABRICIO ROSA,01/01/2025,,MENSAL,20702.87
2025,4,GEVERSON ABEL DE SOUZA CARMO,VEREADOR,GABINETE DE GEVERSON ABEL,01/01/2025,,MENSAL,27603.82
2025,4,GUSTAVO CARDOSO GOMIDES,VEREADOR,GABINETE DE DR. GUSTAVO,01/01/2025,,MENSAL,27603.82
2025,4,HENRIQUE ALVES LUIZ PEREIRA,VEREADOR,GABINETE DE HENRIQUE ALVES,01/01/2025,,MENSAL,27603.82
2025,4,HEYLER LUIZ LEAO,VEREADOR,GABINETE DE HEYLER LEAO,01/01/2025,,MENSAL,27603.82
2025,4,IGOR RECELLY FRANCO DE FREITAS,VEREADOR,GABINETE DE IGOR FRANCO,01/01/2025,,MENSAL,27603.82
2025,4,ISAIAS RIBEIRO SANTANA,VEREADOR,GABINETE DE ISAIAS RIBEIRO,01/01/2025,,MENSAL,27603.82
2025,4,JUAREZ DE SOUZA LOPES,VEREADOR,GABINETE DE JUAREZ LOPES,01/01/2025,,MENSAL,27603.82
2025,4,KATIA MARIA DOS SANTOS,VEREADOR,GABINETE DE KATIA MARIA,01/01/2025,,MENSAL,27603.82
2025,4,LEIA KLEBIA ARAUJO E VIEIRA,VEREADOR,GABINETE DE LEIA KLEBIA,01/01/2025,,MENSAL,27603.82
2025,4,LEONARDO JOSE ARANTES,VEREADOR,GABINETE DE LEO JOSE,01/01/2025,,MENSAL,27603.82
2025,4,LUAN DEODATO MACHADO ALVES,VEREADOR,GABINETE DE LUAN ALVES,01/01/2025,,MENSAL,27603.82
2025,4,LUCAS DE CASTRO SANTOS,VEREADOR,GABINETE DE LUCAS VERGILIO,01/01/2025,,MENSAL,27603.82
2025,4,LUCAS FERREIRA PIRES BUENO,VEREADOR,GABINETE DE LUCAS KITAO,01/01/2025,,MENSAL,27603.82
2025,4,LUIZ FERNANDO NAVES SANCHES DE SIQUEIRA,VEREADOR,GABINETE DE SANCHES DA FEDERAL,01/01/2025,,MENSAL,27603.82
2025,4,MARCOS ANTONIO DA SILVA,VEREADOR,GABINETE DE MARKIM GOYA,01/01/2025,,MENSAL,27603.82
2025,4,MARIA ROSELENE DEUSDARA CRUVINEL,VEREADOR,GABINETE DE ROSE CRUVINEL,01/01/2025,,MENSAL,27603.82
2025,4,NATANIEL DE SENA SOARES,VEREADOR,GABINETE DE CABO SENNA,01/01/2025,,MENSAL,27603.82
2025,4,NOVANDIR RODRIGUES DA SILVA,VEREADOR,GABINETE DE SARGENTO NOVANDIR,01/01/2025,,MENSAL,27603.82
2025,4,OSEIAS MENDES PEREIRA VARAO,VEREADOR,GABINETE DE OSEIAS VARAO,01/01/2025,,MENSAL,27603.82
2025,4,ROMARIO BARBOSA POLICARPO,PRESIDENTE DA CÂMARA,GABINETE DA PRESIDENCIA,01/01/2025,,MENSAL,33814.67
2025,4,RONILSON DE SOUZA REIS,VEREADOR,GABINETE DE RONILSON REIS,01/01/2025,,MENSAL,27603.82
2025,4,SEBASTIAO PEIXOTO MOURA,VEREADOR,GABINETE DE TIÃO PEIXOTO,01/01/2025,,MENSAL,27603.82
2025,4,THIALU RAPHAEL GUIOTTI LUSTOSA,VEREADOR,GABINETE DE THIALU GUIOTTI,01/01/2025,,MENSAL,27603.82
2025,4,VITOR HUGO DE ARAÚJO ALMEIDA,VEREADOR,GABINETE DE VITOR HUGO,01/01/2025,,MENSAL,27603.82
2025,4,WELLINGTON DE BESSA OLIVEIRA,VEREADOR,GABINETE DE BESSA,01/01/2025,,MENSAL,27603.82
2025,4,WELLINGTON DE URZEDA MOTA,VEREADOR,GABINETE DE CORONEL URZEDA,01/01/2025,,MENSAL,27603.82
2025,4,WELTON DE OLIVEIRA LEMOS,VEREADOR,GABINETE DE WELTON LEMOS,01/01/2025,,MENSAL,27603.82
2025,4,WILLIAM TAVARES DA SILVA,VEREADOR,GABINETE DE WILLIAM DO ARMAZEM,01/01/2025,,MENSAL,27603.82
2025,4,WILLIAN VELOSO DE CARVALHO,VEREADOR,GABINETE DE WILLIAN VELOSO,01/01/2025,,MENSAL,27603.82
2025,5,AAVA SANTIAGO AGUIAR,VEREADOR,GABINETE DE AAVA SANTIAGO,01/01/2025,,MENSAL,27603.82
2025,5,ANDERSON CRUZ E FREIRE,VEREADOR,GABINETE DE PEDRO AZULÃO JR.,01/01/2025,,MENSAL,27603.82
2025,5,ANSELMO PEREIRA DA SILVA SOBRINHO,VEREADOR,GABINETE DE ANSELMO PEREIRA,01/01/2025,,MENSAL,27603.82
2025,5,BRUNO DINIZ MACHADO,VEREADOR,GABINETE DE BRUNO DINIZ,01/01/2025,,MENSAL,27603.82
2025,5,DANIELA PAULA DE FREITAS FERNANDES,VEREADOR,GABINETE DE DANIELA DA GILKA,01/01/2025,,MENSAL,27603.82
2025,5,DENICIO CELIO TRINDADE,VEREADOR,GABINETE DE DENICIO TRINDADE,01/01/2025,,MENSAL,27603.82
2025,5,EDWARD MADUREIRA BRASIL,VEREADOR,GABINETE DE PROFESSOR EDWARD,01/01/2025,,MENSAL,27603.82
2025,5,FABRICIO SILVA ROSA,VEREADOR,GABINETE DE FABRICIO ROSA,01/01/2025,,MENSAL,20702.87
2025,5,GEVERSON ABEL DE SOUZA CARMO,VEREADOR,GABINETE DE GEVERSON ABEL,01/01/2025,,MENSAL,27603.82
2025,5,GUSTAVO CARDOSO GOMIDES,VEREADOR,GABINETE DE DR. GUSTAVO,01/01/2025,,MENSAL,27603.82
2025,5,HENRIQUE ALVES LUIZ PEREIRA,VEREADOR,GABINETE DE HENRIQUE ALVES,01/01/2025,,MENSAL,27603.82
2025,5,HEYLER LUIZ LEAO,VEREADOR,GABINETE DE HEYLER LEAO,01/01/2025,,MENSAL,27603.82
2025,5,IGOR RECELLY FRANCO DE FREITAS,VEREADOR,GABINETE DE IGOR FRANCO,01/01/2025,,MENSAL,27603.82
2025,5,ISAIAS RIBEIRO SANTANA,VEREADOR,GABINETE DE ISAIAS RIBEIRO,01/01/2025,,MENSAL,27603.82
2025,5,JUAREZ DE SOUZA LOPES,VEREADOR,GABINETE DE JUAREZ LOPES,01/01/2025,,MENSAL,27603.82
2025,5,KATIA MARIA DOS SANTOS,VEREADOR,GABINETE DE KATIA MARIA,01/01/2025,,MENSAL,27603.82
2025,5,LEIA KLEBIA ARAUJO E VIEIRA,VEREADOR,GABINETE DE LEIA KLEBIA,01/01/2025,,MENSAL,27603.82
2025,5,LEONARDO JOSE ARANTES,VEREADOR,GABINETE DE LEO JOSE,01/01/2025,,MENSAL,27603.82
2025,5,LUAN DEODATO MACHADO ALVES,VEREADOR,GABINETE DE LUAN ALVES,01/01/2025,,MENSAL,27603.82
2025,5,LUCAS DE CASTRO SANTOS,VEREADOR,GABINETE DE LUCAS VERGILIO,01/01/2025,,MENSAL,27603.82
2025,5,LUCAS FERREIRA PIRES BUENO,VEREADOR,GABINETE DE LUCAS KITAO,01/01/2025,,MENSAL,27603.82
2025,5,LUIZ FERNANDO NAVES SANCHES DE SIQUEIRA,VEREADOR,GABINETE DE SANCHES DA FEDERAL,01/01/2025,,MENSAL,27603.82
2025,5,MARCOS ANTONIO DA SILVA,VEREADOR,GABINETE DE MARKIM GOYA,01/01/2025,,MENSAL,27603.82
2025,5,MARIA ROSELENE DEUSDARA CRUVINEL,VEREADOR,GABINETE DE ROSE CRUVINEL,01/01/2025,,MENSAL,27603.82
2025,5,NATANIEL DE SENA SOARES,VEREADOR,GABINETE DE CABO SENNA,01/01/2025,,MENSAL,27603.82
2025,5,NOVANDIR RODRIGUES DA SILVA,VEREADOR,GABINETE DE SARGENTO NOVANDIR,01/01/2025,,MENSAL,27603.82
2025,5,OSEIAS MENDES PEREIRA VARAO,VEREADOR,GABINETE DE OSEIAS VARAO,01/01/2025,,MENSAL,27603.82
2025,5,ROMARIO BARBOSA POLICARPO,PRESIDENTE DA CÂMARA,GABINETE DA PRESIDENCIA,01/01/2025,,MENSAL,33814.67
2025,5,RONILSON DE SOUZA REIS,VEREADOR,GABINETE DE RONILSON REIS,01/01/2025,,MENSAL,27603.82
2025,5,SEBASTIAO PEIXOTO MOURA,VEREADOR,GABINETE DE TIÃO PEIXOTO,01/01/2025,,MENSAL,27603.82
2025,5,THIALU RAPHAEL GUIOTTI LUSTOSA,VEREADOR,GABINETE DE THIALU GUIOTTI,01/01/2025,,MENSAL,27603.82
2025,5,VITOR HUGO DE ARAÚJO ALMEIDA,VEREADOR,GABINETE DE VITOR HUGO,01/01/2025,,MENSAL,27603.82
2025,5,WELLINGTON DE BESSA OLIVEIRA,VEREADOR,GABINETE DE BESSA,01/01/2025,,MENSAL,27603.82
2025,5,WELLINGTON DE URZEDA MOTA,VEREADOR,GABINETE DE CORONEL URZEDA,01/01/2025,,MENSAL,27603.82
2025,5,WELTON DE OLIVEIRA LEMOS,VEREADOR,GABINETE DE WELTON LEMOS,01/01/2025,,MENSAL,27603.82
2025,5,WILLIAM TAVARES DA SILVA,VEREADOR,GABINETE DE WILLIAM DO ARMAZEM,01/01/2025,,MENSAL,27603.82
2025,5,WILLIAN VELOSO DE CARVALHO,VEREADOR,GABINETE DE WILLIAN VELOSO,01/01/2025,,MENSAL,27603.82
2025,6,AAVA SANTIAGO AGUIAR,VEREADOR,GABINETE DE AAVA SANTIAGO,01/01/2025,,MENSAL,27603.82
2025,6,ANDERSON CRUZ E FREIRE,VEREADOR,GABINETE DE PEDRO AZULÃO JR.,01/01/2025,,MENSAL,27603.82
2025,6,ANSELMO PEREIRA DA SILVA SOBRINHO,VEREADOR,GABINETE DE ANSELMO PEREIRA,01/01/2025,,MENSAL,27603.82
2025,6,BRUNO DINIZ MACHADO,VEREADOR,GABINETE DE BRUNO DINIZ,01/01/2025,,MENSAL,27603.82
2025,6,DANIELA PAULA DE FREITAS FERNANDES,VEREADOR,GABINETE DE DANIELA DA GILKA,01/01/2025,,MENSAL,27603.82
2025,6,DENICIO CELIO TRINDADE,VEREADOR,GABINETE DE DENICIO TRINDADE,01/01/2025,,MENSAL,27603.82
2025,6,EDWARD MADUREIRA BRASIL,VEREADOR,GABINETE DE PROFESSOR EDWARD,01/01/2025,,MENSAL,27603.82
2025,6,FABRICIO SILVA ROSA,VEREADOR,GABINETE DE FABRICIO ROSA,01/01/2025,,MENSAL,20702.87
2025,6,GEVERSON ABEL DE SOUZA CARMO,VEREADOR,GABINETE DE GEVERSON ABEL,01/01/2025,,MENSAL,27603.82
2025,6,GUSTAVO CARDOSO GOMIDES,VEREADOR,GABINETE DE DR. GUSTAVO,01/01/2025,,MENSAL,27603.82
2025,6,HENRIQUE ALVES LUIZ PEREIRA,VEREADOR,GABINETE DE HENRIQUE ALVES,01/01/2025,,MENSAL,27603.82
2025,6,HEYLER LUIZ LEAO,VEREADOR,GABINETE DE HEYLER LEAO,01/01/2025,,MENSAL,27603.82
2025,6,IGOR RECELLY FRANCO DE FREITAS,VEREADOR,GABINETE DE IGOR FRANCO,01/01/2025,,MENSAL,27603.82
2025,6,ISAIAS RIBEIRO SANTANA,VEREADOR,GABINETE DE ISAIAS RIBEIRO,01/01/2025,,MENSAL,27603.82
2025,6,JUAREZ DE SOUZA LOPES,VEREADOR,GABINETE DE JUAREZ LOPES,01/01/2025,,MENSAL,27603.82
2025,6,KATIA MARIA DOS SANTOS,VEREADOR,GABINETE DE KATIA MARIA,01/01/2025,,MENSAL,27603.82
2025,6,LEIA KLEBIA ARAUJO E VIEIRA,VEREADOR,GABINETE DE LEIA KLEBIA,01/01/2025,,MENSAL,27603.82
2025,6,LEONARDO JOSE ARANTES,VEREADOR,GABINETE DE LEO JOSE,01/01/2025,,MENSAL,27603.82
2025,6,LUAN DEODATO MACHADO ALVES,VEREADOR,GABINETE DE LUAN ALVES,01/01/2025,,MENSAL,27603.82
2025,6,LUCAS DE CASTRO SANTOS,VEREADOR,GABINETE DE LUCAS VERGILIO,01/01/2025,,MENSAL,27603.82
2025,6,LUCAS FERREIRA PIRES BUENO,VEREADOR,GABINETE DE LUCAS KITAO,01/01/2025,,MENSAL,27603.82
2025,6,LUIZ FERNANDO NAVES SANCHES DE SIQUEIRA,VEREADOR,GABINETE DE SANCHES DA FEDERAL,01/01/2025,,MENSAL,27603.82
2025,6,MARCOS ANTONIO DA SILVA,VEREADOR,GABINETE DE MARKIM GOYA,01/01/2025,,MENSAL,27603.82
2025,6,MARIA ROSELENE DEUSDARA CRUVINEL,VEREADOR,GABINETE DE ROSE CRUVINEL,01/01/2025,,MENSAL,27603.82
2025,6,NATANIEL DE SENA SOARES,VEREADOR,GABINETE DE CABO SENNA,01/01/2025,,MENSAL,27603.82
2025,6,NOVANDIR RODRIGUES DA SILVA,VEREADOR,GABINETE DE SARGENTO NOVANDIR,01/01/2025,,MENSAL,27603.82
2025,6,OSEIAS MENDES PEREIRA VARAO,VEREADOR,GABINETE DE OSEIAS VARAO,01/01/2025,,MENSAL,27603.82
2025,6,ROMARIO BARBOSA POLICARPO,PRESIDENTE DA CÂMARA,GABINETE DA PRESIDENCIA,01/01/2025,,MENSAL,33814.67
2025,6,RONILSON DE SOUZA REIS,VEREADOR,GABINETE DE RONILSON REIS,01/01/2025,,MENSAL,27603.82
2025,6,SEBASTIAO PEIXOTO MOURA,VEREADOR,GABINETE DE TIÃO PEIXOTO,01/01/2025,,MENSAL,27603.82
2025,6,THIALU RAPHAEL GUIOTTI LUSTOSA,VEREADOR,GABINETE DE THIALU GUIOTTI,01/01/2025,,MENSAL,27603.82
2025,6,VITOR HUGO DE ARAÚJO ALMEIDA,VEREADOR,GABINETE DE VITOR HUGO,01/01/2025,,MENSAL,27603.82
2025,6,WELLINGTON DE BESSA OLIVEIRA,VEREADOR,GABINETE DE BESSA,01/01/2025,,MENSAL,27603.82
2025,6,WELLINGTON DE URZEDA MOTA,VEREADOR,GABINETE DE CORONEL URZEDA,01/01/2025,,MENSAL,27603.82
2025,6,WELTON DE OLIVEIRA LEMOS,VEREADOR,GABINETE DE WELTON LEMOS,01/01/2025,,MENSAL,27603.82
2025,6,WILLIAM TAVARES DA SILVA,VEREADOR,GABINETE DE WILLIAM DO ARMAZEM,01/01/2025,,MENSAL,27603.82
2025,6,WILLIAN VELOSO DE CARVALHO,VEREADOR,GABINETE DE WILLIAN VELOSO,01/01/2025,,MENSAL,27603.82
2025,7,AAVA SANTIAGO AGUIAR,VEREADOR,GABINETE DE AAVA SANTIAGO,01/01/2025,,MENSAL,27603.82
2025,7,ANDERSON CRUZ E FREIRE,VEREADOR,GABINETE DE PEDRO AZULÃO JR.,01/01/2025,,MENSAL,27603.82
2025,7,ANSELMO PEREIRA DA SILVA SOBRINHO,VEREADOR,GABINETE DE ANSELMO PEREIRA,01/01/2025,,MENSAL,27603.82
2025,7,BRUNO DINIZ MACHADO,VEREADOR,GABINETE DE BRUNO DINIZ,01/01/2025,,MENSAL,27603.82
2025,7,DANIELA PAULA DE FREITAS FERNANDES,VEREADOR,GABINETE DE DANIELA DA GILKA,01/01/2025,,MENSAL,27603.82
2025,7,DENICIO CELIO TRINDADE,VEREADOR,GABINETE DE DENICIO TRINDADE,01/01/2025,,MENSAL,27603.82
2025,7,EDWARD MADUREIRA BRASIL,VEREADOR,GABINETE DE PROFESSOR EDWARD,01/01/2025,,MENSAL,27603.82
2025,7,FABRICIO SILVA ROSA,VEREADOR,GABINETE DE FABRICIO ROSA,01/01/2025,,MENSAL,20702.87
2025,7,GEVERSON ABEL DE SOUZA CARMO,VEREADOR,GABINETE DE GEVERSON ABEL,01/01/2025,,MENSAL,27603.82
2025,7,GUSTAVO CARDOSO GOMIDES,VEREADOR,GABINETE DE DR. GUSTAVO,01/01/2025,,MENSAL,27603.82
2025,7,HENRIQUE ALVES LUIZ PEREIRA,VEREADOR,GABINETE DE HENRIQUE ALVES,01/01/2025,,MENSAL,27603.82
2025,7,HEYLER LUIZ LEAO,VEREADOR,GABINETE DE HEYLER LEAO,01/01/2025,,MENSAL,27603.82
2025,7,IGOR RECELLY FRANCO DE FREITAS,VEREADOR,GABINETE DE IGOR FRANCO,01/01/2025,,MENSAL,27603.82
2025,7,ISAIAS RIBEIRO SANTANA,VEREADOR,GABINETE DE ISAIAS RIBEIRO,01/01/2025,,MENSAL,27603.82
2025,7,JUAREZ DE SOUZA LOPES,VEREADOR,GABINETE DE JUAREZ LOPES,01/01/2025,,MENSAL,27603.82
2025,7,KATIA MARIA DOS SANTOS,VEREADOR,GABINETE DE KATIA MARIA,01/01/2025,,MENSAL,27603.82
2025,7,LEIA KLEBIA ARAUJO E VIEIRA,VEREADOR,GABINETE DE LEIA KLEBIA,01/01/2025,,MENSAL,27603.82
2025,7,LEONARDO JOSE ARANTES,VEREADOR,GABINETE DE LEO JOSE,01/01/2025,,MENSAL,27603.82
2025,7,LUAN DEODATO MACHADO ALVES,VEREADOR,GABINETE DE LUAN ALVES,01/01/2025,,MENSAL,27603.82
2025,7,LUCAS DE CASTRO SANTOS,VEREADOR,GABINETE DE LUCAS VERGILIO,01/01/2025,,MENSAL,27603.82
2025,7,LUCAS FERREIRA PIRES BUENO,VEREADOR,GABINETE DE LUCAS KITAO,01/01/2025,,MENSAL,27603.82
2025,7,LUIZ FERNANDO NAVES SANCHES DE SIQUEIRA,VEREADOR,GABINETE DE SANCHES DA FEDERAL,01/01/2025,,MENSAL,27603.82
2025,7,MARCOS ANTONIO DA SILVA,VEREADOR,GABINETE DE MARKIM GOYA,01/01/2025,,MENSAL,27603.82
2025,7,MARIA ROSELENE DEUSDARA CRUVINEL,VEREADOR,GABINETE DE ROSE CRUVINEL,01/01/2025,,MENSAL,27603.82
2025,7,NATANIEL DE SENA SOARES,VEREADOR,GABINETE DE CABO SENNA,01/01/2025,,MENSAL,27603.82
2025,7,NOVANDIR RODRIGUES DA SILVA,VEREADOR,GABINETE DE SARGENTO NOVANDIR,01/01/2025,,MENSAL,27603.82
2025,7,OSEIAS MENDES PEREIRA VARAO,VEREADOR,GABINETE DE OSEIAS VARAO,01/01/2025,,MENSAL,27603.82
2025,7,ROMARIO BARBOSA POLICARPO,PRESIDENTE DA CÂMARA,GABINETE DA PRESIDENCIA,01/01/2025,,MENSAL,26913.72
2025,7,RONILSON DE SOUZA REIS,VEREADOR,GABINETE DE RONILSON REIS,01/01/2025,,MENSAL,27603.82
2025,7,SEBASTIAO PEIXOTO MOURA,VEREADOR,GABINETE DE TIÃO PEIXOTO,01/01/2025,,MENSAL,27603.82
2025,7,THIALU RAPHAEL GUIOTTI LUSTOSA,VEREADOR,GABINETE DE THIALU GUIOTTI,01/01/2025,,MENSAL,27603.82
2025,7,VITOR HUGO DE ARAÚJO ALMEIDA,VEREADOR,GABINETE DE VITOR HUGO,01/01/2025,,MENSAL,27603.82
2025,7,WELLINGTON DE BESSA OLIVEIRA,VEREADOR,GABINETE DE BESSA,01/01/2025,,MENSAL,27603.82
2025,7,WELLINGTON DE URZEDA MOTA,VEREADOR,GABINETE DE CORONEL URZEDA,01/01/2025,,MENSAL,27603.82
2025,7,WELTON DE OLIVEIRA LEMOS,VEREADOR,GABINETE DE WELTON LEMOS,01/01/2025,,MENSAL,27603.82
2025,7,WILLIAM TAVARES DA SILVA,VEREADOR,GABINETE DE WILLIAM DO ARMAZEM,01/01/2025,,MENSAL,27603.82
2025,7,WILLIAN VELOSO DE CARVALHO,VEREADOR,GABINETE DE WILLIAN VELOSO,01/01/2025,,MENSAL,27603.82
2025,8,AAVA SANTIAGO AGUIAR,VEREADOR,GABINETE DE AAVA SANTIAGO,01/01/2025,,MENSAL,27603.82
2025,8,ANDERSON CRUZ E FREIRE,VEREADOR,GABINETE DE PEDRO AZULÃO JR.,01/01/2025,,MENSAL,27603.82
2025,8,ANSELMO PEREIRA DA SILVA SOBRINHO,VEREADOR,GABINETE DE ANSELMO PEREIRA,01/01/2025,,MENSAL,27603.82
2025,8,BRUNO DINIZ MACHADO,VEREADOR,GABINETE DE BRUNO DINIZ,01/01/2025,,MENSAL,27603.82
2025,8,DANIELA PAULA DE FREITAS FERNANDES,VEREADOR,GABINETE DE DANIELA DA GILKA,01/01/2025,,MENSAL,27603.82
2025,8,DENICIO CELIO TRINDADE,VEREADOR,GABINETE DE DENICIO TRINDADE,01/01/2025,,MENSAL,27603.82
2025,8,EDWARD MADUREIRA BRASIL,VEREADOR,GABINETE DE PROFESSOR EDWARD,01/01/2025,,MENSAL,27603.82
2025,8,FABRICIO SILVA ROSA,VEREADOR,GABINETE DE FABRICIO ROSA,01/01/2025,,MENSAL,20702.87
2025,8,GEVERSON ABEL DE SOUZA CARMO,VEREADOR,GABINETE DE GEVERSON ABEL,01/01/2025,,MENSAL,27603.82
2025,8,GUSTAVO CARDOSO GOMIDES,VEREADOR,GABINETE DE DR. GUSTAVO,01/01/2025,,MENSAL,27603.82
2025,8,HENRIQUE ALVES LUIZ PEREIRA,VEREADOR,GABINETE DE HENRIQUE ALVES,01/01/2025,,MENSAL,27603.82
2025,8,HEYLER LUIZ LEAO,VEREADOR,GABINETE DE HEYLER LEAO,01/01/2025,,MENSAL,27603.82
2025,8,IGOR RECELLY FRANCO DE FREITAS,VEREADOR,GABINETE DE IGOR FRANCO,01/01/2025,,MENSAL,27603.82
2025,8,ISAIAS RIBEIRO SANTANA,VEREADOR,GABINETE DE ISAIAS RIBEIRO,01/01/2025,,MENSAL,27603.82
2025,8,JUAREZ DE SOUZA LOPES,VEREADOR,GABINETE DE JUAREZ LOPES,01/01/2025,,MENSAL,27603.82
2025,8,KATIA MARIA DOS SANTOS,VEREADOR,GABINETE DE KATIA MARIA,01/01/2025,,MENSAL,27603.82
2025,8,LEIA KLEBIA ARAUJO E VIEIRA,VEREADOR,GABINETE DE LEIA KLEBIA,01/01/2025,,MENSAL,27603.82
2025,8,LEONARDO JOSE ARANTES,VEREADOR,GABINETE DE LEO JOSE,01/01/2025,,MENSAL,27603.82
2025,8,LUAN DEODATO MACHADO ALVES,VEREADOR,GABINETE DE LUAN ALVES,01/01/2025,,MENSAL,27603.82
2025,8,LUCAS DE CASTRO SANTOS,VEREADOR,GABINETE DE LUCAS VERGILIO,01/01/2025,,MENSAL,27603.82
2025,8,LUCAS FERREIRA PIRES BUENO,VEREADOR,GABINETE DE LUCAS KITAO,01/01/2025,,MENSAL,27603.82
2025,8,LUIZ FERNANDO NAVES SANCHES DE SIQUEIRA,VEREADOR,GABINETE DE SANCHES DA FEDERAL,01/01/2025,,MENSAL,27603.82
2025,8,MARCOS ANTONIO DA SILVA,VEREADOR,GABINETE DE MARKIM GOYA,01/01/2025,,MENSAL,27603.82
2025,8,MARIA ROSELENE DEUSDARA CRUVINEL,VEREADOR,GABINETE DE ROSE CRUVINEL,01/01/2025,,MENSAL,27603.82
2025,8,NATANIEL DE SENA SOARES,VEREADOR,GABINETE DE CABO SENNA,01/01/2025,,MENSAL,27603.82
2025,8,NOVANDIR RODRIGUES DA SILVA,VEREADOR,GABINETE DE SARGENTO NOVANDIR,01/01/2025,,MENSAL,27603.82
2025,8,OSEIAS MENDES PEREIRA VARAO,VEREADOR,GABINETE DE OSEIAS VARAO,01/01/2025,,MENSAL,27603.82
2025,8,ROMARIO BARBOSA POLICARPO,PRESIDENTE DA CÂMARA,GABINETE DA PRESIDENCIA,01/01/2025,,MENSAL,26913.72
2025,8,RONILSON DE SOUZA REIS,VEREADOR,GABINETE DE RONILSON REIS,01/01/2025,,MENSAL,27603.82
2025,8,SEBASTIAO PEIXOTO MOURA,VEREADOR,GABINETE DE TIÃO PEIXOTO,01/01/2025,,MENSAL,27603.82
2025,8,THIALU RAPHAEL GUIOTTI LUSTOSA,VEREADOR,GABINETE DE THIALU GUIOTTI,01/01/2025,,MENSAL,27603.82
2025,8,VITOR HUGO DE ARAÚJO ALMEIDA,VEREADOR,GABINETE DE VITOR HUGO,01/01/2025,,MENSAL,27603.82
2025,8,WELLINGTON DE BESSA OLIVEIRA,VEREADOR,GABINETE DE BESSA,01/01/2025,,MENSAL,27603.82
2025,8,WELLINGTON DE URZEDA MOTA,VEREADOR,GABINETE DE CORONEL URZEDA,01/01/2025,,MENSAL,27603.82
2025,8,WELTON DE OLIVEIRA LEMOS,VEREADOR,GABINETE DE WELTON LEMOS,01/01/2025,,MENSAL,27603.82
2025,8,WILLIAM TAVARES DA SILVA,VEREADOR,GABINETE DE WILLIAM DO ARMAZEM,01/01/2025,,MENSAL,27603.82
2025,8,WILLIAN VELOSO DE CARVALHO,VEREADOR,GABINETE DE WILLIAN VELOSO,01/01/2025,,MENSAL,27603.82
2025,9,AAVA SANTIAGO AGUIAR,VEREADOR,GABINETE DE AAVA SANTIAGO,01/01/2025,,MENSAL,27603.82
2025,9,ANDERSON CRUZ E FREIRE,VEREADOR,GABINETE DE PEDRO AZULÃO JR.,01/01/2025,,MENSAL,27603.82
2025,9,ANSELMO PEREIRA DA SILVA SOBRINHO,VEREADOR,GABINETE DE ANSELMO PEREIRA,01/01/2025,,MENSAL,27603.82
2025,9,BRUNO DINIZ MACHADO,VEREADOR,GABINETE DE BRUNO DINIZ,01/01/2025,,MENSAL,27603.82
2025,9,DANIELA PAULA DE FREITAS FERNANDES,VEREADOR,GABINETE DE DANIELA DA GILKA,01/01/2025,,MENSAL,27603.82
2025,9,DENICIO CELIO TRINDADE,VEREADOR,GABINETE DE DENICIO TRINDADE,01/01/2025,,MENSAL,27603.82
2025,9,EDWARD MADUREIRA BRASIL,VEREADOR,GABINETE DE PROFESSOR EDWARD,01/01/2025,,MENSAL,27603.82
2025,9,FABRICIO SILVA ROSA,VEREADOR,GABINETE DE FABRICIO ROSA,01/01/2025,,MENSAL,20702.87
2025,9,GEVERSON ABEL DE SOUZA CARMO,VEREADOR,GABINETE DE GEVERSON ABEL,01/01/2025,,MENSAL,27603.82
2025,9,GUSTAVO CARDOSO GOMIDES,VEREADOR,GABINETE DE DR. GUSTAVO,01/01/2025,,MENSAL,27603.82
2025,9,HENRIQUE ALVES LUIZ PEREIRA,VEREADOR,GABINETE DE HENRIQUE ALVES,01/01/2025,,MENSAL,27603.82
2025,9,HEYLER LUIZ LEAO,VEREADOR,GABINETE DE HEYLER LEAO,01/01/2025,,MENSAL,27603.82
2025,9,IGOR RECELLY FRANCO DE FREITAS,VEREADOR,GABINETE DE IGOR FRANCO,01/01/2025,,MENSAL,27603.82
2025,9,ISAIAS RIBEIRO SANTANA,VEREADOR,GABINETE DE ISAIAS RIBEIRO,01/01/2025,,MENSAL,27603.82
2025,9,JUAREZ DE SOUZA LOPES,VEREADOR,GABINETE DE JUAREZ LOPES,01/01/2025,,MENSAL,27603.82
2025,9,KATIA MARIA DOS SANTOS,VEREADOR,GABINETE DE KATIA MARIA,01/01/2025,,MENSAL,27603.82
2025,9,LEIA KLEBIA ARAUJO E VIEIRA,VEREADOR,GABINETE DE LEIA KLEBIA,01/01/2025,,MENSAL,27603.82
2025,9,LEONARDO JOSE ARANTES,VEREADOR,GABINETE DE LEO JOSE,01/01/2025,,MENSAL,27603.82
2025,9,LUAN DEODATO MACHADO ALVES,VEREADOR,GABINETE DE LUAN ALVES,01/01/2025,,MENSAL,27603.82
2025,9,LUCAS DE CASTRO SANTOS,VEREADOR,GABINETE DE LUCAS VERGILIO,01/01/2025,,MENSAL,27603.82
2025,9,LUCAS FERREIRA PIRES BUENO,VEREADOR,GABINETE DE LUCAS KITAO,01/01/2025,,MENSAL,27603.82
2025,9,LUIZ FERNANDO NAVES SANCHES DE SIQUEIRA,VEREADOR,GABINETE DE SANCHES DA FEDERAL,01/01/2025,,MENSAL,27603.82
2025,9,MARCOS ANTONIO DA SILVA,VEREADOR,GABINETE DE MARKIM GOYA,01/01/2025,,MENSAL,27603.82
2025,9,MARIA ROSELENE DEUSDARA CRUVINEL,VEREADOR,GABINETE DE ROSE CRUVINEL,01/01/2025,,MENSAL,27603.82
2025,9,MICHEL AFIF MAGUL,VEREADOR,GABINETE DE TIÃO PEIXOTO,01/09/2025,01/11/2025,MENSAL,27603.82
2025,9,NATANIEL DE SENA SOARES,VEREADOR,GABINETE DE CABO SENNA,01/01/2025,,MENSAL,27603.82
2025,9,NOVANDIR RODRIGUES DA SILVA,VEREADOR,GABINETE DE SARGENTO NOVANDIR,01/01/2025,,MENSAL,27603.82
2025,9,OSEIAS MENDES PEREIRA VARAO,VEREADOR,GABINETE DE OSEIAS VARAO,01/01/2025,,MENSAL,27603.82
2025,9,ROMARIO BARBOSA POLICARPO,PRESIDENTE DA CÂMARA,GABINETE DA PRESIDENCIA,01/01/2025,,MENSAL,26913.72
2025,9,RONILSON DE SOUZA REIS,VEREADOR,GABINETE DE RONILSON REIS,01/01/2025,,MENSAL,27603.82
2025,9,THIALU RAPHAEL GUIOTTI LUSTOSA,VEREADOR,GABINETE DE THIALU GUIOTTI,01/01/2025,,MENSAL,27603.82
2025,9,VITOR HUGO DE ARAÚJO ALMEIDA,VEREADOR,GABINETE DE VITOR HUGO,01/01/2025,,MENSAL,27603.82
2025,9,WELLINGTON DE BESSA OLIVEIRA,VEREADOR,GABINETE DE BESSA,01/01/2025,,MENSAL,27603.82
2025,9,WELLINGTON DE URZEDA MOTA,VEREADOR,GABINETE DE CORONEL URZEDA,01/01/2025,,MENSAL,27603.82
2025,9,WELTON DE OLIVEIRA LEMOS,VEREADOR,GABINETE DE WELTON LEMOS,01/01/2025,,MENSAL,27603.82
2025,9,WILLIAM TAVARES DA SILVA,VEREADOR,GABINETE DE WILLIAM DO ARMAZEM,01/01/2025,,MENSAL,27603.82
2025,9,WILLIAN VELOSO DE CARVALHO,VEREADOR,GABINETE DE WILLIAN VELOSO,01/01/2025,,MENSAL,27603.82
2025,10,AAVA SANTIAGO AGUIAR,VEREADOR,GABINETE DE AAVA SANTIAGO,01/01/2025,,MENSAL,30270.34
2025,10,ANDERSON CRUZ E FREIRE,VEREADOR,GABINETE DE PEDRO AZULÃO JR.,01/01/2025,,MENSAL,30270.34
2025,10,ANSELMO PEREIRA DA SILVA SOBRINHO,VEREADOR,GABINETE DE ANSELMO PEREIRA,01/01/2025,,MENSAL,30270.34
2025,10,BRUNO DINIZ MACHADO,VEREADOR,GABINETE DE BRUNO DINIZ,01/01/2025,,MENSAL,30270.34
2025,10,DANIELA PAULA DE FREITAS FERNANDES,VEREADOR,GABINETE DE DANIELA DA GILKA,01/01/2025,,MENSAL,30270.34
2025,10,DENICIO CELIO TRINDADE,VEREADOR,GABINETE DE DENICIO TRINDADE,01/01/2025,,MENSAL,30270.34
2025,10,EDWARD MADUREIRA BRASIL,VEREADOR,GABINETE DE PROFESSOR EDWARD,01/01/2025,,MENSAL,30270.34
2025,10,FABRICIO SILVA ROSA,VEREADOR,GABINETE DE FABRICIO ROSA,01/01/2025,,MENSAL,29937.02
2025,10,GEVERSON ABEL DE SOUZA CARMO,VEREADOR,GABINETE DE GEVERSON ABEL,01/01/2025,,MENSAL,30270.34
2025,10,GUSTAVO CARDOSO GOMIDES,VEREADOR,GABINETE DE DR. GUSTAVO,01/01/2025,,MENSAL,30270.34
2025,10,HENRIQUE ALVES LUIZ PEREIRA,VEREADOR,GABINETE DE HENRIQUE ALVES,01/01/2025,,MENSAL,30270.34
2025,10,HEYLER LUIZ LEAO,VEREADOR,GABINETE DE HEYLER LEAO,01/01/2025,,MENSAL,30270.34
2025,10,IGOR RECELLY FRANCO DE FREITAS,VEREADOR,GABINETE DE IGOR FRANCO,01/01/2025,,MENSAL,30270.34
2025,10,ISAIAS RIBEIRO SANTANA,VEREADOR,GABINETE DE ISAIAS RIBEIRO,01/01/2025,,MENSAL,30270.34
2025,10,JUAREZ DE SOUZA LOPES,VEREADOR,GABINETE DE JUAREZ LOPES,01/01/2025,,MENSAL,30270.34
2025,10,KATIA MARIA DOS SANTOS,VEREADOR,GABINETE DE KATIA MARIA,01/01/2025,,MENSAL,30270.34
2025,10,LEIA KLEBIA ARAUJO E VIEIRA,VEREADOR,GABINETE DE LEIA KLEBIA,01/01/2025,,MENSAL,30270.34
2025,10,LEONARDO JOSE ARANTES,VEREADOR,GABINETE DE LEO JOSE,01/01/2025,,MENSAL,30270.34
2025,10,LUAN DEODATO MACHADO ALVES,VEREADOR,GABINETE DE LUAN ALVES,01/01/2025,,MENSAL,30270.34
2025,10,LUCAS DE CASTRO SANTOS,VEREADOR,GABINETE DE LUCAS VERGILIO,01/01/2025,,MENSAL,30270.34
2025,10,LUCAS FERREIRA PIRES BUENO,VEREADOR,GABINETE DE LUCAS KITAO,01/01/2025,,MENSAL,30270.34
2025,10,LUIZ FERNANDO NAVES SANCHES DE SIQUEIRA,VEREADOR,GABINETE DE SANCHES DA FEDERAL,01/01/2025,,MENSAL,30270.34
2025,10,MARCOS ANTONIO DA SILVA,VEREADOR,GABINETE DE MARKIM GOYA,01/01/2025,,MENSAL,30270.34
2025,10,MARIA ROSELENE DEUSDARA CRUVINEL,VEREADOR,GABINETE DE ROSE CRUVINEL,01/01/2025,,MENSAL,30270.34
2025,10,NATANIEL DE SENA SOARES,VEREADOR,GABINETE DE CABO SENNA,01/01/2025,,MENSAL,30270.34
2025,10,NOVANDIR RODRIGUES DA SILVA,VEREADOR,GABINETE DE SARGENTO NOVANDIR,01/01/2025,,MENSAL,30270.34
2025,10,OSEIAS MENDES PEREIRA VARAO,VEREADOR,GABINETE DE OSEIAS VARAO,01/01/2025,,MENSAL,30270.34
2025,10,RODRIGO RIZZO VASQUES FILHO,VEREADOR,GABINETE DE TIÃO PEIXOTO,01/10/2025,01/11/2025,MENSAL,28937.08
2025,10,ROMARIO BARBOSA POLICARPO,PRESIDENTE DA CÂMARA,GABINETE DA PRESIDENCIA,01/01/2025,,MENSAL,29513.58
2025,10,RONILSON DE SOUZA REIS,VEREADOR,GABINETE DE RONILSON REIS,01/01/2025,,MENSAL,30270.34
2025,10,THIALU RAPHAEL GUIOTTI LUSTOSA,VEREADOR,GABINETE DE THIALU GUIOTTI,01/01/2025,,MENSAL,30270.34
2025,10,VITOR HUGO DE ARAÚJO ALMEIDA,VEREADOR,GABINETE DE VITOR HUGO,01/01/2025,,MENSAL,30270.34
2025,10,WELLINGTON DE BESSA OLIVEIRA,VEREADOR,GABINETE DE BESSA,01/01/2025,,MENSAL,30270.34
2025,10,WELLINGTON DE URZEDA MOTA,VEREADOR,GABINETE DE CORONEL URZEDA,01/01/2025,,MENSAL,30270.34
2025,10,WELTON DE OLIVEIRA LEMOS,VEREADOR,GABINETE DE WELTON LEMOS,01/01/2025,,MENSAL,30270.34
2025,10,WILLIAM TAVARES DA SILVA,VEREADOR,GABINETE DE WILLIAM DO ARMAZEM,01/01/2025,,MENSAL,30270.34
2025,10,WILLIAN VELOSO DE CARVALHO,VEREADOR,GABINETE DE WILLIAN VELOSO,01/01/2025,,MENSAL,30270.34
2025,11,AAVA SANTIAGO AGUIAR,VEREADOR,GABINETE DE AAVA SANTIAGO,01/01/2025,,MENSAL,28937.08
2025,11,ANDERSON CRUZ E FREIRE,VEREADOR,GABINETE DE PEDRO AZULÃO JR.,01/01/2025,,MENSAL,28937.08
2025,11,ANSELMO PEREIRA DA SILVA SOBRINHO,VEREADOR,GABINETE DE ANSELMO PEREIRA,01/01/2025,,MENSAL,28937.08
2025,11,BRUNO DINIZ MACHADO,VEREADOR,GABINETE DE BRUNO DINIZ,01/01/2025,,MENSAL,28937.08
2025,11,DANIELA PAULA DE FREITAS FERNANDES,VEREADOR,GABINETE DE DANIELA DA GILKA,01/01/2025,,MENSAL,28937.08
2025,11,DENICIO CELIO TRINDADE,VEREADOR,GABINETE DE DENICIO TRINDADE,01/01/2025,,MENSAL,28937.08
2025,11,EDWARD MADUREIRA BRASIL,VEREADOR,GABINETE DE PROFESSOR EDWARD,01/01/2025,,MENSAL,28937.08
2025,11,FABRICIO SILVA ROSA,VEREADOR,GABINETE DE FABRICIO ROSA,01/01/2025,,MENSAL,28937.08
2025,11,GEVERSON ABEL DE SOUZA CARMO,VEREADOR,GABINETE DE GEVERSON ABEL,01/01/2025,,MENSAL,28937.08
2025,11,GUSTAVO CARDOSO GOMIDES,VEREADOR,GABINETE DE DR. GUSTAVO,01/01/2025,,MENSAL,28937.08
2025,11,HENRIQUE ALVES LUIZ PEREIRA,VEREADOR,GABINETE DE HENRIQUE ALVES,01/01/2025,,MENSAL,28937.08
2025,11,HEYLER LUIZ LEAO,VEREADOR,GABINETE DE HEYLER LEAO,01/01/2025,,MENSAL,28937.08
2025,11,IGOR RECELLY FRANCO DE FREITAS,VEREADOR,GABINETE DE IGOR FRANCO,01/01/2025,,MENSAL,28937.08
2025,11,ISAIAS RIBEIRO SANTANA,VEREADOR,GABINETE DE ISAIAS RIBEIRO,01/01/2025,,MENSAL,28937.08
2025,11,JUAREZ DE SOUZA LOPES,VEREADOR,GABINETE DE JUAREZ LOPES,01/01/2025,,MENSAL,28937.08
2025,11,KATIA MARIA DOS SANTOS,VEREADOR,GABINETE DE KATIA MARIA,01/01/2025,,MENSAL,28937.08
2025,11,LEIA KLEBIA ARAUJO E VIEIRA,VEREADOR,GABINETE DE LEIA KLEBIA,01/01/2025,,MENSAL,28937.08
2025,11,LEONARDO JOSE ARANTES,VEREADOR,GABINETE DE LEO JOSE,01/01/2025,,MENSAL,28937.08
2025,11,LUAN DEODATO MACHADO ALVES,VEREADOR,GABINETE DE LUAN ALVES,01/01/2025,,MENSAL,28937.08
2025,11,LUCAS DE CASTRO SANTOS,VEREADOR,GABINETE DE LUCAS VERGILIO,01/01/2025,,MENSAL,28937.08
2025,11,LUCAS FERREIRA PIRES BUENO,VEREADOR,GABINETE DE LUCAS KITAO,01/01/2025,,MENSAL,28937.08
2025,11,LUIZ FERNANDO NAVES SANCHES DE SIQUEIRA,VEREADOR,GABINETE DE SANCHES DA FEDERAL,01/01/2025,,MENSAL,28937.08
2025,11,MARCOS ANTONIO DA SILVA,VEREADOR,GABINETE DE MARKIM GOYA,01/01/2025,,MENSAL,28937.08
2025,11,MARIA ROSELENE DEUSDARA CRUVINEL,VEREADOR,GABINETE DE ROSE CRUVINEL,01/01/2025,,MENSAL,28937.08
2025,11,MICHEL AFIF MAGUL,VEREADOR,GABINETE DE TIÃO PEIXOTO,01/09/2025,01/11/2025,RESCISÃO,4219.97
2025,11,NATANIEL DE SENA SOARES,VEREADOR,GABINETE DE CABO SENNA,01/01/2025,,MENSAL,28937.08
2025,11,NOVANDIR RODRIGUES DA SILVA,VEREADOR,GABINETE DE SARGENTO NOVANDIR,01/01/2025,,MENSAL,28937.08
2025,11,OSEIAS MENDES PEREIRA VARAO,VEREADOR,GABINETE DE OSEIAS VARAO,01/01/2025,,MENSAL,28937.08
2025,11,RODRIGO RIZZO VASQUES FILHO,VEREADOR,GABINETE DE TIÃO PEIXOTO,01/10/2025,01/11/2025,RESCISÃO,4219.97
2025,11,ROMARIO BARBOSA POLICARPO,PRESIDENTE DA CÂMARA,GABINETE DA PRESIDENCIA,01/01/2025,,MENSAL,28213.65
2025,11,RONILSON DE SOUZA REIS,VEREADOR,GABINETE DE RONILSON REIS,01/01/2025,,MENSAL,28937.08
2025,11,SEBASTIAO PEIXOTO MOURA,VEREADOR,GABINETE DE TIÃO PEIXOTO,01/01/2025,,MENSAL,28937.08
2025,11,THIALU RAPHAEL GUIOTTI LUSTOSA,VEREADOR,GABINETE DE THIALU GUIOTTI,01/01/2025,,MENSAL,28937.08
2025,11,VITOR HUGO DE ARAÚJO ALMEIDA,VEREADOR,GABINETE DE VITOR HUGO,01/01/2025,,MENSAL,28937.08
2025,11,WELLINGTON DE BESSA OLIVEIRA,VEREADOR,GABINETE DE BESSA,01/01/2025,,MENSAL,28937.08
2025,11,WELLINGTON DE URZEDA MOTA,VEREADOR,GABINETE DE CORONEL URZEDA,01/01/2025,,MENSAL,28937.08
2025,11,WELTON DE OLIVEIRA LEMOS,VEREADOR,GABINETE DE WELTON LEMOS,01/01/2025,,MENSAL,28937.08
2025,11,WILLIAM TAVARES DA SILVA,VEREADOR,GABINETE DE WILLIAM DO ARMAZEM,01/01/2025,,MENSAL,28937.08
2025,11,WILLIAN VELOSO DE CARVALHO,VEREADOR,GABINETE DE WILLIAN VELOSO,01/01/2025,,MENSAL,28937.08
2025,12,AAVA SANTIAGO AGUIAR,VEREADOR,GABINETE DE AAVA SANTIAGO,01/01/2025,,MENSAL,28937.08
2025,12,AAVA SANTIAGO AGUIAR,VEREADOR,GABINETE DE AAVA SANTIAGO,01/01/2025,,FÉRIAS,7234.27
2025,12,AAVA SANTIAGO AGUIAR,VEREADOR,GABINETE DE AAVA SANTIAGO,01/01/2025,,13º SALÁRIO,21702.81
2025,12,ANDERSON CRUZ E FREIRE,VEREADOR,GABINETE DE PEDRO AZULÃO JR.,01/01/2025,,MENSAL,28937.08
2025,12,ANDERSON CRUZ E FREIRE,VEREADOR,GABINETE DE PEDRO AZULÃO JR.,01/01/2025,,FÉRIAS,7234.27
2025,12,ANDERSON CRUZ E FREIRE,VEREADOR,GABINETE DE PEDRO AZULÃO JR.,01/01/2025,,13º SALÁRIO,21702.81
2025,12,ANSELMO PEREIRA DA SILVA SOBRINHO,VEREADOR,GABINETE DE ANSELMO PEREIRA,01/01/2025,,MENSAL,28937.08
2025,12,ANSELMO PEREIRA DA SILVA SOBRINHO,VEREADOR,GABINETE DE ANSELMO PEREIRA,01/01/2025,,FÉRIAS,7234.27
2025,12,ANSELMO PEREIRA DA SILVA SOBRINHO,VEREADOR,GABINETE DE ANSELMO PEREIRA,01/01/2025,,13º SALÁRIO,21702.81
2025,12,BRUNO DINIZ MACHADO,VEREADOR,GABINETE DE BRUNO DINIZ,01/01/2025,,MENSAL,28937.08
2025,12,BRUNO DINIZ MACHADO,VEREADOR,GABINETE DE BRUNO DINIZ,01/01/2025,,FÉRIAS,7234.27
2025,12,BRUNO DINIZ MACHADO,VEREADOR,GABINETE DE BRUNO DINIZ,01/01/2025,,13º SALÁRIO,21702.81
2025,12,DANIELA PAULA DE FREITAS FERNANDES,VEREADOR,GABINETE DE DANIELA DA GILKA,01/01/2025,,MENSAL,28937.08
2025,12,DANIELA PAULA DE FREITAS FERNANDES,VEREADOR,GABINETE DE DANIELA DA GILKA,01/01/2025,,FÉRIAS,7234.27
2025,12,DANIELA PAULA DE FREITAS FERNANDES,VEREADOR,GABINETE DE DANIELA DA GILKA,01/01/2025,,13º SALÁRIO,21702.81
2025,12,DENICIO CELIO TRINDADE,VEREADOR,GABINETE DE DENICIO TRINDADE,01/01/2025,,MENSAL,28937.08
2025,12,DENICIO CELIO TRINDADE,VEREADOR,GABINETE DE DENICIO TRINDADE,01/01/2025,,FÉRIAS,7234.27
2025,12,DENICIO CELIO TRINDADE,VEREADOR,GABINETE DE DENICIO TRINDADE,01/01/2025,,13º SALÁRIO,21702.81
2025,12,EDWARD MADUREIRA BRASIL,VEREADOR,GABINETE DE PROFESSOR EDWARD,01/01/2025,,MENSAL,28937.08
2025,12,EDWARD MADUREIRA BRASIL,VEREADOR,GABINETE DE PROFESSOR EDWARD,01/01/2025,,FÉRIAS,7234.27
2025,12,EDWARD MADUREIRA BRASIL,VEREADOR,GABINETE DE PROFESSOR EDWARD,01/01/2025,,13º SALÁRIO,21702.81
2025,12,FABRICIO SILVA ROSA,VEREADOR,GABINETE DE FABRICIO ROSA,01/01/2025,,MENSAL,28937.08
2025,12,FABRICIO SILVA ROSA,VEREADOR,GABINETE DE FABRICIO ROSA,01/01/2025,,FÉRIAS,7234.27
2025,12,FABRICIO SILVA ROSA,VEREADOR,GABINETE DE FABRICIO ROSA,01/01/2025,,13º SALÁRIO,21702.81
2025,12,GEVERSON ABEL DE SOUZA CARMO,VEREADOR,GABINETE DE GEVERSON ABEL,01/01/2025,,MENSAL,28937.08
2025,12,GEVERSON ABEL DE SOUZA CARMO,VEREADOR,GABINETE DE GEVERSON ABEL,01/01/2025,,FÉRIAS,7234.27
2025,12,GEVERSON ABEL DE SOUZA CARMO,VEREADOR,GABINETE DE GEVERSON ABEL,01/01/2025,,13º SALÁRIO,21702.81
2025,12,GUSTAVO CARDOSO GOMIDES,VEREADOR,GABINETE DE DR. GUSTAVO,01/01/2025,,MENSAL,28937.08
2025,12,GUSTAVO CARDOSO GOMIDES,VEREADOR,GABINETE DE DR. GUSTAVO,01/01/2025,,FÉRIAS,7234.27
2025,12,GUSTAVO CARDOSO GOMIDES,VEREADOR,GABINETE DE DR. GUSTAVO,01/01/2025,,13º SALÁRIO,21702.81
2025,12,HENRIQUE ALVES LUIZ PEREIRA,VEREADOR,GABINETE DE HENRIQUE ALVES,01/01/2025,,MENSAL,28937.08
2025,12,HENRIQUE ALVES LUIZ PEREIRA,VEREADOR,GABINETE DE HENRIQUE ALVES,01/01/2025,,FÉRIAS,7234.27
2025,12,HENRIQUE ALVES LUIZ PEREIRA,VEREADOR,GABINETE DE HENRIQUE ALVES,01/01/2025,,13º SALÁRIO,21702.81
2025,12,HEYLER LUIZ LEAO,VEREADOR,GABINETE DE HEYLER LEAO,01/01/2025,,MENSAL,28937.08
2025,12,HEYLER LUIZ LEAO,VEREADOR,GABINETE DE HEYLER LEAO,01/01/2025,,FÉRIAS,7234.27
2025,12,HEYLER LUIZ LEAO,VEREADOR,GABINETE DE HEYLER LEAO,01/01/2025,,13º SALÁRIO,21702.81
2025,12,IGOR RECELLY FRANCO DE FREITAS,VEREADOR,GABINETE DE IGOR FRANCO,01/01/2025,,MENSAL,28937.08
2025,12,IGOR RECELLY FRANCO DE FREITAS,VEREADOR,GABINETE DE IGOR FRANCO,01/01/2025,,FÉRIAS,7234.27
2025,12,IGOR RECELLY FRANCO DE FREITAS,VEREADOR,GABINETE DE IGOR FRANCO,01/01/2025,,13º SALÁRIO,21702.81
2025,12,ISAIAS RIBEIRO SANTANA,VEREADOR,GABINETE DE ISAIAS RIBEIRO,01/01/2025,,MENSAL,28937.08
2025,12,ISAIAS RIBEIRO SANTANA,VEREADOR,GABINETE DE ISAIAS RIBEIRO,01/01/2025,,FÉRIAS,7234.27
2025,12,ISAIAS RIBEIRO SANTANA,VEREADOR,GABINETE DE ISAIAS RIBEIRO,01/01/2025,,13º SALÁRIO,21702.81
2025,12,JUAREZ DE SOUZA LOPES,VEREADOR,GABINETE DE JUAREZ LOPES,01/01/2025,,MENSAL,28937.08
2025,12,JUAREZ DE SOUZA LOPES,VEREADOR,GABINETE DE JUAREZ LOPES,01/01/2025,,FÉRIAS,7234.27
2025,12,JUAREZ DE SOUZA LOPES,VEREADOR,GABINETE DE JUAREZ LOPES,01/01/2025,,13º SALÁRIO,21702.81
2025,12,KATIA MARIA DOS SANTOS,VEREADOR,GABINETE DE KATIA MARIA,01/01/2025,,MENSAL,28937.08
2025,12,KATIA MARIA DOS SANTOS,VEREADOR,GABINETE DE KATIA MARIA,01/01/2025,,FÉRIAS,7234.27
2025,12,KATIA MARIA DOS SANTOS,VEREADOR,GABINETE DE KATIA MARIA,01/01/2025,,13º SALÁRIO,21702.81
2025,12,LEIA KLEBIA ARAUJO E VIEIRA,VEREADOR,GABINETE DE LEIA KLEBIA,01/01/2025,,MENSAL,28937.08
2025,12,LEIA KLEBIA ARAUJO E VIEIRA,VEREADOR,GABINETE DE LEIA KLEBIA,01/01/2025,,FÉRIAS,7234.27
2025,12,LEIA KLEBIA ARAUJO E VIEIRA,VEREADOR,GABINETE DE LEIA KLEBIA,01/01/2025,,13º SALÁRIO,21702.81
2025,12,LEONARDO JOSE ARANTES,VEREADOR,GABINETE DE LEO JOSE,01/01/2025,,MENSAL,28937.08
2025,12,LEONARDO JOSE ARANTES,VEREADOR,GABINETE DE LEO JOSE,01/01/2025,,FÉRIAS,7234.27
2025,12,LEONARDO JOSE ARANTES,VEREADOR,GABINETE DE LEO JOSE,01/01/2025,,13º SALÁRIO,21702.81
2025,12,LUAN DEODATO MACHADO ALVES,VEREADOR,GABINETE DE LUAN ALVES,01/01/2025,,MENSAL,28937.08
2025,12,LUAN DEODATO MACHADO ALVES,VEREADOR,GABINETE DE LUAN ALVES,01/01/2025,,FÉRIAS,7234.27
2025,12,LUAN DEODATO MACHADO ALVES,VEREADOR,GABINETE DE LUAN ALVES,01/01/2025,,13º SALÁRIO,21702.81
2025,12,LUCAS DE CASTRO SANTOS,VEREADOR,GABINETE DE LUCAS VERGILIO,01/01/2025,,MENSAL,28937.08
2025,12,LUCAS DE CASTRO SANTOS,VEREADOR,GABINETE DE LUCAS VERGILIO,01/01/2025,,FÉRIAS,7234.27
2025,12,LUCAS DE CASTRO SANTOS,VEREADOR,GABINETE DE LUCAS VERGILIO,01/01/2025,,13º SALÁRIO,21702.81
2025,12,LUCAS FERREIRA PIRES BUENO,VEREADOR,GABINETE DE LUCAS KITAO,01/01/2025,,MENSAL,28937.08
2025,12,LUCAS FERREIRA PIRES BUENO,VEREADOR,GABINETE DE LUCAS KITAO,01/01/2025,,FÉRIAS,7234.27
2025,12,LUCAS FERREIRA PIRES BUENO,VEREADOR,GABINETE DE LUCAS KITAO,01/01/2025,,13º SALÁRIO,21702.81
2025,12,LUIZ FERNANDO NAVES SANCHES DE SIQUEIRA,VEREADOR,GABINETE DE SANCHES DA FEDERAL,01/01/2025,,MENSAL,28937.08
2025,12,LUIZ FERNANDO NAVES SANCHES DE SIQUEIRA,VEREADOR,GABINETE DE SANCHES DA FEDERAL,01/01/2025,,FÉRIAS,7234.27
2025,12,LUIZ FERNANDO NAVES SANCHES DE SIQUEIRA,VEREADOR,GABINETE DE SANCHES DA FEDERAL,01/01/2025,,13º SALÁRIO,21702.81
2025,12,MARCOS ANTONIO DA SILVA,VEREADOR,GABINETE DE MARKIM GOYA,01/01/2025,,MENSAL,28937.08
2025,12,MARCOS ANTONIO DA SILVA,VEREADOR,GABINETE DE MARKIM GOYA,01/01/2025,,FÉRIAS,7234.27
2025,12,MARCOS ANTONIO DA SILVA,VEREADOR,GABINETE DE MARKIM GOYA,01/01/2025,,13º SALÁRIO,21702.81
2025,12,MARIA ROSELENE DEUSDARA CRUVINEL,VEREADOR,GABINETE DE ROSE CRUVINEL,01/01/2025,,MENSAL,28937.08
2025,12,MARIA ROSELENE DEUSDARA CRUVINEL,VEREADOR,GABINETE DE ROSE CRUVINEL,01/01/2025,,FÉRIAS,7234.27
2025,12,MARIA ROSELENE DEUSDARA CRUVINEL,VEREADOR,GABINETE DE ROSE CRUVINEL,01/01/2025,,13º SALÁRIO,21702.81
2025,12,NATANIEL DE SENA SOARES,VEREADOR,GABINETE DE CABO SENNA,01/01/2025,,MENSAL,28937.08
2025,12,NATANIEL DE SENA SOARES,VEREADOR,GABINETE DE CABO SENNA,01/01/2025,,FÉRIAS,7234.27
2025,12,NATANIEL DE SENA SOARES,VEREADOR,GABINETE DE CABO SENNA,01/01/2025,,13º SALÁRIO,21702.81
2025,12,NOVANDIR RODRIGUES DA SILVA,VEREADOR,GABINETE DE SARGENTO NOVANDIR,01/01/2025,,MENSAL,28937.08
2025,12,NOVANDIR RODRIGUES DA SILVA,VEREADOR,GABINETE DE SARGENTO NOVANDIR,01/01/2025,,FÉRIAS,7234.27
2025,12,NOVANDIR RODRIGUES DA SILVA,VEREADOR,GABINETE DE SARGENTO NOVANDIR,01/01/2025,,13º SALÁRIO,21702.81
2025,12,OSEIAS MENDES PEREIRA VARAO,VEREADOR,GABINETE DE OSEIAS VARAO,01/01/2025,,MENSAL,28937.08
2025,12,OSEIAS MENDES PEREIRA VARAO,VEREADOR,GABINETE DE OSEIAS VARAO,01/01/2025,,FÉRIAS,7234.27
2025,12,OSEIAS MENDES PEREIRA VARAO,VEREADOR,GABINETE DE OSEIAS VARAO,01/01/2025,,13º SALÁRIO,21702.81
2025,12,ROMARIO BARBOSA POLICARPO,PRESIDENTE DA CÂMARA,GABINETE DA PRESIDENCIA,01/01/2025,,MENSAL,35447.92
2025,12,ROMARIO BARBOSA POLICARPO,PRESIDENTE DA CÂMARA,GABINETE DA PRESIDENCIA,01/01/2025,,FÉRIAS,8693.66
2025,12,ROMARIO BARBOSA POLICARPO,PRESIDENTE DA CÂMARA,GABINETE DA PRESIDENCIA,01/01/2025,,13º SALÁRIO,28213.65
2025,12,RONILSON DE SOUZA REIS,VEREADOR,GABINETE DE RONILSON REIS,01/01/2025,,MENSAL,28937.08
2025,12,RONILSON DE SOUZA REIS,VEREADOR,GABINETE DE RONILSON REIS,01/01/2025,,FÉRIAS,7234.27
2025,12,RONILSON DE SOUZA REIS,VEREADOR,GABINETE DE RONILSON REIS,01/01/2025,,13º SALÁRIO,21702.81
2025,12,SEBASTIAO PEIXOTO MOURA,VEREADOR,GABINETE DE TIÃO PEIXOTO,01/01/2025,,MENSAL,28937.08
2025,12,SEBASTIAO PEIXOTO MOURA,VEREADOR,GABINETE DE TIÃO PEIXOTO,01/01/2025,,FÉRIAS,6028.28
2025,12,SEBASTIAO PEIXOTO MOURA,VEREADOR,GABINETE DE TIÃO PEIXOTO,01/01/2025,,13º SALÁRIO,18084.84
2025,12,THIALU RAPHAEL GUIOTTI LUSTOSA,VEREADOR,GABINETE DE THIALU GUIOTTI,01/01/2025,,MENSAL,28937.08
2025,12,THIALU RAPHAEL GUIOTTI LUSTOSA,VEREADOR,GABINETE DE THIALU GUIOTTI,01/01/2025,,FÉRIAS,7234.27
2025,12,THIALU RAPHAEL GUIOTTI LUSTOSA,VEREADOR,GABINETE DE THIALU GUIOTTI,01/01/2025,,13º SALÁRIO,21702.81
2025,12,VITOR HUGO DE ARAÚJO ALMEIDA,VEREADOR,GABINETE DE VITOR HUGO,01/01/2025,,MENSAL,28937.08
2025,12,VITOR HUGO DE ARAÚJO ALMEIDA,VEREADOR,GABINETE DE VITOR HUGO,01/01/2025,,FÉRIAS,7234.27
2025,12,VITOR HUGO DE ARAÚJO ALMEIDA,VEREADOR,GABINETE DE VITOR HUGO,01/01/2025,,13º SALÁRIO,21702.81
2025,12,WELLINGTON DE BESSA OLIVEIRA,VEREADOR,GABINETE DE BESSA,01/01/2025,,MENSAL,28937.08
2025,12,WELLINGTON DE BESSA OLIVEIRA,VEREADOR,GABINETE DE BESSA,01/01/2025,,FÉRIAS,7234.27
2025,12,WELLINGTON DE BESSA OLIVEIRA,VEREADOR,GABINETE DE BESSA,01/01/2025,,13º SALÁRIO,21702.81
2025,12,WELLINGTON DE URZEDA MOTA,VEREADOR,GABINETE DE CORONEL URZEDA,01/01/2025,,MENSAL,28937.08
2025,12,WELLINGTON DE URZEDA MOTA,VEREADOR,GABINETE DE CORONEL URZEDA,01/01/2025,,FÉRIAS,7234.27
2025,12,WELLINGTON DE URZEDA MOTA,VEREADOR,GABINETE DE CORONEL URZEDA,01/01/2025,,13º SALÁRIO,21702.81
2025,12,WELTON DE OLIVEIRA LEMOS,VEREADOR,GABINETE DE WELTON LEMOS,01/01/2025,,MENSAL,28937.08
2025,12,WELTON DE OLIVEIRA LEMOS,VEREADOR,GABINETE DE WELTON LEMOS,01/01/2025,,FÉRIAS,7234.27
2025,12,WELTON DE OLIVEIRA LEMOS,VEREADOR,GABINETE DE WELTON LEMOS,01/01/2025,,13º SALÁRIO,21702.81
2025,12,WILLIAM TAVARES DA SILVA,VEREADOR,GABINETE DE WILLIAM DO ARMAZEM,01/01/2025,,MENSAL,28937.08
2025,12,WILLIAM TAVARES DA SILVA,VEREADOR,GABINETE DE WILLIAM DO ARMAZEM,01/01/2025,,FÉRIAS,7234.27
2025,12,WILLIAM TAVARES DA SILVA,VEREADOR,GABINETE DE WILLIAM DO ARMAZEM,01/01/2025,,13º SALÁRIO,21702.81
2025,12,WILLIAN VELOSO DE CARVALHO,VEREADOR,GABINETE DE WILLIAN VELOSO,01/01/2025,,MENSAL,28937.08
2025,12,WILLIAN VELOSO DE CARVALHO,VEREADOR,GABINETE DE WILLIAN VELOSO,01/01/2025,,FÉRIAS,7234.27
2025,12,WILLIAN VELOSO DE CARVALHO,VEREADOR,GABINETE DE WILLIAN VELOSO,01/01/2025,,13º SALÁRIO,21702.81
2026,1,AAVA SANTIAGO AGUIAR,VEREADOR,GABINETE DE AAVA SANTIAGO,01/01/2025,,MENSAL,28937.08
2026,1,ANDERSON CRUZ E FREIRE,VEREADOR,GABINETE DE PEDRO AZULÃO JR.,01/01/2025,,MENSAL,28937.08
2026,1,ANSELMO PEREIRA DA SILVA SOBRINHO,VEREADOR,GABINETE DE ANSELMO PEREIRA,01/01/2025,,MENSAL,28937.08
2026,1,BRUNO DINIZ MACHADO,VEREADOR,GABINETE DE BRUNO DINIZ,01/01/2025,,MENSAL,28937.08
2026,1,DANIELA PAULA DE FREITAS FERNANDES,VEREADOR,GABINETE DE DANIELA DA GILKA,01/01/2025,,MENSAL,28937.08
2026,1,DENICIO CELIO TRINDADE,VEREADOR,GABINETE DE DENICIO TRINDADE,01/01/2025,,MENSAL,28937.08
2026,1,EDWARD MADUREIRA BRASIL,VEREADOR,GABINETE DE PROFESSOR EDWARD,01/01/2025,,MENSAL,28937.08
2026,1,FABRICIO SILVA ROSA,VEREADOR,GABINETE DE FABRICIO ROSA,01/01/2025,,MENSAL,28937.08
2026,1,GEVERSON ABEL DE SOUZA CARMO,VEREADOR,GABINETE DE GEVERSON ABEL,01/01/2025,,MENSAL,28937.08
2026,1,GUSTAVO CARDOSO GOMIDES,VEREADOR,GABINETE DE DR. GUSTAVO,01/01/2025,,MENSAL,28937.08
2026,1,HENRIQUE ALVES LUIZ PEREIRA,VEREADOR,GABINETE DE HENRIQUE ALVES,01/01/2025,,MENSAL,28937.08
2026,1,HEYLER LUIZ LEAO,VEREADOR,GABINETE DE HEYLER LEAO,01/01/2025,,MENSAL,28937.08
2026,1,IGOR RECELLY FRANCO DE FREITAS,VEREADOR,GABINETE DE IGOR FRANCO,01/01/2025,,MENSAL,28937.08
2026,1,ISAIAS RIBEIRO SANTANA,VEREADOR,GABINETE DE ISAIAS RIBEIRO,01/01/2025,,MENSAL,28937.08
2026,1,JUAREZ DE SOUZA LOPES,VEREADOR,GABINETE DE JUAREZ LOPES,01/01/2025,,MENSAL,28937.08
2026,1,KATIA MARIA DOS SANTOS,VEREADOR,GABINETE DE KATIA MARIA,01/01/2025,,MENSAL,28937.08
2026,1,LEIA KLEBIA ARAUJO E VIEIRA,VEREADOR,GABINETE DE LEIA KLEBIA,01/01/2025,,MENSAL,28937.08
2026,1,LEONARDO JOSE ARANTES,VEREADOR,GABINETE DE LEO JOSE,01/01/2025,,MENSAL,28937.08
2026,1,LUAN DEODATO MACHADO ALVES,VEREADOR,GABINETE DE LUAN ALVES,01/01/2025,,MENSAL,28937.08
2026,1,LUCAS DE CASTRO SANTOS,VEREADOR,GABINETE DE LUCAS VERGILIO,01/01/2025,,MENSAL,28937.08
2026,1,LUCAS FERREIRA PIRES BUENO,VEREADOR,GABINETE DE LUCAS KITAO,01/01/2025,,MENSAL,28937.08
2026,1,LUIZ FERNANDO NAVES SANCHES DE SIQUEIRA,VEREADOR,GABINETE DE SANCHES DA FEDERAL,01/01/2025,,MENSAL,28937.08
2026,1,MARCOS ANTONIO DA SILVA,VEREADOR,GABINETE DE MARKIM GOYA,01/01/2025,,MENSAL,28937.08
2026,1,MARIA ROSELENE DEUSDARA CRUVINEL,VEREADOR,GABINETE DE ROSE CRUVINEL,01/01/2025,,MENSAL,28937.08
2026,1,NATANIEL DE SENA SOARES,VEREADOR,GABINETE DE CABO SENNA,01/01/2025,,MENSAL,28937.08
2026,1,NOVANDIR RODRIGUES DA SILVA,VEREADOR,GABINETE DE SARGENTO NOVANDIR,01/01/2025,,MENSAL,28937.08
2026,1,OSEIAS MENDES PEREIRA VARAO,VEREADOR,GABINETE DE OSEIAS VARAO,01/01/2025,,MENSAL,28937.08
2026,1,ROMARIO BARBOSA POLICARPO,PRESIDENTE DA CÂMARA,GABINETE DA PRESIDENCIA,01/01/2025,,MENSAL,35447.92
2026,1,RONILSON DE SOUZA REIS,VEREADOR,GABINETE DE RONILSON REIS,01/01/2025,,MENSAL,28937.08
2026,1,SEBASTIAO PEIXOTO MOURA,VEREADOR,GABINETE DE TIÃO PEIXOTO,01/01/2025,,MENSAL,28937.08
2026,1,THIALU RAPHAEL GUIOTTI LUSTOSA,VEREADOR,GABINETE DE THIALU GUIOTTI,01/01/2025,,MENSAL,28937.08
2026,1,VITOR HUGO DE ARAÚJO ALMEIDA,VEREADOR,GABINETE DE VITOR HUGO,01/01/2025,,MENSAL,28937.08
2026,1,WELLINGTON DE BESSA OLIVEIRA,VEREADOR,GABINETE DE BESSA,01/01/2025,,MENSAL,28937.08
2026,1,WELLINGTON DE URZEDA MOTA,VEREADOR,GABINETE DE CORONEL URZEDA,01/01/2025,,MENSAL,28937.08
2026,1,WELTON DE OLIVEIRA LEMOS,VEREADOR,GABINETE DE WELTON LEMOS,01/01/2025,,MENSAL,28937.08
2026,1,WILLIAM TAVARES DA SILVA,VEREADOR,GABINETE DE WILLIAM DO ARMAZEM,01/01/2025,,MENSAL,28937.08
2026,1,WILLIAN VELOSO DE CARVALHO,VEREADOR,GABINETE DE WILLIAN VELOSO,01/01/2025,,MENSAL,28937.08
2026,2,AAVA SANTIAGO AGUIAR,VEREADOR,GABINETE DE AAVA SANTIAGO,01/01/2025,,MENSAL,28937.08
2026,2,ANDERSON CRUZ E FREIRE,VEREADOR,GABINETE DE PEDRO AZULÃO JR.,01/01/2025,,MENSAL,28937.08
2026,2,ANSELMO PEREIRA DA SILVA SOBRINHO,VEREADOR,GABINETE DE ANSELMO PEREIRA,01/01/2025,,MENSAL,28937.08
2026,2,BRUNO DINIZ MACHADO,VEREADOR,GABINETE DE BRUNO DINIZ,01/01/2025,,MENSAL,28937.08
2026,2,DANIELA PAULA DE FREITAS FERNANDES,VEREADOR,GABINETE DE DANIELA DA GILKA,01/01/2025,,MENSAL,28937.08
2026,2,DENICIO CELIO TRINDADE,VEREADOR,GABINETE DE DENICIO TRINDADE,01/01/2025,,MENSAL,28937.08
2026,2,EDWARD MADUREIRA BRASIL,VEREADOR,GABINETE DE PROFESSOR EDWARD,01/01/2025,,MENSAL,28937.08
2026,2,FABRICIO SILVA ROSA,VEREADOR,GABINETE DE FABRICIO ROSA,01/01/2025,,MENSAL,7234.27
2026,2,GEVERSON ABEL DE SOUZA CARMO,VEREADOR,GABINETE DE GEVERSON ABEL,01/01/2025,,MENSAL,28937.08
2026,2,GUSTAVO CARDOSO GOMIDES,VEREADOR,GABINETE DE DR. GUSTAVO,01/01/2025,,MENSAL,28937.08
2026,2,HENRIQUE ALVES LUIZ PEREIRA,VEREADOR,GABINETE DE HENRIQUE ALVES,01/01/2025,,MENSAL,28937.08
2026,2,HEYLER LUIZ LEAO,VEREADOR,GABINETE DE HEYLER LEAO,01/01/2025,,MENSAL,28937.08
2026,2,IGOR RECELLY FRANCO DE FREITAS,VEREADOR,GABINETE DE IGOR FRANCO,01/01/2025,,MENSAL,28937.08
2026,2,ISAIAS RIBEIRO SANTANA,VEREADOR,GABINETE DE ISAIAS RIBEIRO,01/01/2025,,MENSAL,28937.08
2026,2,JUAREZ DE SOUZA LOPES,VEREADOR,GABINETE DE JUAREZ LOPES,01/01/2025,,MENSAL,28937.08
2026,2,KATIA MARIA DOS SANTOS,VEREADOR,GABINETE DE KATIA MARIA,01/01/2025,,MENSAL,28937.08
2026,2,LEIA KLEBIA ARAUJO E VIEIRA,VEREADOR,GABINETE DE LEIA KLEBIA,01/01/2025,,MENSAL,28937.08
2026,2,LEONARDO JOSE ARANTES,VEREADOR,GABINETE DE LEO JOSE,01/01/2025,,MENSAL,28937.08
2026,2,LUAN DEODATO MACHADO ALVES,VEREADOR,GABINETE DE LUAN ALVES,01/01/2025,,MENSAL,28937.08
2026,2,LUCAS DE CASTRO SANTOS,VEREADOR,GABINETE DE LUCAS VERGILIO,01/01/2025,,MENSAL,28937.08
2026,2,LUCAS FERREIRA PIRES BUENO,VEREADOR,GABINETE DE LUCAS KITAO,01/01/2025,,MENSAL,28937.08
2026,2,LUIZ FERNANDO NAVES SANCHES DE SIQUEIRA,VEREADOR,GABINETE DE SANCHES DA FEDERAL,01/01/2025,,MENSAL,28937.08
2026,2,MARCOS ANTONIO DA SILVA,VEREADOR,GABINETE DE MARKIM GOYA,01/01/2025,,MENSAL,28937.08
2026,2,MARIA ROSELENE DEUSDARA CRUVINEL,VEREADOR,GABINETE DE ROSE CRUVINEL,01/01/2025,,MENSAL,28937.08
2026,2,NATANIEL DE SENA SOARES,VEREADOR,GABINETE DE CABO SENNA,01/01/2025,,MENSAL,28937.08
2026,2,NOVANDIR RODRIGUES DA SILVA,VEREADOR,GABINETE DE SARGENTO NOVANDIR,01/01/2025,,MENSAL,28937.08
2026,2,OSEIAS MENDES PEREIRA VARAO,VEREADOR,GABINETE DE OSEIAS VARAO,01/01/2025,,MENSAL,28937.08
2026,2,ROMARIO BARBOSA POLICARPO,PRESIDENTE DA CÂMARA,GABINETE DA PRESIDENCIA,01/01/2025,,MENSAL,35447.92
2026,2,RONILSON DE SOUZA REIS,VEREADOR,GABINETE DE RONILSON REIS,01/01/2025,,MENSAL,28937.08
2026,2,SEBASTIAO PEIXOTO MOURA,VEREADOR,GABINETE DE TIÃO PEIXOTO,01/01/2025,,MENSAL,28937.08
2026,2,THIALU RAPHAEL GUIOTTI LUSTOSA,VEREADOR,GABINETE DE THIALU GUIOTTI,01/01/2025,,MENSAL,28937.08
2026,2,VITOR HUGO DE ARAÚJO ALMEIDA,VEREADOR,GABINETE DE VITOR HUGO,01/01/2025,,MENSAL,28937.08
2026,2,WELLINGTON DE BESSA OLIVEIRA,VEREADOR,GABINETE DE BESSA,01/01/2025,,MENSAL,28937.08
2026,2,WELLINGTON DE URZEDA MOTA,VEREADOR,GABINETE DE CORONEL URZEDA,01/01/2025,,MENSAL,28937.08
2026,2,WELTON DE OLIVEIRA LEMOS,VEREADOR,GABINETE DE WELTON LEMOS,01/01/2025,,MENSAL,28937.08
2026,2,WILLIAM TAVARES DA SILVA,VEREADOR,GABINETE DE WILLIAM DO ARMAZEM,01/01/2025,,MENSAL,28937.08
2026,2,WILLIAN VELOSO DE CARVALHO,VEREADOR,GABINETE DE WILLIAN VELOSO,01/01/2025,,MENSAL,28937.08
2026,3,AAVA SANTIAGO AGUIAR,VEREADOR,GABINETE DE AAVA SANTIAGO,01/01/2025,,MENSAL,28937.08
2026,3,ANDERSON CRUZ E FREIRE,VEREADOR,GABINETE DE PEDRO AZULÃO JR.,01/01/2025,,MENSAL,28937.08
2026,3,ANSELMO PEREIRA DA SILVA SOBRINHO,VEREADOR,GABINETE DE ANSELMO PEREIRA,01/01/2025,,MENSAL,28937.08
2026,3,BRUNO DINIZ MACHADO,VEREADOR,GABINETE DE BRUNO DINIZ,01/01/2025,,MENSAL,28937.08
2026,3,DANIELA PAULA DE FREITAS FERNANDES,VEREADOR,GABINETE DE DANIELA DA GILKA,01/01/2025,,MENSAL,28937.08
2026,3,DENICIO CELIO TRINDADE,VEREADOR,GABINETE DE DENICIO TRINDADE,01/01/2025,,MENSAL,28937.08
2026,3,FABRICIO SILVA ROSA,VEREADOR,GABINETE DE FABRICIO ROSA,01/01/2025,,MENSAL,7234.27
2026,3,GEVERSON ABEL DE SOUZA CARMO,VEREADOR,GABINETE DE GEVERSON ABEL,01/01/2025,,MENSAL,28937.08
2026,3,GUSTAVO CARDOSO GOMIDES,VEREADOR,GABINETE DE DR. GUSTAVO,01/01/2025,,MENSAL,28937.08
2026,3,HENRIQUE ALVES LUIZ PEREIRA,VEREADOR,GABINETE DE HENRIQUE ALVES,01/01/2025,,MENSAL,28937.08
2026,3,HEYLER LUIZ LEAO,VEREADOR,GABINETE DE HEYLER LEAO,01/01/2025,,MENSAL,28937.08
2026,3,IGOR RECELLY FRANCO DE FREITAS,VEREADOR,GABINETE DE IGOR FRANCO,01/01/2025,,MENSAL,28937.08
2026,3,ISAIAS RIBEIRO SANTANA,VEREADOR,GABINETE DE ISAIAS RIBEIRO,01/01/2025,,MENSAL,28937.08
2026,3,JUAREZ DE SOUZA LOPES,VEREADOR,GABINETE DE JUAREZ LOPES,01/01/2025,,MENSAL,28937.08
2026,3,KATIA MARIA DOS SANTOS,VEREADOR,GABINETE DE KATIA MARIA,01/01/2025,,MENSAL,28937.08
2026,3,LEIA KLEBIA ARAUJO E VIEIRA,VEREADOR,GABINETE DE LEIA KLEBIA,01/01/2025,,MENSAL,28937.08
2026,3,LEONARDO JOSE ARANTES,VEREADOR,GABINETE DE LEO JOSE,01/01/2025,,MENSAL,28937.08
2026,3,LUAN DEODATO MACHADO ALVES,VEREADOR,GABINETE DE LUAN ALVES,01/01/2025,,MENSAL,28937.08
2026,3,LUCAS DE CASTRO SANTOS,VEREADOR,GABINETE DE LUCAS VERGILIO,01/01/2025,,MENSAL,28937.08
2026,3,LUCAS FERREIRA PIRES BUENO,VEREADOR,GABINETE DE LUCAS KITAO,01/01/2025,,MENSAL,28937.08
2026,3,LUDMYLLA DA SILVA MORAIS,VEREADOR,GABINETE DE PROFESSOR EDWARD,03/03/2026,01/06/2026,MENSAL,27490.22
2026,3,LUIZ FERNANDO NAVES SANCHES DE SIQUEIRA,VEREADOR,GABINETE DE SANCHES DA FEDERAL,01/01/2025,,MENSAL,28937.08
2026,3,MARCOS ANTONIO DA SILVA,VEREADOR,GABINETE DE MARKIM GOYA,01/01/2025,,MENSAL,28937.08
2026,3,MARIA ROSELENE DEUSDARA CRUVINEL,VEREADOR,GABINETE DE ROSE CRUVINEL,01/01/2025,,MENSAL,28937.08
2026,3,NATANIEL DE SENA SOARES,VEREADOR,GABINETE DE CABO SENNA,01/01/2025,,MENSAL,28937.08
2026,3,NOVANDIR RODRIGUES DA SILVA,VEREADOR,GABINETE DE SARGENTO NOVANDIR,01/01/2025,,MENSAL,28937.08
2026,3,OSEIAS MENDES PEREIRA VARAO,VEREADOR,GABINETE DE OSEIAS VARAO,01/01/2025,,MENSAL,28937.08
2026,3,ROMARIO BARBOSA POLICARPO,PRESIDENTE DA CÂMARA,GABINETE DA PRESIDENCIA,01/01/2025,,MENSAL,35447.92
2026,3,RONILSON DE SOUZA REIS,VEREADOR,GABINETE DE RONILSON REIS,01/01/2025,,MENSAL,28937.08
2026,3,SEBASTIAO PEIXOTO MOURA,VEREADOR,GABINETE DE TIÃO PEIXOTO,01/01/2025,,MENSAL,28937.08
2026,3,THIALU RAPHAEL GUIOTTI LUSTOSA,VEREADOR,GABINETE DE THIALU GUIOTTI,01/01/2025,,MENSAL,28937.08
2026,3,VITOR HUGO DE ARAÚJO ALMEIDA,VEREADOR,GABINETE DE VITOR HUGO,01/01/2025,,MENSAL,28937.08
2026,3,WELLINGTON DE BESSA OLIVEIRA,VEREADOR,GABINETE DE BESSA,01/01/2025,,MENSAL,28937.08
2026,3,WELLINGTON DE URZEDA MOTA,VEREADOR,GABINETE DE CORONEL URZEDA,01/01/2025,,MENSAL,28937.08
2026,3,WELTON DE OLIVEIRA LEMOS,VEREADOR,GABINETE DE WELTON LEMOS,01/01/2025,,MENSAL,28937.08
2026,3,WILLIAM TAVARES DA SILVA,VEREADOR,GABINETE DE WILLIAM DO ARMAZEM,01/01/2025,,MENSAL,28937.08
2026,3,WILLIAN VELOSO DE CARVALHO,VEREADOR,GABINETE DE WILLIAN VELOSO,01/01/2025,,MENSAL,28937.08
2026,4,AAVA SANTIAGO AGUIAR,VEREADOR,GABINETE DE AAVA SANTIAGO,01/01/2025,,MENSAL,28937.08
2026,4,ANDERSON CRUZ E FREIRE,VEREADOR,GABINETE DE PEDRO AZULÃO JR.,01/01/2025,,MENSAL,28937.08
2026,4,ANSELMO PEREIRA DA SILVA SOBRINHO,VEREADOR,GABINETE DE ANSELMO PEREIRA,01/01/2025,,MENSAL,28937.08
2026,4,BRUNO DINIZ MACHADO,VEREADOR,GABINETE DE BRUNO DINIZ,01/01/2025,,MENSAL,28937.08
2026,4,DANIELA PAULA DE FREITAS FERNANDES,VEREADOR,GABINETE DE DANIELA DA GILKA,01/01/2025,,MENSAL,28937.08
2026,4,DENICIO CELIO TRINDADE,VEREADOR,GABINETE DE DENICIO TRINDADE,01/01/2025,,MENSAL,28937.08
2026,4,EDWARD MADUREIRA BRASIL,VEREADOR,GABINETE DE PROFESSOR EDWARD,01/01/2025,,MENSAL,11574.82
2026,4,FABRICIO SILVA ROSA,VEREADOR,GABINETE DE FABRICIO ROSA,01/01/2025,,MENSAL,7234.27
2026,4,GEVERSON ABEL DE SOUZA CARMO,VEREADOR,GABINETE DE GEVERSON ABEL,01/01/2025,,MENSAL,28937.08
2026,4,GUSTAVO CARDOSO GOMIDES,VEREADOR,GABINETE DE DR. GUSTAVO,01/01/2025,,MENSAL,28937.08
2026,4,HENRIQUE ALVES LUIZ PEREIRA,VEREADOR,GABINETE DE HENRIQUE ALVES,01/01/2025,,MENSAL,28937.08
2026,4,HEYLER LUIZ LEAO,VEREADOR,GABINETE DE HEYLER LEAO,01/01/2025,,MENSAL,28937.08
2026,4,IGOR RECELLY FRANCO DE FREITAS,VEREADOR,GABINETE DE IGOR FRANCO,01/01/2025,,MENSAL,28937.08
2026,4,ISAIAS RIBEIRO SANTANA,VEREADOR,GABINETE DE ISAIAS RIBEIRO,01/01/2025,,MENSAL,28937.08
2026,4,JUAREZ DE SOUZA LOPES,VEREADOR,GABINETE DE JUAREZ LOPES,01/01/2025,,MENSAL,28937.08
2026,4,KATIA MARIA DOS SANTOS,VEREADOR,GABINETE DE KATIA MARIA,01/01/2025,,MENSAL,28937.08
2026,4,LEIA KLEBIA ARAUJO E VIEIRA,VEREADOR,GABINETE DE LEIA KLEBIA,01/01/2025,,MENSAL,6751.97
2026,4,LEONARDO JOSE ARANTES,VEREADOR,GABINETE DE LEO JOSE,01/01/2025,,MENSAL,28937.08
2026,4,LUAN DEODATO MACHADO ALVES,VEREADOR,GABINETE DE LUAN ALVES,01/01/2025,,MENSAL,28937.08
2026,4,LUCAS DE CASTRO SANTOS,VEREADOR,GABINETE DE LUCAS VERGILIO,01/01/2025,,MENSAL,28937.08
2026,4,LUCAS FERREIRA PIRES BUENO,VEREADOR,GABINETE DE LUCAS KITAO,01/01/2025,,MENSAL,28937.08
2026,4,LUDMYLLA DA SILVA MORAIS,VEREADOR,GABINETE DE PROFESSOR EDWARD,03/03/2026,01/06/2026,MENSAL,21702.81
2026,4,LUIZ FERNANDO NAVES SANCHES DE SIQUEIRA,VEREADOR,GABINETE DE SANCHES DA FEDERAL,01/01/2025,,MENSAL,28937.08
2026,4,MARCOS ANTONIO DA SILVA,VEREADOR,GABINETE DE MARKIM GOYA,01/01/2025,,MENSAL,28937.08
2026,4,MARIA ROSELENE DEUSDARA CRUVINEL,VEREADOR,GABINETE DE ROSE CRUVINEL,01/01/2025,,MENSAL,28937.08
2026,4,NATANIEL DE SENA SOARES,VEREADOR,GABINETE DE CABO SENNA,01/01/2025,,MENSAL,28937.08
2026,4,NOVANDIR RODRIGUES DA SILVA,VEREADOR,GABINETE DE SARGENTO NOVANDIR,01/01/2025,,MENSAL,28937.08
2026,4,OSEIAS MENDES PEREIRA VARAO,VEREADOR,GABINETE DE OSEIAS VARAO,01/01/2025,,MENSAL,28937.08
2026,4,ROMARIO BARBOSA POLICARPO,PRESIDENTE DA CÂMARA,GABINETE DA PRESIDENCIA,01/01/2025,,MENSAL,35447.92
2026,4,RONILSON DE SOUZA REIS,VEREADOR,GABINETE DE RONILSON REIS,01/01/2025,,MENSAL,28937.08
2026,4,SEBASTIAO PEIXOTO MOURA,VEREADOR,GABINETE DE TIÃO PEIXOTO,01/01/2025,,MENSAL,28937.08
2026,4,THIALU RAPHAEL GUIOTTI LUSTOSA,VEREADOR,GABINETE DE THIALU GUIOTTI,01/01/2025,,MENSAL,28937.08
2026,4,VITOR HUGO DE ARAÚJO ALMEIDA,VEREADOR,GABINETE DE VITOR HUGO,01/01/2025,,MENSAL,28937.08
2026,4,WELLINGTON DE BESSA OLIVEIRA,VEREADOR,GABINETE DE BESSA,01/01/2025,,MENSAL,28937.08
2026,4,WELLINGTON DE URZEDA MOTA,VEREADOR,GABINETE DE CORONEL URZEDA,01/01/2025,,MENSAL,28937.08
2026,4,WELTON DE OLIVEIRA LEMOS,VEREADOR,GABINETE DE WELTON LEMOS,01/01/2025,,MENSAL,28937.08
2026,4,WILLIAM TAVARES DA SILVA,VEREADOR,GABINETE DE WILLIAM DO ARMAZEM,01/01/2025,,MENSAL,28937.08
2026,4,WILLIAN VELOSO DE CARVALHO,VEREADOR,GABINETE DE WILLIAN VELOSO,01/01/2025,,MENSAL,28937.08
2026,4,ZANDER FABIO ALVES DA COSTA,VEREADOR,GABINETE DE LEIA KLEBIA,08/04/2026,01/06/2026,MENSAL,16638.82
2026,5,AAVA SANTIAGO AGUIAR,VEREADOR,GABINETE DE AAVA SANTIAGO,01/01/2025,,MENSAL,28937.08
2026,5,ANDERSON CRUZ E FREIRE,VEREADOR,GABINETE DE PEDRO AZULÃO JR.,01/01/2025,,MENSAL,28937.08
2026,5,ANSELMO PEREIRA DA SILVA SOBRINHO,VEREADOR,GABINETE DE ANSELMO PEREIRA,01/01/2025,,MENSAL,28937.08
2026,5,BRUNO DINIZ MACHADO,VEREADOR,GABINETE DE BRUNO DINIZ,01/01/2025,,MENSAL,28937.08
2026,5,DANIELA PAULA DE FREITAS FERNANDES,VEREADOR,GABINETE DE DANIELA DA GILKA,01/01/2025,,MENSAL,28937.08
2026,5,DENICIO CELIO TRINDADE,VEREADOR,GABINETE DE DENICIO TRINDADE,01/01/2025,,MENSAL,28937.08
2026,5,FABRICIO SILVA ROSA,VEREADOR,GABINETE DE FABRICIO ROSA,01/01/2025,,MENSAL,7234.27
2026,5,GEVERSON ABEL DE SOUZA CARMO,VEREADOR,GABINETE DE GEVERSON ABEL,01/01/2025,,MENSAL,28937.08
2026,5,GUSTAVO CARDOSO GOMIDES,VEREADOR,GABINETE DE DR. GUSTAVO,01/01/2025,,MENSAL,28937.08
2026,5,HENRIQUE ALVES LUIZ PEREIRA,VEREADOR,GABINETE DE HENRIQUE ALVES,01/01/2025,,MENSAL,28937.08
2026,5,HEYLER LUIZ LEAO,VEREADOR,GABINETE DE HEYLER LEAO,01/01/2025,,MENSAL,28937.08
2026,5,IGOR RECELLY FRANCO DE FREITAS,VEREADOR,GABINETE DE IGOR FRANCO,01/01/2025,,MENSAL,28937.08
2026,5,ISAIAS RIBEIRO SANTANA,VEREADOR,GABINETE DE ISAIAS RIBEIRO,01/01/2025,,MENSAL,28937.08
2026,5,JUAREZ DE SOUZA LOPES,VEREADOR,GABINETE DE JUAREZ LOPES,01/01/2025,,MENSAL,28937.08
2026,5,KATIA MARIA DOS SANTOS,VEREADOR,GABINETE DE KATIA MARIA,01/01/2025,,MENSAL,28937.08
2026,5,LEONARDO JOSE ARANTES,VEREADOR,GABINETE DE LEO JOSE,01/01/2025,,MENSAL,28937.08
2026,5,LUAN DEODATO MACHADO ALVES,VEREADOR,GABINETE DE LUAN ALVES,01/01/2025,,MENSAL,28937.08
2026,5,LUCAS DE CASTRO SANTOS,VEREADOR,GABINETE DE LUCAS VERGILIO,01/01/2025,,MENSAL,28937.08
2026,5,LUCAS FERREIRA PIRES BUENO,VEREADOR,GABINETE DE LUCAS KITAO,01/01/2025,,MENSAL,28937.08
2026,5,LUDMYLLA DA SILVA MORAIS,VEREADOR,GABINETE DE PROFESSOR EDWARD,03/03/2026,01/06/2026,MENSAL,28937.08
2026,5,LUIZ FERNANDO NAVES SANCHES DE SIQUEIRA,VEREADOR,GABINETE DE SANCHES DA FEDERAL,01/01/2025,,MENSAL,28937.08
2026,5,MARCOS ANTONIO DA SILVA,VEREADOR,GABINETE DE MARKIM GOYA,01/01/2025,,MENSAL,28937.08
2026,5,MARIA ROSELENE DEUSDARA CRUVINEL,VEREADOR,GABINETE DE ROSE CRUVINEL,01/01/2025,,MENSAL,28937.08
2026,5,NATANIEL DE SENA SOARES,VEREADOR,GABINETE DE CABO SENNA,01/01/2025,,MENSAL,28937.08
2026,5,NOVANDIR RODRIGUES DA SILVA,VEREADOR,GABINETE DE SARGENTO NOVANDIR,01/01/2025,,MENSAL,28937.08
2026,5,OSEIAS MENDES PEREIRA VARAO,VEREADOR,GABINETE DE OSEIAS VARAO,01/01/2025,,MENSAL,28937.08
2026,5,ROMARIO BARBOSA POLICARPO,PRESIDENTE DA CÂMARA,GABINETE DA PRESIDENCIA,01/01/2025,,MENSAL,35447.92
2026,5,RONILSON DE SOUZA REIS,VEREADOR,GABINETE DE RONILSON REIS,01/01/2025,,MENSAL,28937.08
2026,5,SEBASTIAO PEIXOTO MOURA,VEREADOR,GABINETE DE TIÃO PEIXOTO,01/01/2025,,MENSAL,28937.08
2026,5,THIALU RAPHAEL GUIOTTI LUSTOSA,VEREADOR,GABINETE DE THIALU GUIOTTI,01/01/2025,,MENSAL,28937.08
2026,5,VITOR HUGO DE ARAÚJO ALMEIDA,VEREADOR,GABINETE DE VITOR HUGO,01/01/2025,,MENSAL,28937.08
2026,5,WELLINGTON DE BESSA OLIVEIRA,VEREADOR,GABINETE DE BESSA,01/01/2025,,MENSAL,28937.08
2026,5,WELLINGTON DE URZEDA MOTA,VEREADOR,GABINETE DE CORONEL URZEDA,01/01/2025,,MENSAL,28937.08
2026,5,WELTON DE OLIVEIRA LEMOS,VEREADOR,GABINETE DE WELTON LEMOS,01/01/2025,,MENSAL,28937.08
2026,5,WILLIAM TAVARES DA SILVA,VEREADOR,GABINETE DE WILLIAM DO ARMAZEM,01/01/2025,,MENSAL,28937.08
2026,5,WILLIAN VELOSO DE CARVALHO,VEREADOR,GABINETE DE WILLIAN VELOSO,01/01/2025,,MENSAL,28937.08
2026,5,ZANDER FABIO ALVES DA COSTA,VEREADOR,GABINETE DE LEIA KLEBIA,08/04/2026,01/06/2026,MENSAL,21702.81
2026,6,AAVA SANTIAGO AGUIAR,VEREADOR,GABINETE DE AAVA SANTIAGO,01/01/2025,,MENSAL,28937.08
2026,6,ANDERSON CRUZ E FREIRE,VEREADOR,GABINETE DE PEDRO AZULÃO JR.,01/01/2025,,MENSAL,28937.08
2026,6,ANSELMO PEREIRA DA SILVA SOBRINHO,VEREADOR,GABINETE DE ANSELMO PEREIRA,01/01/2025,,MENSAL,28937.08
2026,6,BRUNO DINIZ MACHADO,VEREADOR,GABINETE DE BRUNO DINIZ,01/01/2025,,MENSAL,28937.08
2026,6,DANIELA PAULA DE FREITAS FERNANDES,VEREADOR,GABINETE DE DANIELA DA GILKA,01/01/2025,,MENSAL,28937.08
2026,6,DENICIO CELIO TRINDADE,VEREADOR,GABINETE DE DENICIO TRINDADE,01/01/2025,,MENSAL,28937.08
2026,6,EDWARD MADUREIRA BRASIL,VEREADOR,GABINETE DE PROFESSOR EDWARD,01/01/2025,,MENSAL,27007.94
2026,6,FABRICIO SILVA ROSA,VEREADOR,GABINETE DE FABRICIO ROSA,01/01/2025,,MENSAL,7234.27
2026,6,GEVERSON ABEL DE SOUZA CARMO,VEREADOR,GABINETE DE GEVERSON ABEL,01/01/2025,,MENSAL,28937.08
2026,6,GUSTAVO CARDOSO GOMIDES,VEREADOR,GABINETE DE DR. GUSTAVO,01/01/2025,,MENSAL,28937.08
2026,6,HENRIQUE ALVES LUIZ PEREIRA,VEREADOR,GABINETE DE HENRIQUE ALVES,01/01/2025,,MENSAL,28937.08
2026,6,HEYLER LUIZ LEAO,VEREADOR,GABINETE DE HEYLER LEAO,01/01/2025,,MENSAL,28937.08
2026,6,IGOR RECELLY FRANCO DE FREITAS,VEREADOR,GABINETE DE IGOR FRANCO,01/01/2025,,MENSAL,28937.08
2026,6,ISAIAS RIBEIRO SANTANA,VEREADOR,GABINETE DE ISAIAS RIBEIRO,01/01/2025,,MENSAL,28937.08
2026,6,JUAREZ DE SOUZA LOPES,VEREADOR,GABINETE DE JUAREZ LOPES,01/01/2025,,MENSAL,28937.08
2026,6,KATIA MARIA DOS SANTOS,VEREADOR,GABINETE DE KATIA MARIA,01/01/2025,,MENSAL,28937.08
2026,6,LEIA KLEBIA ARAUJO E VIEIRA,VEREADOR,GABINETE DE LEIA KLEBIA,01/01/2025,,MENSAL,32795.34
2026,6,LEONARDO JOSE ARANTES,VEREADOR,GABINETE DE LEO JOSE,01/01/2025,,MENSAL,28937.08
2026,6,LUAN DEODATO MACHADO ALVES,VEREADOR,GABINETE DE LUAN ALVES,01/01/2025,,MENSAL,28937.08
2026,6,LUCAS DE CASTRO SANTOS,VEREADOR,GABINETE DE LUCAS VERGILIO,01/01/2025,,MENSAL,28937.08
2026,6,LUCAS FERREIRA PIRES BUENO,VEREADOR,GABINETE DE LUCAS KITAO,01/01/2025,,MENSAL,28937.08
2026,6,LUDMYLLA DA SILVA MORAIS,VEREADOR,GABINETE DE PROFESSOR EDWARD,03/03/2026,01/06/2026,RESCISÃO,13142.24
2026,6,LUIZ FERNANDO NAVES SANCHES DE SIQUEIRA,VEREADOR,GABINETE DE SANCHES DA FEDERAL,01/01/2025,,MENSAL,28937.08
2026,6,MARCOS ANTONIO DA SILVA,VEREADOR,GABINETE DE MARKIM GOYA,01/01/2025,,MENSAL,28937.08
2026,6,MARIA ROSELENE DEUSDARA CRUVINEL,VEREADOR,GABINETE DE ROSE CRUVINEL,01/01/2025,,MENSAL,28937.08
2026,6,NATANIEL DE SENA SOARES,VEREADOR,GABINETE DE CABO SENNA,01/01/2025,,MENSAL,28937.08
2026,6,NOVANDIR RODRIGUES DA SILVA,VEREADOR,GABINETE DE SARGENTO NOVANDIR,01/01/2025,,MENSAL,28937.08
2026,6,OSEIAS MENDES PEREIRA VARAO,VEREADOR,GABINETE DE OSEIAS VARAO,01/01/2025,,MENSAL,28937.08
2026,6,ROMARIO BARBOSA POLICARPO,PRESIDENTE DA CÂMARA,GABINETE DA PRESIDENCIA,01/01/2025,,MENSAL,35447.92
2026,6,RONILSON DE SOUZA REIS,VEREADOR,GABINETE DE RONILSON REIS,01/01/2025,,MENSAL,28937.08
2026,6,SEBASTIAO PEIXOTO MOURA,VEREADOR,GABINETE DE TIÃO PEIXOTO,01/01/2025,,MENSAL,28937.08
2026,6,THIALU RAPHAEL GUIOTTI LUSTOSA,VEREADOR,GABINETE DE THIALU GUIOTTI,01/01/2025,,MENSAL,28937.08
2026,6,VITOR HUGO DE ARAÚJO ALMEIDA,VEREADOR,GABINETE DE VITOR HUGO,01/01/2025,,MENSAL,28937.08
2026,6,WELLINGTON DE BESSA OLIVEIRA,VEREADOR,GABINETE DE BESSA,01/01/2025,,MENSAL,28937.08
2026,6,WELLINGTON DE URZEDA MOTA,VEREADOR,GABINETE DE CORONEL URZEDA,01/01/2025,,MENSAL,28937.08
2026,6,WELTON DE OLIVEIRA LEMOS,VEREADOR,GABINETE DE WELTON LEMOS,01/01/2025,,MENSAL,28937.08
2026,6,WILLIAM TAVARES DA SILVA,VEREADOR,GABINETE DE WILLIAM DO ARMAZEM,01/01/2025,,MENSAL,28937.08
2026,6,WILLIAN VELOSO DE CARVALHO,VEREADOR,GABINETE DE WILLIAN VELOSO,01/01/2025,,MENSAL,28937.08
2026,6,ZANDER FABIO ALVES DA COSTA,VEREADOR,GABINETE DE LEIA KLEBIA,08/04/2026,01/06/2026,RESCISÃO,8439.97
2026,7,AAVA SANTIAGO AGUIAR,VEREADOR,GABINETE DE AAVA SANTIAGO,01/01/2025,,MENSAL,29591.05
2026,7,ANDERSON CRUZ E FREIRE,VEREADOR,GABINETE DE PEDRO AZULÃO JR.,01/01/2025,,MENSAL,29591.05
2026,7,ANSELMO PEREIRA DA SILVA SOBRINHO,VEREADOR,GABINETE DE ANSELMO PEREIRA,01/01/2025,,MENSAL,29591.05
2026,7,BRUNO DINIZ MACHADO,VEREADOR,GABINETE DE BRUNO DINIZ,01/01/2025,,MENSAL,29591.05
2026,7,DANIELA PAULA DE FREITAS FERNANDES,VEREADOR,GABINETE DE DANIELA DA GILKA,01/01/2025,,MENSAL,29591.05
2026,7,DENICIO CELIO TRINDADE,VEREADOR,GABINETE DE DENICIO TRINDADE,01/01/2025,,MENSAL,29591.05
2026,7,EDWARD MADUREIRA BRASIL,VEREADOR,GABINETE DE PROFESSOR EDWARD,01/01/2025,,MENSAL,28945.28
2026,7,FABRICIO SILVA ROSA,VEREADOR,GABINETE DE FABRICIO ROSA,01/01/2025,,MENSAL,29591.05
2026,7,GEVERSON ABEL DE SOUZA CARMO,VEREADOR,GABINETE DE GEVERSON ABEL,01/01/2025,,MENSAL,29591.05
2026,7,GUSTAVO CARDOSO GOMIDES,VEREADOR,GABINETE DE DR. GUSTAVO,01/01/2025,,MENSAL,29591.05
2026,7,HENRIQUE ALVES LUIZ PEREIRA,VEREADOR,GABINETE DE HENRIQUE ALVES,01/01/2025,,MENSAL,29591.05
2026,7,HEYLER LUIZ LEAO,VEREADOR,GABINETE DE HEYLER LEAO,01/01/2025,,MENSAL,29591.05
2026,7,IGOR RECELLY FRANCO DE FREITAS,VEREADOR,GABINETE DE IGOR FRANCO,01/01/2025,,MENSAL,29591.05
2026,7,ISAIAS RIBEIRO SANTANA,VEREADOR,GABINETE DE ISAIAS RIBEIRO,01/01/2025,,MENSAL,29591.05
2026,7,JUAREZ DE SOUZA LOPES,VEREADOR,GABINETE DE JUAREZ LOPES,01/01/2025,,MENSAL,29591.05
2026,7,KATIA MARIA DOS SANTOS,VEREADOR,GABINETE DE KATIA MARIA,01/01/2025,,MENSAL,29591.05
2026,7,LEIA KLEBIA ARAUJO E VIEIRA,VEREADOR,GABINETE DE LEIA KLEBIA,01/01/2025,,MENSAL,29591.05
2026,7,LEONARDO JOSE ARANTES,VEREADOR,GABINETE DE LEO JOSE,01/01/2025,,MENSAL,29591.05
2026,7,LUAN DEODATO MACHADO ALVES,VEREADOR,GABINETE DE LUAN ALVES,01/01/2025,,MENSAL,29591.05
2026,7,LUCAS DE CASTRO SANTOS,VEREADOR,GABINETE DE LUCAS VERGILIO,01/01/2025,,MENSAL,29591.05
2026,7,LUCAS FERREIRA PIRES BUENO,VEREADOR,GABINETE DE LUCAS KITAO,01/01/2025,,MENSAL,29591.05
2026,7,LUIZ FERNANDO NAVES SANCHES DE SIQUEIRA,VEREADOR,GABINETE DE SANCHES DA FEDERAL,01/01/2025,,MENSAL,29591.05
2026,7,MARCOS ANTONIO DA SILVA,VEREADOR,GABINETE DE MARKIM GOYA,01/01/2025,,MENSAL,29591.05
2026,7,MARIA ROSELENE DEUSDARA CRUVINEL,VEREADOR,GABINETE DE ROSE CRUVINEL,01/01/2025,,MENSAL,29591.05
2026,7,NATANIEL DE SENA SOARES,VEREADOR,GABINETE DE CABO SENNA,01/01/2025,,MENSAL,29591.05
2026,7,NOVANDIR RODRIGUES DA SILVA,VEREADOR,GABINETE DE SARGENTO NOVANDIR,01/01/2025,,MENSAL,29591.05
2026,7,OSEIAS MENDES PEREIRA VARAO,VEREADOR,GABINETE DE OSEIAS VARAO,01/01/2025,,MENSAL,29591.05
2026,7,ROMARIO BARBOSA POLICARPO,PRESIDENTE DA CÂMARA,GABINETE DA PRESIDENCIA,01/01/2025,,MENSAL,36249.04
2026,7,RONILSON DE SOUZA REIS,VEREADOR,GABINETE DE RONILSON REIS,01/01/2025,,MENSAL,29591.05
2026,7,SEBASTIAO PEIXOTO MOURA,VEREADOR,GABINETE DE TIÃO PEIXOTO,01/01/2025,,MENSAL,29591.05
2026,7,THIALU RAPHAEL GUIOTTI LUSTOSA,VEREADOR,GABINETE DE THIALU GUIOTTI,01/01/2025,,MENSAL,29591.05
2026,7,VITOR HUGO DE ARAÚJO ALMEIDA,VEREADOR,GABINETE DE VITOR HUGO,01/01/2025,,MENSAL,29591.05
2026,7,WELLINGTON DE BESSA OLIVEIRA,VEREADOR,GABINETE DE BESSA,01/01/2025,,MENSAL,29591.05
2026,7,WELLINGTON DE URZEDA MOTA,VEREADOR,GABINETE DE CORONEL URZEDA,01/01/2025,,MENSAL,29591.05
2026,7,WELTON DE OLIVEIRA LEMOS,VEREADOR,GABINETE DE WELTON LEMOS,01/01/2025,,MENSAL,29591.05
2026,7,WILLIAM TAVARES DA SILVA,VEREADOR,GABINETE DE WILLIAM DO ARMAZEM,01/01/2025,,MENSAL,29591.05
2026,7,WILLIAN VELOSO DE CARVALHO,VEREADOR,GABINETE DE WILLIAN VELOSO,01/01/2025,,MENSAL,29591.05
2026,8,AAVA SANTIAGO AGUIAR,VEREADOR,GABINETE DE AAVA SANTIAGO,01/01/2025,,MENSAL,30169.8
2026,8,ANDERSON CRUZ E FREIRE,VEREADOR,GABINETE DE PEDRO AZULÃO JR.,01/01/2025,,MENSAL,30169.8
2026,8,ANSELMO PEREIRA DA SILVA SOBRINHO,VEREADOR,GABINETE DE ANSELMO PEREIRA,01/01/2025,,MENSAL,30169.8
2026,8,BRUNO DINIZ MACHADO,VEREADOR,GABINETE DE BRUNO DINIZ,01/01/2025,,MENSAL,30169.8
2026,8,DENICIO CELIO TRINDADE,VEREADOR,GABINETE DE DENICIO TRINDADE,01/01/2025,,MENSAL,30169.8
2026,8,EDWARD MADUREIRA BRASIL,VEREADOR,GABINETE DE PROFESSOR EDWARD,01/01/2025,,MENSAL,29379.34
2026,8,FABRICIO SILVA ROSA,VEREADOR,GABINETE DE FABRICIO ROSA,01/01/2025,,MENSAL,30169.8
2026,8,GEVERSON ABEL DE SOUZA CARMO,VEREADOR,GABINETE DE GEVERSON ABEL,01/01/2025,,MENSAL,30169.8
2026,8,GUSTAVO CARDOSO GOMIDES,VEREADOR,GABINETE DE DR. GUSTAVO,01/01/2025,,MENSAL,30169.8
2026,8,HENRIQUE ALVES LUIZ PEREIRA,VEREADOR,GABINETE DE HENRIQUE ALVES,01/01/2025,,MENSAL,30169.8
2026,8,HEYLER LUIZ LEAO,VEREADOR,GABINETE DE HEYLER LEAO,01/01/2025,,MENSAL,30169.8
2026,8,IGOR RECELLY FRANCO DE FREITAS,VEREADOR,GABINETE DE IGOR FRANCO,01/01/2025,,MENSAL,30169.8
2026,8,ISAIAS RIBEIRO SANTANA,VEREADOR,GABINETE DE ISAIAS RIBEIRO,01/01/2025,,MENSAL,30169.8
2026,8,JUAREZ DE SOUZA LOPES,VEREADOR,GABINETE DE JUAREZ LOPES,01/01/2025,,MENSAL,30169.8
2026,8,KATIA MARIA DOS SANTOS,VEREADOR,GABINETE DE KATIA MARIA,01/01/2025,,MENSAL,30169.8
2026,8,LEIA KLEBIA ARAUJO E VIEIRA,VEREADOR,GABINETE DE LEIA KLEBIA,01/01/2025,,MENSAL,30169.8
2026,8,LEONARDO JOSE ARANTES,VEREADOR,GABINETE DE LEO JOSE,01/01/2025,,MENSAL,30169.8
2026,8,LUAN DEODATO MACHADO ALVES,VEREADOR,GABINETE DE LUAN ALVES,01/01/2025,,MENSAL,30169.8
2026,8,LUCAS DE CASTRO SANTOS,VEREADOR,GABINETE DE LUCAS VERGILIO,01/01/2025,,MENSAL,30169.8
2026,8,LUCAS FERREIRA PIRES BUENO,VEREADOR,GABINETE DE LUCAS KITAO,01/01/2025,,MENSAL,30169.8
2026,8,LUIZ FERNANDO NAVES SANCHES DE SIQUEIRA,VEREADOR,GABINETE DE SANCHES DA FEDERAL,01/01/2025,,MENSAL,30169.8
2026,8,MARCOS ANTONIO DA SILVA,VEREADOR,GABINETE DE MARKIM GOYA,01/01/2025,,MENSAL,30169.8
2026,8,MARIA ROSELENE DEUSDARA CRUVINEL,VEREADOR,GABINETE DE ROSE CRUVINEL,01/01/2025,,MENSAL,30169.8
2026,8,NATANIEL DE SENA SOARES,VEREADOR,GABINETE DE CABO SENNA,01/01/2025,,MENSAL,30169.8
2026,8,NOVANDIR RODRIGUES DA SILVA,VEREADOR,GABINETE DE SARGENTO NOVANDIR,01/01/2025,,MENSAL,30169.8
2026,8,OLAVO GOMES PIRES QUARTO,VEREADOR,GABINETE DE DANIELA DA GILKA,06/08/2026,,MENSAL,25141.49
2026,8,OSEIAS MENDES PEREIRA VARAO,VEREADOR,GABINETE DE OSEIAS VARAO,01/01/2025,,MENSAL,30169.8
2026,8,ROMARIO BARBOSA POLICARPO,PRESIDENTE DA CÂMARA,GABINETE DA PRESIDENCIA,01/01/2025,,MENSAL,36958.0
2026,8,RONILSON DE SOUZA REIS,VEREADOR,GABINETE DE RONILSON REIS,01/01/2025,,MENSAL,30169.8
2026,8,SEBASTIAO PEIXOTO MOURA,VEREADOR,GABINETE DE TIÃO PEIXOTO,01/01/2025,,MENSAL,30169.8
2026,8,THIALU RAPHAEL GUIOTTI LUSTOSA,VEREADOR,GABINETE DE THIALU GUIOTTI,01/01/2025,,MENSAL,30169.8
2026,8,VITOR HUGO DE ARAÚJO ALMEIDA,VEREADOR,GABINETE DE VITOR HUGO,01/01/2025,,MENSAL,30169.8
2026,8,WELLINGTON DE BESSA OLIVEIRA,VEREADOR,GABINETE DE BESSA,01/01/2025,,MENSAL,30169.8
2026,8,WELLINGTON DE URZEDA MOTA,VEREADOR,GABINETE DE CORONEL URZEDA,01/01/2025,,MENSAL,30169.8
2026,8,WELTON DE OLIVEIRA LEMOS,VEREADOR,GABINETE DE WELTON LEMOS,01/01/2025,,MENSAL,30169.8
2026,8,WILLIAM TAVARES DA SILVA,VEREADOR,GABINETE DE WILLIAM DO ARMAZEM,01/01/2025,,MENSAL,30169.8
2026,8,WILLIAN VELOSO DE CARVALHO,VEREADOR,GABINETE DE WILLIAN VELOSO,01/01/2025,,MENSAL,30169.8
2026,9,AAVA SANTIAGO AGUIAR,VEREADOR,GABINETE DE AAVA SANTIAGO,01/01/2025,,MENSAL,30169.8
2026,9,ANDERSON CRUZ E FREIRE,VEREADOR,GABINETE DE PEDRO AZULÃO JR.,01/01/2025,,MENSAL,30169.8
2026,9,ANSELMO PEREIRA DA SILVA SOBRINHO,VEREADOR,GABINETE DE ANSELMO PEREIRA,01/01/2025,,MENSAL,30169.8
2026,9,BRUNO DINIZ MACHADO,VEREADOR,GABINETE DE BRUNO DINIZ,01/01/2025,,MENSAL,30169.8
2026,9,DENICIO CELIO TRINDADE,VEREADOR,GABINETE DE DENICIO TRINDADE,01/01/2025,,MENSAL,30169.8
2026,9,FABRICIO SILVA ROSA,VEREADOR,GABINETE DE FABRICIO ROSA,01/01/2025,,MENSAL,30169.8
2026,9,GEVERSON ABEL DE SOUZA CARMO,VEREADOR,GABINETE DE GEVERSON ABEL,01/01/2025,,MENSAL,30169.8
2026,9,GUSTAVO CARDOSO GOMIDES,VEREADOR,GABINETE DE DR. GUSTAVO,01/01/2025,,MENSAL,30169.8
2026,9,HENRIQUE ALVES LUIZ PEREIRA,VEREADOR,GABINETE DE HENRIQUE ALVES,01/01/2025,,MENSAL,30169.8
2026,9,HEYLER LUIZ LEAO,VEREADOR,GABINETE DE HEYLER LEAO,01/01/2025,,MENSAL,30169.8
2026,9,IGOR RECELLY FRANCO DE FREITAS,VEREADOR,GABINETE DE IGOR FRANCO,01/01/2025,,MENSAL,30169.8
2026,9,ISAIAS RIBEIRO SANTANA,VEREADOR,GABINETE DE ISAIAS RIBEIRO,01/01/2025,,MENSAL,30169.8
2026,9,KATIA MARIA DOS SANTOS,VEREADOR,GABINETE DE KATIA MARIA,01/01/2025,,MENSAL,30169.8
2026,9,LEIA KLEBIA ARAUJO E VIEIRA,VEREADOR,GABINETE DE LEIA KLEBIA,01/01/2025,,MENSAL,30169.8
2026,9,LEONARDO JOSE ARANTES,VEREADOR,GABINETE DE LEO JOSE,01/01/2025,,MENSAL,30169.8
2026,9,LUAN DEODATO MACHADO ALVES,VEREADOR,GABINETE DE LUAN ALVES,01/01/2025,,MENSAL,30169.8
2026,9,LUCAS DE CASTRO SANTOS,VEREADOR,GABINETE DE LUCAS VERGILIO,01/01/2025,,MENSAL,30169.8
2026,9,LUCAS FERREIRA PIRES BUENO,VEREADOR,GABINETE DE LUCAS KITAO,01/01/2025,,MENSAL,30169.8
2026,9,LUDMYLLA DA SILVA MORAIS,VEREADOR,GABINETE DE PROFESSOR EDWARD,01/09/2026,,MENSAL,42237.72
2026,9,LUIZ FERNANDO NAVES SANCHES DE SIQUEIRA,VEREADOR,GABINETE DE SANCHES DA FEDERAL,01/01/2025,,MENSAL,30169.8
2026,9,MARCOS ANTONIO DA SILVA,VEREADOR,GABINETE DE MARKIM GOYA,01/01/2025,,MENSAL,30169.8
2026,9,MARIA ROSELENE DEUSDARA CRUVINEL,VEREADOR,GABINETE DE ROSE CRUVINEL,01/01/2025,,MENSAL,30169.8
2026,9,MARLON DOS SANTOS TEIXEIRA,VEREADOR,GABINETE DE JUAREZ LOPES,01/09/2026,,MENSAL,30169.8
2026,9,NATANIEL DE SENA SOARES,VEREADOR,GABINETE DE CABO SENNA,01/01/2025,,MENSAL,30169.8
2026,9,NOVANDIR RODRIGUES DA SILVA,VEREADOR,GABINETE DE SARGENTO NOVANDIR,01/01/2025,,MENSAL,30169.8
2026,9,OLAVO GOMES PIRES QUARTO,VEREADOR,GABINETE DE DANIELA DA GILKA,06/08/2026,,MENSAL,30169.8
2026,9,OSEIAS MENDES PEREIRA VARAO,VEREADOR,GABINETE DE OSEIAS VARAO,01/01/2025,,MENSAL,30169.8
2026,9,ROMARIO BARBOSA POLICARPO,PRESIDENTE DA CÂMARA,GABINETE DA PRESIDENCIA,01/01/2025,,MENSAL,36958.0
2026,9,RONILSON DE SOUZA REIS,VEREADOR,GABINETE DE RONILSON REIS,01/01/2025,,MENSAL,30169.8
2026,9,SEBASTIAO PEIXOTO MOURA,VEREADOR,GABINETE DE TIÃO PEIXOTO,01/01/2025,,MENSAL,30169.8
2026,9,THIALU RAPHAEL GUIOTTI LUSTOSA,VEREADOR,GABINETE DE THIALU GUIOTTI,01/01/2025,,MENSAL,30169.8
2026,9,VITOR HUGO DE ARAÚJO ALMEIDA,VEREADOR,GABINETE DE VITOR HUGO,01/01/2025,,MENSAL,30169.8
2026,9,WELLINGTON DE BESSA OLIVEIRA,VEREADOR,GABINETE DE BESSA,01/01/2025,,MENSAL,30169.8
2026,9,WELLINGTON DE URZEDA MOTA,VEREADOR,GABINETE DE CORONEL URZEDA,01/01/2025,,MENSAL,30169.8
2026,9,WELTON DE OLIVEIRA LEMOS,VEREADOR,GABINETE DE WELTON LEMOS,01/01/2025,,MENSAL,30169.8
2026,9,WILLIAM TAVARES DA SILVA,VEREADOR,GABINETE DE WILLIAM DO ARMAZEM,01/01/2025,,MENSAL,30169.8
2026,9,WILLIAN VELOSO DE CARVALHO,VEREADOR,GABINETE DE WILLIAN VELOSO,01/01/2025,,MENSAL,30169.8
