matricula,nome,admissao,exoneracao,situacao
81325,ALEX JOSE DE AQUINO SANTIAGO,01/02/2023,,Inativo
81169,ANA MARIA DO SOCORRO MAGNO CUNHA,01/02/2003,,Ativo
81319,ANA PAULA SILVA GOMES DE FREITAS,01/02/2023,,Inativo
81344,ANDREIA SERRA MELO,01/02/2023,,Ativo
81310,ANGELO AUGUSTO DE OLIVEIRA FERRARI,01/02/2019,,Ativo
81328,ANTONIA DIANA MOTA DE OLIVEIRA,01/02/2019,,Ativo
81108,ANTONIO CARLOS NUNES DE LIMA,01/01/1995,,Inativo
81301,ANTONIO GOMES DE LIMA,01/02/2015,,Ativo
81339,AVEILTON SILVA DE SOUZA,01/02/2023,,Ativo
81087,BENEDITO ANTONIO COTA GUIMARAES,01/02/1991,,Inativo
81190,CARLOS ALBERTO BARROS BORDALO,01/01/2007,,Ativo
81348,CARLOS VINICIOS DE MELO VIEIRA,01/02/2023,,Ativo
81206,CILENE LISBOA COUTO MARQUES,01/02/2011,,Ativo
81326,DILVANDA FURTADO FARO,01/02/2023,,Inativo
81291,DIRCEU TEN CATEN PIES,01/02/2015,,Ativo
81195,DOMINGOS JUVENIL NUNES DE SOUSA,01/02/2007,,Inativo
81347,ELIAS GUIMARAES SANTIAGO,01/02/2023,,Ativo
81289,ERALDO SORGE SEBASTIAO PIMENTA,01/02/2015,,Ativo
81333,ERICK DA COSTA MONTEIRO,01/02/2023,,Ativo
81324,FABIO DE MELO FIGUEIRAS,01/02/2019,,Ativo
81321,FABIO SOUSA DE FREITAS,01/02/2019,,Ativo
81335,FLAVIO HIGOR PANTOJA,01/02/2023,,Ativo
81204,FRANCISCO DAS CHAGAS SILVA MELO FILHO,01/02/2007,,Ativo
81101,FRANCISCO FERREIRA FREITAS NETO,01/02/1991,,Inativo
81341,FRANCISCO TORRES DE PAULA FILHO,02/01/2025,,Ativo
81079,FRANCISCO XAVIER PALHETA JUNIOR,01/02/1991,,Inativo
81311,GALILEU ZACARIAS CALDAS DE MORAES,01/02/2023,,Inativo
81095,GERALDO IRINEU PASTANA DE OLIVEIRA,01/02/1991,,Inativo
81309,GUSTAVO BEMERGUY SEFER,01/02/2019,,Ativo
81218,HILTON ALVES DE AGUIAR,01/02/2023,,Inativo
81346,HUGO ROGERIO SARMANHO BARRA,01/02/2023,,Ativo
81296,IRAN ATAIDE DE LIMA,02/02/2023,,Ativo
81331,IVANALDO BRAZ SILVA SIMPLICIO,01/02/2023,,Ativo
81290,JAQUES DA SILVA NEVES,01/02/2023,,Inativo
81097,JOAO BOSCO RUFINO MOYSES,01/02/1991,,Inativo
81349,JOAO DE NAZARE PINGARILHO NETO,01/01/2025,,Ativo
81072,JOERCIO FONTENELLE BARBALHO,01/02/1991,,Inativo
81073,JOSE ALFREDO SILVA HAGE,01/02/1991,,Inativo
81074,JOSE BENITO PRIANTE JUNIOR,01/02/1991,,Inativo
81332,JOSE LUCIO OGAWA RODRIGUES,01/02/2023,,Ativo
81086,JOSE WALDOLI FILGUEIRA VALENTE,01/02/1991,,Inativo
81334,JOSE WILSON COSTA ARAUJO,01/02/2023,,Ativo
81336,JOSUE VIEIRA DE ABREU,01/02/2023,,Ativo
81343,LIVIA DUARTE PUTY,01/02/2023,,Ativo
81293,LUIZ FURTADO REBELO FILHO,01/02/2015,,Ativo
81330,MARCO ADRIANO ALBUQUERQUE COELHO,01/01/2021,,Ativo
81141,MARIA DO CARMO MARTINS LIMA,01/02/1999,,Ativo
81320,MARIA IRANILSE BRASIL DIAS PINHEIRO,01/02/2023,,Inativo
81129,MARTINHO ARNALDO CAMPOS CARMONA,01/02/1995,,Ativo
81307,MICHELE BEGOT OLIVEIRA BISCARO,01/02/2023,,Inativo
81082,NELSON LUIS TEIXEIRA CHAVES,01/02/1991,,Inativo
81105,NEUTON MIRANDA SOBRINHO,01/02/1993,,Inativo
81323,NILTON SILVA DAS NEVES,01/02/2019,,Ativo
81312,ORLANDO PALHETA LOBATO,01/02/2023,,Inativo
81337,PAULA CRISTINA TITAN REBELLO,01/02/2023,,Ativo
81106,RAIMUNDO NONATO GUIMARAES,01/02/1993,,Inativo
81338,RENATO PAIVA DE OLIVEIRA,01/02/2023,,Ativo
81345,RONIE RUFINO DA SILVA,01/02/2023,,Ativo
81107,TEODORO KOICHI NAGANO,01/02/1993,,Inativo
81304,THIAGO ARAUJO,01/02/2015,,Ativo
81313,VICTOR ORENGEL DIAS,01/02/2019,,Ativo
8979,WANDENKOLK PASTEUR GONCALVES,01/02/1987,,Inativo
81294,WANDERLAN AUGUSTO BRANDAO QUARESMA,01/02/2015,,Ativo
81315,WENDERSON AZEVEDO CHAMON,01/02/2019,,Ativo
81342,WESCLEY SILVA AGUIAR,01/02/2023,,Ativo
