ano,mes,nome,tipo,valor
2025,10,CARLOS NANTES BOLSONARO,mensal,1739.29
2025,11,CARLOS NANTES BOLSONARO,mensal,1739.29
2025,12,CARLOS NANTES BOLSONARO,mensal,1739.29
2025,12,CARLOS NANTES BOLSONARO,abono_natal,1739.29
2025,10,ROSA MARIA ORLANDO FERNANDES,mensal,1739.29
2025,11,ROSA MARIA ORLANDO FERNANDES,mensal,1739.29
2025,12,ROSA MARIA ORLANDO FERNANDES,mensal,1739.29
2025,12,ROSA MARIA ORLANDO FERNANDES,abono_natal,1739.29
2025,10,JORGE MIGUEL FELIPPE,mensal,1739.29
2025,11,JORGE MIGUEL FELIPPE,mensal,1739.29
2025,12,JORGE MIGUEL FELIPPE,mensal,1739.29
2025,12,JORGE MIGUEL FELIPPE,abono_natal,1739.29
2025,10,CARLO FERREIRA DE CAIADO CASTRO,mensal,1739.29
2025,11,CARLO FERREIRA DE CAIADO CASTRO,mensal,1739.29
2025,12,CARLO FERREIRA DE CAIADO CASTRO,mensal,1739.29
2025,12,CARLO FERREIRA DE CAIADO CASTRO,abono_natal,1739.29
2025,10,JOSÉ RENATO CARDOZO MOURA,mensal,1739.29
2025,11,JOSÉ RENATO CARDOZO MOURA,mensal,1739.29
2025,12,JOSÉ RENATO CARDOZO MOURA,mensal,1739.29
2025,12,JOSÉ RENATO CARDOZO MOURA,abono_natal,1739.29
2025,10,TÂNIA CRISTINA MAGALHÃES BASTOS E SILVA,mensal,1739.29
2025,11,TÂNIA CRISTINA MAGALHÃES BASTOS E SILVA,mensal,1739.29
2025,12,TÂNIA CRISTINA MAGALHÃES BASTOS E SILVA,mensal,1739.29
2025,12,TÂNIA CRISTINA MAGALHÃES BASTOS E SILVA,abono_natal,1739.29
2025,10,VERA LUCIA FERREIRA LINS,mensal,1739.29
2025,11,VERA LUCIA FERREIRA LINS,mensal,1739.29
2025,12,VERA LUCIA FERREIRA LINS,mensal,1739.29
2025,12,VERA LUCIA FERREIRA LINS,abono_natal,1739.29
2025,10,GILBERTO DE OLIVEIRA LIMA,mensal,1739.29
2025,11,GILBERTO DE OLIVEIRA LIMA,mensal,1739.29
2025,12,GILBERTO DE OLIVEIRA LIMA,mensal,1739.29
2025,12,GILBERTO DE OLIVEIRA LIMA,abono_natal,1739.29
2025,10,WILLIAN CARVALHO DOS SANTOS,mensal,1739.29
2025,11,WILLIAN CARVALHO DOS SANTOS,mensal,1739.29
2025,12,WILLIAN CARVALHO DOS SANTOS,mensal,1739.29
2025,12,WILLIAN CARVALHO DOS SANTOS,abono_natal,1739.29
2025,10,CESAR EPITÁCIO MAIA,mensal,1739.29
2025,11,CESAR EPITÁCIO MAIA,mensal,1739.29
2025,12,CESAR EPITÁCIO MAIA,mensal,1739.29
2025,12,CESAR EPITÁCIO MAIA,abono_natal,1739.29
2025,10,TADEU AMORIM DE BARROS JUNIOR,mensal,1739.29
2025,11,TADEU AMORIM DE BARROS JUNIOR,mensal,1739.29
2025,12,TADEU AMORIM DE BARROS JUNIOR,mensal,1739.29
2025,12,TADEU AMORIM DE BARROS JUNIOR,abono_natal,1739.29
2025,10,RAFAEL ALOISIO FREITAS,mensal,1739.29
2025,11,RAFAEL ALOISIO FREITAS,mensal,1739.29
2025,12,RAFAEL ALOISIO FREITAS,mensal,1739.29
2025,12,RAFAEL ALOISIO FREITAS,abono_natal,1739.29
2025,10,JOSÉ INALDO FERNANDES DA SILVA,mensal,1739.29
2025,11,JOSÉ INALDO FERNANDES DA SILVA,mensal,1739.29
2025,12,JOSÉ INALDO FERNANDES DA SILVA,mensal,1739.29
2025,12,JOSÉ INALDO FERNANDES DA SILVA,abono_natal,1739.29
2025,10,LUCIANA GONÇALVES DE NOVAES,mensal,1739.29
2025,11,LUCIANA GONÇALVES DE NOVAES,mensal,1739.29
2025,12,LUCIANA GONÇALVES DE NOVAES,mensal,1739.29
2025,12,LUCIANA GONÇALVES DE NOVAES,abono_natal,1739.29
2025,10,WELINGTON DE ARAÚJO DIAS,mensal,1739.29
2025,11,WELINGTON DE ARAÚJO DIAS,mensal,1739.29
2025,12,WELINGTON DE ARAÚJO DIAS,mensal,1739.29
2025,12,WELINGTON DE ARAÚJO DIAS,abono_natal,1739.29
2025,10,VITOR HUGO KACZMARKIEWICZ DOS SANTOS,mensal,1739.29
2025,11,VITOR HUGO KACZMARKIEWICZ DOS SANTOS,mensal,1739.29
2025,12,VITOR HUGO KACZMARKIEWICZ DOS SANTOS,mensal,1739.29
2025,12,VITOR HUGO KACZMARKIEWICZ DOS SANTOS,abono_natal,1739.29
2025,10,ROGERIO MARTINS PIRES DE AMORIM,mensal,1739.29
2025,11,ROGERIO MARTINS PIRES DE AMORIM,mensal,1739.29
2025,12,ROGERIO MARTINS PIRES DE AMORIM,mensal,1739.29
2025,12,ROGERIO MARTINS PIRES DE AMORIM,abono_natal,1739.29
2025,10,MÁRCIO CESAR GOMES RIBEIRO JUNIOR,mensal,1739.29
2025,11,MÁRCIO CESAR GOMES RIBEIRO JUNIOR,mensal,1739.29
2025,12,MÁRCIO CESAR GOMES RIBEIRO JUNIOR,mensal,1739.29
2025,12,MÁRCIO CESAR GOMES RIBEIRO JUNIOR,abono_natal,1739.29
2025,10,PEDRO DUARTE DOS SANTOS SOARES JUNIOR,mensal,1739.29
2025,11,PEDRO DUARTE DOS SANTOS SOARES JUNIOR,mensal,1739.29
2025,12,PEDRO DUARTE DOS SANTOS SOARES JUNIOR,mensal,1739.29
2025,10,WILLIAM CARLOS BRUM BISPO,mensal,1739.29
2025,11,WILLIAM CARLOS BRUM BISPO,mensal,1739.29
2025,12,WILLIAM CARLOS BRUM BISPO,mensal,1739.29
2025,12,WILLIAM CARLOS BRUM BISPO,abono_natal,1739.29
2025,10,MÔNICA TEREZA AZEREDO BENICIO,mensal,1739.29
2025,11,MÔNICA TEREZA AZEREDO BENICIO,mensal,1739.29
2025,12,MÔNICA TEREZA AZEREDO BENICIO,mensal,1739.29
2025,12,MÔNICA TEREZA AZEREDO BENICIO,abono_natal,1739.29
2025,10,FLAVIO DAS GRAÇAS MIRANDA,mensal,1739.29
2025,11,FLAVIO DAS GRAÇAS MIRANDA,mensal,1739.29
2025,12,FLAVIO DAS GRAÇAS MIRANDA,mensal,1739.29
2025,12,FLAVIO DAS GRAÇAS MIRANDA,abono_natal,1739.29
2025,10,THAIS DE SOUZA FERREIRA,mensal,1739.29
2025,11,THAIS DE SOUZA FERREIRA,mensal,1739.29
2025,12,THAIS DE SOUZA FERREIRA,mensal,1739.29
2025,12,THAIS DE SOUZA FERREIRA,abono_natal,1739.29
2025,10,FELIPE BEZERRA DA COSTA,mensal,1739.29
2025,11,FELIPE BEZERRA DA COSTA,mensal,1739.29
2025,12,FELIPE BEZERRA DA COSTA,mensal,1739.29
2025,12,FELIPE BEZERRA DA COSTA,abono_natal,1739.29
2025,10,MARCELO DINIZ ANASTACIO DA SILVA,mensal,1739.29
2025,11,MARCELO DINIZ ANASTACIO DA SILVA,mensal,1739.29
2025,12,MARCELO DINIZ ANASTACIO DA SILVA,mensal,1739.29
2025,12,MARCELO DINIZ ANASTACIO DA SILVA,abono_natal,1739.29
2025,10,MARCOS DIAS PEREIRA,mensal,1739.29
2025,11,MARCOS DIAS PEREIRA,mensal,1739.29
2025,12,MARCOS DIAS PEREIRA,mensal,1739.29
2025,12,MARCOS DIAS PEREIRA,abono_natal,1739.29
2025,10,RICARDO CARDOSO AZEVEDO,mensal,1739.29
2025,11,RICARDO CARDOSO AZEVEDO,mensal,1739.29
2025,12,RICARDO CARDOSO AZEVEDO,mensal,1739.29
2025,12,RICARDO CARDOSO AZEVEDO,abono_natal,1739.29
2025,10,ROGÉRIO DE CASTRO LOPES,mensal,1739.29
2025,11,ROGÉRIO DE CASTRO LOPES,mensal,1739.29
2025,12,ROGÉRIO DE CASTRO LOPES,mensal,1739.29
2025,12,ROGÉRIO DE CASTRO LOPES,abono_natal,1739.29
2025,10,ATILA ALEXANDRE NUNES PEREIRA,mensal,1739.29
2025,11,ATILA ALEXANDRE NUNES PEREIRA,mensal,1739.29
2025,12,ATILA ALEXANDRE NUNES PEREIRA,mensal,1739.29
2025,12,ATILA ALEXANDRE NUNES PEREIRA,abono_natal,1739.29
2025,10,ANTONIO JOSÉ PAPERA DE AZEVEDO,mensal,1739.29
2025,11,ANTONIO JOSÉ PAPERA DE AZEVEDO,mensal,1739.29
2025,12,ANTONIO JOSÉ PAPERA DE AZEVEDO,mensal,1739.29
2025,12,ANTONIO JOSÉ PAPERA DE AZEVEDO,abono_natal,1739.29
2025,10,ADEJAIR SANCHES DE AGUIAR,mensal,1739.29
2025,11,ADEJAIR SANCHES DE AGUIAR,mensal,1739.29
2025,12,ADEJAIR SANCHES DE AGUIAR,mensal,1739.29
2025,12,ADEJAIR SANCHES DE AGUIAR,abono_natal,1739.29
2025,10,DEANGELES PERCY DA CUNHA GUIMARÃES,mensal,1739.29
2025,11,DEANGELES PERCY DA CUNHA GUIMARÃES,mensal,1739.29
2025,12,DEANGELES PERCY DA CUNHA GUIMARÃES,mensal,1739.29
2025,12,DEANGELES PERCY DA CUNHA GUIMARÃES,abono_natal,1739.29
2025,10,DIEGO DE ANDRADE FARO TELES,mensal,1739.29
2025,11,DIEGO DE ANDRADE FARO TELES,mensal,1739.29
2025,12,DIEGO DE ANDRADE FARO TELES,mensal,1739.29
2025,12,DIEGO DE ANDRADE FARO TELES,abono_natal,1739.29
2025,10,FÁBIO DA SILVA COSTA,mensal,1739.29
2025,11,FÁBIO DA SILVA COSTA,mensal,1739.29
2025,12,FÁBIO DA SILVA COSTA,mensal,1739.29
2025,12,FÁBIO DA SILVA COSTA,abono_natal,1739.29
2025,10,FÁBIO MATTAINI POUBEL,mensal,1739.29
2025,11,FÁBIO MATTAINI POUBEL,mensal,1739.29
2025,12,FÁBIO MATTAINI POUBEL,mensal,1739.29
2025,12,FÁBIO MATTAINI POUBEL,abono_natal,1739.29
2025,10,FELIPE DA SILVA PIRES,mensal,1739.29
2025,11,FELIPE DA SILVA PIRES,mensal,1739.29
2025,12,FELIPE DA SILVA PIRES,mensal,1739.29
2025,12,FELIPE DA SILVA PIRES,abono_natal,1739.29
2025,10,FERNANDO CÉSAR CAMPOS PAES,mensal,1739.29
2025,11,FERNANDO CÉSAR CAMPOS PAES,mensal,1739.29
2025,12,FERNANDO CÉSAR CAMPOS PAES,mensal,1739.29
2025,12,FERNANDO CÉSAR CAMPOS PAES,abono_natal,1739.29
2025,10,FLÁVIO GUIMARÃES BITTENCOURT DO VALLE,mensal,1739.29
2025,11,FLÁVIO GUIMARÃES BITTENCOURT DO VALLE,mensal,1739.29
2025,12,FLÁVIO GUIMARÃES BITTENCOURT DO VALLE,mensal,1739.29
2025,12,FLÁVIO GUIMARÃES BITTENCOURT DO VALLE,abono_natal,1739.29
2025,10,FLAVIO SOARES CASTILHO,mensal,1739.29
2025,11,FLAVIO SOARES CASTILHO,mensal,1739.29
2025,12,FLAVIO SOARES CASTILHO,mensal,1739.29
2025,12,FLAVIO SOARES CASTILHO,abono_natal,1739.29
2025,10,GIRLANDIA DOS SANTOS GRACIANO,mensal,1739.29
2025,11,GIRLANDIA DOS SANTOS GRACIANO,mensal,1739.29
2025,12,GIRLANDIA DOS SANTOS GRACIANO,mensal,1739.29
2025,12,GIRLANDIA DOS SANTOS GRACIANO,abono_natal,1739.29
2025,10,JANILCE HELENA VIEIRA MENDES,mensal,1739.29
2025,11,JANILCE HELENA VIEIRA MENDES,mensal,1739.29
2025,12,JANILCE HELENA VIEIRA MENDES,mensal,1739.29
2025,12,JANILCE HELENA VIEIRA MENDES,abono_natal,1739.29
2025,10,JORGE EDUARDO BARRETO DE ANDRADE FILHO,mensal,1739.29
2025,11,JORGE EDUARDO BARRETO DE ANDRADE FILHO,mensal,1739.29
2025,12,JORGE EDUARDO BARRETO DE ANDRADE FILHO,mensal,1739.29
2025,12,JORGE EDUARDO BARRETO DE ANDRADE FILHO,abono_natal,1739.29
2025,10,LENIEL BOREL DE ALMEIDA JUNIOR,mensal,1739.29
2025,11,LENIEL BOREL DE ALMEIDA JUNIOR,mensal,1739.29
2025,12,LENIEL BOREL DE ALMEIDA JUNIOR,mensal,1739.29
2025,12,LENIEL BOREL DE ALMEIDA JUNIOR,abono_natal,1739.29
2025,10,LEONEL QUERINO DA SILVA NETO,mensal,1739.29
2025,11,LEONEL QUERINO DA SILVA NETO,mensal,1739.29
2025,12,LEONEL QUERINO DA SILVA NETO,mensal,1739.29
2025,12,LEONEL QUERINO DA SILVA NETO,abono_natal,1739.29
2025,10,MAÍRA SANTANA MARINHO DA CUNHA,mensal,1739.29
2025,11,MAÍRA SANTANA MARINHO DA CUNHA,mensal,1739.29
2025,12,MAÍRA SANTANA MARINHO DA CUNHA,mensal,1739.29
2025,12,MAÍRA SANTANA MARINHO DA CUNHA,abono_natal,1739.29
2025,10,PAULO SANTOS MESSINA,mensal,1739.29
2025,11,PAULO SANTOS MESSINA,mensal,1739.29
2025,12,PAULO SANTOS MESSINA,mensal,1739.29
2025,12,PAULO SANTOS MESSINA,abono_natal,1739.29
2025,10,RAFAEL SILVA FERREIRA DE LIMA,mensal,1739.29
2025,11,RAFAEL SILVA FERREIRA DE LIMA,mensal,1739.29
2025,12,RAFAEL SILVA FERREIRA DE LIMA,mensal,1739.29
2025,12,RAFAEL SILVA FERREIRA DE LIMA,abono_natal,1739.29
2025,10,RODRIGO DOS SANTOS VIZEU SOARES,mensal,1739.29
2025,11,RODRIGO DOS SANTOS VIZEU SOARES,mensal,1739.29
2025,12,RODRIGO DOS SANTOS VIZEU SOARES,mensal,1739.29
2025,12,RODRIGO DOS SANTOS VIZEU SOARES,abono_natal,1739.29
2025,10,SALVINO OLIVEIRA BARBOSA,mensal,1739.29
2025,11,SALVINO OLIVEIRA BARBOSA,mensal,1739.29
2025,12,SALVINO OLIVEIRA BARBOSA,mensal,1739.29
2025,12,SALVINO OLIVEIRA BARBOSA,abono_natal,1739.29
2025,10,TALITA GALHARDO MARTINS BORGES SOUSA,mensal,1739.29
2025,11,TALITA GALHARDO MARTINS BORGES SOUSA,mensal,1739.29
2025,12,TALITA GALHARDO MARTINS BORGES SOUSA,mensal,1739.29
2025,12,TALITA GALHARDO MARTINS BORGES SOUSA,abono_natal,1739.29
2025,10,WAGNER MARINHO TAVARES,mensal,1739.29
2025,11,WAGNER MARINHO TAVARES,mensal,1739.29
2025,12,WAGNER MARINHO TAVARES,mensal,1739.29
2025,12,WAGNER MARINHO TAVARES,abono_natal,1739.29
2025,10,MARCIO SANTOS DE ARAUJO,mensal,1739.29
2025,11,MARCIO SANTOS DE ARAUJO,mensal,1739.29
2025,12,MARCIO SANTOS DE ARAUJO,mensal,1739.29
2025,12,MARCIO SANTOS DE ARAUJO,abono_natal,1739.29
2026,1,ALANA DE OLIVEIRA PASSOS DE SOUZA,mensal,1739.29
2026,2,ALANA DE OLIVEIRA PASSOS DE SOUZA,mensal,1821.21
2026,3,ALANA DE OLIVEIRA PASSOS DE SOUZA,mensal,1821.21
2026,4,ALANA DE OLIVEIRA PASSOS DE SOUZA,mensal,1821.21
2026,5,ALANA DE OLIVEIRA PASSOS DE SOUZA,mensal,1821.21
2026,6,ALANA DE OLIVEIRA PASSOS DE SOUZA,mensal,1821.21
2026,7,ALANA DE OLIVEIRA PASSOS DE SOUZA,mensal,1821.21
2026,8,ALANA DE OLIVEIRA PASSOS DE SOUZA,mensal,1821.21
2026,1,ROSA MARIA ORLANDO FERNANDES,mensal,1739.29
2026,2,ROSA MARIA ORLANDO FERNANDES,mensal,1821.21
2026,3,ROSA MARIA ORLANDO FERNANDES,mensal,1821.21
2026,4,ROSA MARIA ORLANDO FERNANDES,mensal,1821.21
2026,5,ROSA MARIA ORLANDO FERNANDES,mensal,1821.21
2026,6,ROSA MARIA ORLANDO FERNANDES,mensal,1821.21
2026,7,ROSA MARIA ORLANDO FERNANDES,mensal,1821.21
2026,8,ROSA MARIA ORLANDO FERNANDES,mensal,1821.21
2026,1,JORGE MIGUEL FELIPPE,mensal,1739.29
2026,2,JORGE MIGUEL FELIPPE,mensal,1821.21
2026,3,JORGE MIGUEL FELIPPE,mensal,1821.21
2026,1,CARLO FERREIRA DE CAIADO CASTRO,mensal,1739.29
2026,2,CARLO FERREIRA DE CAIADO CASTRO,mensal,1821.21
2026,3,CARLO FERREIRA DE CAIADO CASTRO,mensal,1821.21
2026,4,CARLO FERREIRA DE CAIADO CASTRO,mensal,1821.21
2026,5,CARLO FERREIRA DE CAIADO CASTRO,mensal,1821.21
2026,6,CARLO FERREIRA DE CAIADO CASTRO,mensal,1821.21
2026,7,CARLO FERREIRA DE CAIADO CASTRO,mensal,1821.21
2026,8,CARLO FERREIRA DE CAIADO CASTRO,mensal,1821.21
2026,1,JOSÉ RENATO CARDOZO MOURA,mensal,1739.29
2026,2,JOSÉ RENATO CARDOZO MOURA,mensal,1821.21
2026,3,JOSÉ RENATO CARDOZO MOURA,mensal,1821.21
2026,4,JOSÉ RENATO CARDOZO MOURA,mensal,1821.21
2026,5,JOSÉ RENATO CARDOZO MOURA,mensal,1821.21
2026,6,JOSÉ RENATO CARDOZO MOURA,mensal,1821.21
2026,7,JOSÉ RENATO CARDOZO MOURA,mensal,1821.21
2026,8,JOSÉ RENATO CARDOZO MOURA,mensal,1821.21
2026,1,TÂNIA CRISTINA MAGALHÃES BASTOS E SILVA,mensal,1739.29
2026,2,TÂNIA CRISTINA MAGALHÃES BASTOS E SILVA,mensal,1821.21
2026,3,TÂNIA CRISTINA MAGALHÃES BASTOS E SILVA,mensal,1821.21
2026,4,TÂNIA CRISTINA MAGALHÃES BASTOS E SILVA,mensal,1821.21
2026,5,TÂNIA CRISTINA MAGALHÃES BASTOS E SILVA,mensal,1821.21
2026,6,TÂNIA CRISTINA MAGALHÃES BASTOS E SILVA,mensal,1821.21
2026,7,TÂNIA CRISTINA MAGALHÃES BASTOS E SILVA,mensal,1821.21
2026,8,TÂNIA CRISTINA MAGALHÃES BASTOS E SILVA,mensal,1821.21
2026,1,VERA LUCIA FERREIRA LINS,mensal,1739.29
2026,2,VERA LUCIA FERREIRA LINS,mensal,1821.21
2026,3,VERA LUCIA FERREIRA LINS,mensal,1821.21
2026,4,VERA LUCIA FERREIRA LINS,mensal,1821.21
2026,5,VERA LUCIA FERREIRA LINS,mensal,1821.21
2026,6,VERA LUCIA FERREIRA LINS,mensal,1821.21
2026,7,VERA LUCIA FERREIRA LINS,mensal,1821.21
2026,8,VERA LUCIA FERREIRA LINS,mensal,1821.21
2026,1,GILBERTO DE OLIVEIRA LIMA,mensal,1739.29
2026,2,GILBERTO DE OLIVEIRA LIMA,mensal,1821.21
2026,3,GILBERTO DE OLIVEIRA LIMA,mensal,1821.21
2026,4,GILBERTO DE OLIVEIRA LIMA,mensal,1821.21
2026,5,GILBERTO DE OLIVEIRA LIMA,mensal,1821.21
2026,6,GILBERTO DE OLIVEIRA LIMA,mensal,1821.21
2026,7,GILBERTO DE OLIVEIRA LIMA,mensal,1821.21
2026,8,GILBERTO DE OLIVEIRA LIMA,mensal,1821.21
2026,1,WILLIAN CARVALHO DOS SANTOS,mensal,1739.29
2026,2,WILLIAN CARVALHO DOS SANTOS,mensal,1821.21
2026,3,WILLIAN CARVALHO DOS SANTOS,mensal,1821.21
2026,4,WILLIAN CARVALHO DOS SANTOS,mensal,1821.21
2026,5,WILLIAN CARVALHO DOS SANTOS,mensal,1821.21
2026,6,WILLIAN CARVALHO DOS SANTOS,mensal,1821.21
2026,7,WILLIAN CARVALHO DOS SANTOS,mensal,1821.21
2026,8,WILLIAN CARVALHO DOS SANTOS,mensal,1821.21
2026,1,CESAR EPITÁCIO MAIA,mensal,1739.29
2026,2,CESAR EPITÁCIO MAIA,mensal,1821.21
2026,3,CESAR EPITÁCIO MAIA,mensal,1821.21
2026,4,CESAR EPITÁCIO MAIA,mensal,1821.21
2026,5,CESAR EPITÁCIO MAIA,mensal,1821.21
2026,6,CESAR EPITÁCIO MAIA,mensal,1821.21
2026,7,CESAR EPITÁCIO MAIA,mensal,1821.21
2026,8,CESAR EPITÁCIO MAIA,mensal,1821.21
2026,1,TADEU AMORIM DE BARROS JUNIOR,mensal,1739.29
2026,2,TADEU AMORIM DE BARROS JUNIOR,mensal,1821.21
2026,3,TADEU AMORIM DE BARROS JUNIOR,mensal,1821.21
2026,4,TADEU AMORIM DE BARROS JUNIOR,mensal,1821.21
2026,5,TADEU AMORIM DE BARROS JUNIOR,mensal,1821.21
2026,6,TADEU AMORIM DE BARROS JUNIOR,mensal,1821.21
2026,7,TADEU AMORIM DE BARROS JUNIOR,mensal,1821.21
2026,8,TADEU AMORIM DE BARROS JUNIOR,mensal,1821.21
2026,1,RAFAEL ALOISIO FREITAS,mensal,1739.29
2026,2,RAFAEL ALOISIO FREITAS,mensal,1821.21
2026,3,RAFAEL ALOISIO FREITAS,mensal,1821.21
2026,4,RAFAEL ALOISIO FREITAS,mensal,1821.21
2026,5,RAFAEL ALOISIO FREITAS,mensal,1821.21
2026,6,RAFAEL ALOISIO FREITAS,mensal,1821.21
2026,7,RAFAEL ALOISIO FREITAS,mensal,1821.21
2026,8,RAFAEL ALOISIO FREITAS,mensal,1821.21
2026,1,JOSÉ INALDO FERNANDES DA SILVA,mensal,1739.29
2026,2,JOSÉ INALDO FERNANDES DA SILVA,mensal,1821.21
2026,3,JOSÉ INALDO FERNANDES DA SILVA,mensal,1821.21
2026,4,JOSÉ INALDO FERNANDES DA SILVA,mensal,1821.21
2026,5,JOSÉ INALDO FERNANDES DA SILVA,mensal,1821.21
2026,6,JOSÉ INALDO FERNANDES DA SILVA,mensal,1821.21
2026,7,JOSÉ INALDO FERNANDES DA SILVA,mensal,1821.21
2026,8,JOSÉ INALDO FERNANDES DA SILVA,mensal,1821.21
2026,1,LUCIANA GONÇALVES DE NOVAES,mensal,1739.29
2026,2,LUCIANA GONÇALVES DE NOVAES,mensal,1821.21
2026,3,LUCIANA GONÇALVES DE NOVAES,mensal,1821.21
2026,1,WELINGTON DE ARAÚJO DIAS,mensal,1739.29
2026,2,WELINGTON DE ARAÚJO DIAS,mensal,1821.21
2026,3,WELINGTON DE ARAÚJO DIAS,mensal,1821.21
2026,4,WELINGTON DE ARAÚJO DIAS,mensal,1821.21
2026,5,WELINGTON DE ARAÚJO DIAS,mensal,1821.21
2026,6,WELINGTON DE ARAÚJO DIAS,mensal,1821.21
2026,7,WELINGTON DE ARAÚJO DIAS,mensal,1821.21
2026,8,WELINGTON DE ARAÚJO DIAS,mensal,1821.21
2026,1,VITOR HUGO KACZMARKIEWICZ DOS SANTOS,mensal,1739.29
2026,2,VITOR HUGO KACZMARKIEWICZ DOS SANTOS,mensal,1821.21
2026,3,VITOR HUGO KACZMARKIEWICZ DOS SANTOS,mensal,1821.21
2026,4,VITOR HUGO KACZMARKIEWICZ DOS SANTOS,mensal,1821.21
2026,5,VITOR HUGO KACZMARKIEWICZ DOS SANTOS,mensal,1821.21
2026,6,VITOR HUGO KACZMARKIEWICZ DOS SANTOS,mensal,1821.21
2026,7,VITOR HUGO KACZMARKIEWICZ DOS SANTOS,mensal,1821.21
2026,8,VITOR HUGO KACZMARKIEWICZ DOS SANTOS,mensal,1821.21
2026,1,ROGERIO MARTINS PIRES DE AMORIM,mensal,1739.29
2026,2,ROGERIO MARTINS PIRES DE AMORIM,mensal,1821.21
2026,3,ROGERIO MARTINS PIRES DE AMORIM,mensal,1821.21
2026,4,ROGERIO MARTINS PIRES DE AMORIM,mensal,1821.21
2026,5,ROGERIO MARTINS PIRES DE AMORIM,mensal,1821.21
2026,6,ROGERIO MARTINS PIRES DE AMORIM,mensal,1821.21
2026,7,ROGERIO MARTINS PIRES DE AMORIM,mensal,1821.21
2026,8,ROGERIO MARTINS PIRES DE AMORIM,mensal,1821.21
2026,1,MÁRCIO CESAR GOMES RIBEIRO JUNIOR,mensal,1739.29
2026,2,MÁRCIO CESAR GOMES RIBEIRO JUNIOR,mensal,1821.21
2026,3,MÁRCIO CESAR GOMES RIBEIRO JUNIOR,mensal,1821.21
2026,4,MÁRCIO CESAR GOMES RIBEIRO JUNIOR,mensal,1821.21
2026,5,MÁRCIO CESAR GOMES RIBEIRO JUNIOR,mensal,1821.21
2026,6,MÁRCIO CESAR GOMES RIBEIRO JUNIOR,mensal,1821.21
2026,7,MÁRCIO CESAR GOMES RIBEIRO JUNIOR,mensal,1821.21
2026,8,MÁRCIO CESAR GOMES RIBEIRO JUNIOR,mensal,1821.21
2026,1,PEDRO DUARTE DOS SANTOS SOARES JUNIOR,mensal,1739.29
2026,2,PEDRO DUARTE DOS SANTOS SOARES JUNIOR,mensal,1821.21
2026,3,PEDRO DUARTE DOS SANTOS SOARES JUNIOR,mensal,1821.21
2026,4,PEDRO DUARTE DOS SANTOS SOARES JUNIOR,mensal,1821.21
2026,5,PEDRO DUARTE DOS SANTOS SOARES JUNIOR,mensal,1821.21
2026,6,PEDRO DUARTE DOS SANTOS SOARES JUNIOR,mensal,1821.21
2026,7,PEDRO DUARTE DOS SANTOS SOARES JUNIOR,mensal,1821.21
2026,8,PEDRO DUARTE DOS SANTOS SOARES JUNIOR,mensal,1821.21
2026,1,WILLIAM CARLOS BRUM BISPO,mensal,1739.29
2026,2,WILLIAM CARLOS BRUM BISPO,mensal,1821.21
2026,3,WILLIAM CARLOS BRUM BISPO,mensal,1821.21
2026,4,WILLIAM CARLOS BRUM BISPO,mensal,1821.21
2026,5,WILLIAM CARLOS BRUM BISPO,mensal,1821.21
2026,6,WILLIAM CARLOS BRUM BISPO,mensal,1821.21
2026,7,WILLIAM CARLOS BRUM BISPO,mensal,1821.21
2026,8,WILLIAM CARLOS BRUM BISPO,mensal,1821.21
2026,1,MÔNICA TEREZA AZEREDO BENICIO,mensal,1739.29
2026,2,MÔNICA TEREZA AZEREDO BENICIO,mensal,1821.21
2026,3,MÔNICA TEREZA AZEREDO BENICIO,mensal,1821.21
2026,4,MÔNICA TEREZA AZEREDO BENICIO,mensal,1821.21
2026,5,MÔNICA TEREZA AZEREDO BENICIO,mensal,1821.21
2026,6,MÔNICA TEREZA AZEREDO BENICIO,mensal,1821.21
2026,7,MÔNICA TEREZA AZEREDO BENICIO,mensal,1821.21
2026,8,MÔNICA TEREZA AZEREDO BENICIO,mensal,1821.21
2026,1,FLAVIO DAS GRAÇAS MIRANDA,mensal,1739.29
2026,2,FLAVIO DAS GRAÇAS MIRANDA,mensal,1821.21
2026,5,FLAVIO DAS GRAÇAS MIRANDA,mensal,1821.21
2026,6,FLAVIO DAS GRAÇAS MIRANDA,mensal,1821.21
2026,7,FLAVIO DAS GRAÇAS MIRANDA,mensal,1821.21
2026,8,FLAVIO DAS GRAÇAS MIRANDA,mensal,1821.21
2026,1,THAIS DE SOUZA FERREIRA,mensal,1739.29
2026,2,THAIS DE SOUZA FERREIRA,mensal,1821.21
2026,3,THAIS DE SOUZA FERREIRA,mensal,1821.21
2026,4,THAIS DE SOUZA FERREIRA,mensal,1821.21
2026,5,THAIS DE SOUZA FERREIRA,mensal,1821.21
2026,6,THAIS DE SOUZA FERREIRA,mensal,1821.21
2026,7,THAIS DE SOUZA FERREIRA,mensal,1821.21
2026,8,THAIS DE SOUZA FERREIRA,mensal,1821.21
2026,1,FELIPE BEZERRA DA COSTA,mensal,1739.29
2026,2,FELIPE BEZERRA DA COSTA,mensal,1821.21
2026,3,FELIPE BEZERRA DA COSTA,mensal,1821.21
2026,4,FELIPE BEZERRA DA COSTA,mensal,1821.21
2026,5,FELIPE BEZERRA DA COSTA,mensal,1821.21
2026,6,FELIPE BEZERRA DA COSTA,mensal,1821.21
2026,7,FELIPE BEZERRA DA COSTA,mensal,1821.21
2026,8,FELIPE BEZERRA DA COSTA,mensal,1821.21
2026,1,MARCELO DINIZ ANASTACIO DA SILVA,mensal,1739.29
2026,2,MARCELO DINIZ ANASTACIO DA SILVA,mensal,1821.21
2026,3,MARCELO DINIZ ANASTACIO DA SILVA,mensal,1821.21
2026,4,MARCELO DINIZ ANASTACIO DA SILVA,mensal,1821.21
2026,5,MARCELO DINIZ ANASTACIO DA SILVA,mensal,1821.21
2026,6,MARCELO DINIZ ANASTACIO DA SILVA,mensal,1821.21
2026,7,MARCELO DINIZ ANASTACIO DA SILVA,mensal,1821.21
2026,8,MARCELO DINIZ ANASTACIO DA SILVA,mensal,1821.21
2026,1,MARCOS DIAS PEREIRA,mensal,1739.29
2026,2,MARCOS DIAS PEREIRA,mensal,1821.21
2026,3,MARCOS DIAS PEREIRA,mensal,1821.21
2026,4,MARCOS DIAS PEREIRA,mensal,1821.21
2026,5,MARCOS DIAS PEREIRA,mensal,1821.21
2026,6,MARCOS DIAS PEREIRA,mensal,1821.21
2026,7,MARCOS DIAS PEREIRA,mensal,1821.21
2026,8,MARCOS DIAS PEREIRA,mensal,1821.21
2026,1,RICARDO CARDOSO AZEVEDO,mensal,1739.29
2026,2,RICARDO CARDOSO AZEVEDO,mensal,1821.21
2026,3,RICARDO CARDOSO AZEVEDO,mensal,1821.21
2026,4,RICARDO CARDOSO AZEVEDO,mensal,1821.21
2026,5,RICARDO CARDOSO AZEVEDO,mensal,1821.21
2026,6,RICARDO CARDOSO AZEVEDO,mensal,1821.21
2026,7,RICARDO CARDOSO AZEVEDO,mensal,1821.21
2026,8,RICARDO CARDOSO AZEVEDO,mensal,1821.21
2026,1,ROGÉRIO DE CASTRO LOPES,mensal,1739.29
2026,2,LUIS ANTÔNIO DA COSTA RAMOS,mensal,1821.21
2026,3,LUIS ANTÔNIO DA COSTA RAMOS,mensal,1821.21
2026,4,LUIS ANTÔNIO DA COSTA RAMOS,mensal,1821.21
2026,5,LUIS ANTÔNIO DA COSTA RAMOS,mensal,1821.21
2026,6,LUIS ANTÔNIO DA COSTA RAMOS,mensal,1821.21
2026,7,LUIS ANTÔNIO DA COSTA RAMOS,mensal,1821.21
2026,8,LUIS ANTÔNIO DA COSTA RAMOS,mensal,1821.21
2026,1,ATILA ALEXANDRE NUNES PEREIRA,mensal,1739.29
2026,2,ATILA ALEXANDRE NUNES PEREIRA,mensal,1821.21
2026,3,ATILA ALEXANDRE NUNES PEREIRA,mensal,1821.21
2026,4,ATILA ALEXANDRE NUNES PEREIRA,mensal,1821.21
2026,5,ATILA ALEXANDRE NUNES PEREIRA,mensal,1821.21
2026,6,ATILA ALEXANDRE NUNES PEREIRA,mensal,1821.21
2026,7,ATILA ALEXANDRE NUNES PEREIRA,mensal,1821.21
2026,8,ATILA ALEXANDRE NUNES PEREIRA,mensal,1821.21
2026,1,ANTONIO JOSÉ PAPERA DE AZEVEDO,mensal,1739.29
2026,2,ANTONIO JOSÉ PAPERA DE AZEVEDO,mensal,1821.21
2026,3,ANTONIO JOSÉ PAPERA DE AZEVEDO,mensal,1821.21
2026,4,ANTONIO JOSÉ PAPERA DE AZEVEDO,mensal,1821.21
2026,5,ANTONIO JOSÉ PAPERA DE AZEVEDO,mensal,1821.21
2026,6,ANTONIO JOSÉ PAPERA DE AZEVEDO,mensal,1821.21
2026,7,ANTONIO JOSÉ PAPERA DE AZEVEDO,mensal,1821.21
2026,8,ANTONIO JOSÉ PAPERA DE AZEVEDO,mensal,1821.21
2026,1,ADEJAIR SANCHES DE AGUIAR,mensal,1739.29
2026,2,ADEJAIR SANCHES DE AGUIAR,mensal,1821.21
2026,3,ADEJAIR SANCHES DE AGUIAR,mensal,1821.21
2026,4,ADEJAIR SANCHES DE AGUIAR,mensal,1821.21
2026,5,ADEJAIR SANCHES DE AGUIAR,mensal,1821.21
2026,6,ADEJAIR SANCHES DE AGUIAR,mensal,1821.21
2026,7,ADEJAIR SANCHES DE AGUIAR,mensal,1821.21
2026,8,ADEJAIR SANCHES DE AGUIAR,mensal,1821.21
2026,1,DEANGELES PERCY DA CUNHA GUIMARÃES,mensal,1739.29
2026,2,DEANGELES PERCY DA CUNHA GUIMARÃES,mensal,1821.21
2026,3,DEANGELES PERCY DA CUNHA GUIMARÃES,mensal,1821.21
2026,4,DEANGELES PERCY DA CUNHA GUIMARÃES,mensal,1821.21
2026,5,DEANGELES PERCY DA CUNHA GUIMARÃES,mensal,1821.21
2026,6,DEANGELES PERCY DA CUNHA GUIMARÃES,mensal,1821.21
2026,7,DEANGELES PERCY DA CUNHA GUIMARÃES,mensal,1821.21
2026,8,DEANGELES PERCY DA CUNHA GUIMARÃES,mensal,1821.21
2026,1,DIEGO DE ANDRADE FARO TELES,mensal,1739.29
2026,2,DIEGO DE ANDRADE FARO TELES,mensal,1821.21
2026,3,DIEGO DE ANDRADE FARO TELES,mensal,1821.21
2026,5,DIEGO DE ANDRADE FARO TELES,mensal,1821.21
2026,6,DIEGO DE ANDRADE FARO TELES,mensal,1821.21
2026,7,DIEGO DE ANDRADE FARO TELES,mensal,1821.21
2026,8,DIEGO DE ANDRADE FARO TELES,mensal,1821.21
2026,1,FÁBIO DA SILVA COSTA,mensal,1739.29
2026,2,FÁBIO DA SILVA COSTA,mensal,1821.21
2026,3,FÁBIO DA SILVA COSTA,mensal,1821.21
2026,4,FÁBIO DA SILVA COSTA,mensal,1821.21
2026,5,FÁBIO DA SILVA COSTA,mensal,1821.21
2026,6,FÁBIO DA SILVA COSTA,mensal,1821.21
2026,7,FÁBIO DA SILVA COSTA,mensal,1821.21
2026,8,FÁBIO DA SILVA COSTA,mensal,1821.21
2026,1,FÁBIO MATTAINI POUBEL,mensal,1739.29
2026,2,FÁBIO MATTAINI POUBEL,mensal,1821.21
2026,3,FÁBIO MATTAINI POUBEL,mensal,1821.21
2026,4,FÁBIO MATTAINI POUBEL,mensal,1821.21
2026,5,FÁBIO MATTAINI POUBEL,mensal,1821.21
2026,6,FÁBIO MATTAINI POUBEL,mensal,1821.21
2026,7,FÁBIO MATTAINI POUBEL,mensal,1821.21
2026,8,FÁBIO MATTAINI POUBEL,mensal,1821.21
2026,1,FELIPE DA SILVA PIRES,mensal,1739.29
2026,2,FELIPE DA SILVA PIRES,mensal,1821.21
2026,3,FELIPE DA SILVA PIRES,mensal,1821.21
2026,4,FELIPE DA SILVA PIRES,mensal,1821.21
2026,5,FELIPE DA SILVA PIRES,mensal,1821.21
2026,6,FELIPE DA SILVA PIRES,mensal,1821.21
2026,7,FELIPE DA SILVA PIRES,mensal,1821.21
2026,8,FELIPE DA SILVA PIRES,mensal,1821.21
2026,1,FERNANDO CÉSAR CAMPOS PAES,mensal,1739.29
2026,2,FERNANDO CÉSAR CAMPOS PAES,mensal,1821.21
2026,3,FERNANDO CÉSAR CAMPOS PAES,mensal,1821.21
2026,4,FERNANDO CÉSAR CAMPOS PAES,mensal,1821.21
2026,5,FERNANDO CÉSAR CAMPOS PAES,mensal,1821.21
2026,6,FERNANDO CÉSAR CAMPOS PAES,mensal,1821.21
2026,7,FERNANDO CÉSAR CAMPOS PAES,mensal,1821.21
2026,8,FERNANDO CÉSAR CAMPOS PAES,mensal,1821.21
2026,1,FLÁVIO GUIMARÃES BITTENCOURT DO VALLE,mensal,1739.29
2026,2,FLÁVIO GUIMARÃES BITTENCOURT DO VALLE,mensal,1821.21
2026,3,FLÁVIO GUIMARÃES BITTENCOURT DO VALLE,mensal,1821.21
2026,4,FLÁVIO GUIMARÃES BITTENCOURT DO VALLE,mensal,1821.21
2026,5,FLÁVIO GUIMARÃES BITTENCOURT DO VALLE,mensal,1821.21
2026,6,FLÁVIO GUIMARÃES BITTENCOURT DO VALLE,mensal,1821.21
2026,7,FLÁVIO GUIMARÃES BITTENCOURT DO VALLE,mensal,1821.21
2026,8,FLÁVIO GUIMARÃES BITTENCOURT DO VALLE,mensal,1821.21
2026,1,FLAVIO SOARES CASTILHO,mensal,1739.29
2026,2,FLAVIO SOARES CASTILHO,mensal,1821.21
2026,3,FLAVIO SOARES CASTILHO,mensal,1821.21
2026,1,GIRLANDIA DOS SANTOS GRACIANO,mensal,1739.29
2026,2,GIRLANDIA DOS SANTOS GRACIANO,mensal,1821.21
2026,3,GIRLANDIA DOS SANTOS GRACIANO,mensal,1821.21
2026,4,GIRLANDIA DOS SANTOS GRACIANO,mensal,1821.21
2026,5,GIRLANDIA DOS SANTOS GRACIANO,mensal,1821.21
2026,6,GIRLANDIA DOS SANTOS GRACIANO,mensal,1821.21
2026,7,GIRLANDIA DOS SANTOS GRACIANO,mensal,1821.21
2026,8,GIRLANDIA DOS SANTOS GRACIANO,mensal,1821.21
2026,1,JANILCE HELENA VIEIRA MENDES,mensal,1739.29
2026,2,JANILCE HELENA VIEIRA MENDES,mensal,1821.21
2026,3,JANILCE HELENA VIEIRA MENDES,mensal,1821.21
2026,4,JANILCE HELENA VIEIRA MENDES,mensal,1821.21
2026,5,JANILCE HELENA VIEIRA MENDES,mensal,1821.21
2026,6,JANILCE HELENA VIEIRA MENDES,mensal,1821.21
2026,7,JANILCE HELENA VIEIRA MENDES,mensal,1821.21
2026,8,JANILCE HELENA VIEIRA MENDES,mensal,1821.21
2026,1,JORGE EDUARDO BARRETO DE ANDRADE FILHO,mensal,1739.29
2026,2,JORGE EDUARDO BARRETO DE ANDRADE FILHO,mensal,1821.21
2026,3,JORGE EDUARDO BARRETO DE ANDRADE FILHO,mensal,1821.21
2026,4,JORGE EDUARDO BARRETO DE ANDRADE FILHO,mensal,1821.21
2026,5,JORGE EDUARDO BARRETO DE ANDRADE FILHO,mensal,1821.21
2026,6,JORGE EDUARDO BARRETO DE ANDRADE FILHO,mensal,1821.21
2026,7,JORGE EDUARDO BARRETO DE ANDRADE FILHO,mensal,1821.21
2026,8,JORGE EDUARDO BARRETO DE ANDRADE FILHO,mensal,1821.21
2026,1,LENIEL BOREL DE ALMEIDA JUNIOR,mensal,1739.29
2026,2,LENIEL BOREL DE ALMEIDA JUNIOR,mensal,1821.21
2026,3,LENIEL BOREL DE ALMEIDA JUNIOR,mensal,1821.21
2026,4,LENIEL BOREL DE ALMEIDA JUNIOR,mensal,1821.21
2026,5,LENIEL BOREL DE ALMEIDA JUNIOR,mensal,1821.21
2026,6,LENIEL BOREL DE ALMEIDA JUNIOR,mensal,1821.21
2026,7,LENIEL BOREL DE ALMEIDA JUNIOR,mensal,1821.21
2026,8,LENIEL BOREL DE ALMEIDA JUNIOR,mensal,1821.21
2026,1,LEONEL QUERINO DA SILVA NETO,mensal,1739.29
2026,2,LEONEL QUERINO DA SILVA NETO,mensal,1821.21
2026,3,LEONEL QUERINO DA SILVA NETO,mensal,1821.21
2026,4,LEONEL QUERINO DA SILVA NETO,mensal,1821.21
2026,5,LEONEL QUERINO DA SILVA NETO,mensal,1821.21
2026,6,LEONEL QUERINO DA SILVA NETO,mensal,1821.21
2026,7,LEONEL QUERINO DA SILVA NETO,mensal,1821.21
2026,8,LEONEL QUERINO DA SILVA NETO,mensal,1821.21
2026,1,MAÍRA SANTANA MARINHO DA CUNHA,mensal,1739.29
2026,2,MAÍRA SANTANA MARINHO DA CUNHA,mensal,1821.21
2026,3,MAÍRA SANTANA MARINHO DA CUNHA,mensal,1821.21
2026,4,MAÍRA SANTANA MARINHO DA CUNHA,mensal,1821.21
2026,5,MAÍRA SANTANA MARINHO DA CUNHA,mensal,1821.21
2026,6,MAÍRA SANTANA MARINHO DA CUNHA,mensal,1821.21
2026,7,MAÍRA SANTANA MARINHO DA CUNHA,mensal,1821.21
2026,8,MAÍRA SANTANA MARINHO DA CUNHA,mensal,1821.21
2026,1,PAULO SANTOS MESSINA,mensal,1739.29
2026,2,PAULO SANTOS MESSINA,mensal,1821.21
2026,3,PAULO SANTOS MESSINA,mensal,1821.21
2026,4,PAULO SANTOS MESSINA,mensal,1821.21
2026,5,PAULO SANTOS MESSINA,mensal,1821.21
2026,6,PAULO SANTOS MESSINA,mensal,1821.21
2026,7,PAULO SANTOS MESSINA,mensal,1821.21
2026,8,PAULO SANTOS MESSINA,mensal,1821.21
2026,1,RAFAEL SILVA FERREIRA DE LIMA,mensal,1739.29
2026,2,RAFAEL SILVA FERREIRA DE LIMA,mensal,1821.21
2026,3,RAFAEL SILVA FERREIRA DE LIMA,mensal,1821.21
2026,4,RAFAEL SILVA FERREIRA DE LIMA,mensal,1821.21
2026,5,RAFAEL SILVA FERREIRA DE LIMA,mensal,1821.21
2026,6,RAFAEL SILVA FERREIRA DE LIMA,mensal,1821.21
2026,7,RAFAEL SILVA FERREIRA DE LIMA,mensal,1821.21
2026,8,RAFAEL SILVA FERREIRA DE LIMA,mensal,1821.21
2026,1,RODRIGO DOS SANTOS VIZEU SOARES,mensal,1739.29
2026,2,RODRIGO DOS SANTOS VIZEU SOARES,mensal,1821.21
2026,3,RODRIGO DOS SANTOS VIZEU SOARES,mensal,1821.21
2026,4,RODRIGO DOS SANTOS VIZEU SOARES,mensal,1821.21
2026,5,RODRIGO DOS SANTOS VIZEU SOARES,mensal,1821.21
2026,6,RODRIGO DOS SANTOS VIZEU SOARES,mensal,1821.21
2026,7,RODRIGO DOS SANTOS VIZEU SOARES,mensal,1821.21
2026,8,RODRIGO DOS SANTOS VIZEU SOARES,mensal,1821.21
2026,1,SALVINO OLIVEIRA BARBOSA,mensal,1739.29
2026,2,SALVINO OLIVEIRA BARBOSA,mensal,1821.21
2026,3,SALVINO OLIVEIRA BARBOSA,mensal,1821.21
2026,4,SALVINO OLIVEIRA BARBOSA,mensal,1821.21
2026,5,SALVINO OLIVEIRA BARBOSA,mensal,1821.21
2026,6,SALVINO OLIVEIRA BARBOSA,mensal,1821.21
2026,7,SALVINO OLIVEIRA BARBOSA,mensal,1821.21
2026,8,SALVINO OLIVEIRA BARBOSA,mensal,1821.21
2026,1,TALITA GALHARDO MARTINS BORGES SOUSA,mensal,1739.29
2026,2,TALITA GALHARDO MARTINS BORGES SOUSA,mensal,1821.21
2026,3,TALITA GALHARDO MARTINS BORGES SOUSA,mensal,1821.21
2026,4,TALITA GALHARDO MARTINS BORGES SOUSA,mensal,1821.21
2026,5,TALITA GALHARDO MARTINS BORGES SOUSA,mensal,1821.21
2026,6,TALITA GALHARDO MARTINS BORGES SOUSA,mensal,1821.21
2026,7,TALITA GALHARDO MARTINS BORGES SOUSA,mensal,1821.21
2026,8,TALITA GALHARDO MARTINS BORGES SOUSA,mensal,1821.21
2026,1,WAGNER MARINHO TAVARES,mensal,1739.29
2026,2,WAGNER MARINHO TAVARES,mensal,1821.21
2026,3,WAGNER MARINHO TAVARES,mensal,1821.21
2026,1,MARCIO SANTOS DE ARAUJO,mensal,1739.29
2026,2,MARCIO SANTOS DE ARAUJO,mensal,1821.21
2026,3,MARCIO SANTOS DE ARAUJO,mensal,1821.21
2026,4,MARCIO SANTOS DE ARAUJO,mensal,1821.21
2026,5,MARCIO SANTOS DE ARAUJO,mensal,1821.21
2026,6,MARCIO SANTOS DE ARAUJO,mensal,1821.21
2026,7,MARCIO SANTOS DE ARAUJO,mensal,1821.21
2026,8,MARCIO SANTOS DE ARAUJO,mensal,1821.21
2026,4,FELIPE MICHEL,mensal,1821.21
2026,5,FELIPE MICHEL,mensal,1821.21
2026,6,FELIPE MICHEL,mensal,1821.21
2026,7,FELIPE MICHEL,mensal,1821.21
2026,8,FELIPE MICHEL,mensal,1821.21
2026,4,JOYCE TRINDADE DE FARIA GAMA,mensal,1821.21
2026,5,JOYCE TRINDADE DE FARIA GAMA,mensal,1821.21
2026,6,JOYCE TRINDADE DE FARIA GAMA,mensal,1821.21
2026,7,JOYCE TRINDADE DE FARIA GAMA,mensal,1821.21
2026,8,JOYCE TRINDADE DE FARIA GAMA,mensal,1821.21
2026,4,LUIZ CARLOS CHAGAS DE S JUNIOR,mensal,1821.21
2026,4,TAINÁ REIS DE PAULA KAPAZ,mensal,1821.21
2026,5,TAINÁ REIS DE PAULA KAPAZ,mensal,1821.21
2026,6,TAINÁ REIS DE PAULA KAPAZ,mensal,1821.21
2026,7,TAINÁ REIS DE PAULA KAPAZ,mensal,1821.21
2026,8,TAINÁ REIS DE PAULA KAPAZ,mensal,1821.21
2026,4,TATIANA MARINS ROQUE,mensal,1821.21
2026,5,TATIANA MARINS ROQUE,mensal,1821.21
2026,6,TATIANA MARINS ROQUE,mensal,1821.21
2026,7,TATIANA MARINS ROQUE,mensal,1821.21
2026,8,TATIANA MARINS ROQUE,mensal,1821.21
