aaaamm,nome,unidade,folha,bruta,abate_teto
202501,EDUARDO CAVALIERE GONCALVES PINTO,PCRJ,NORMAL,28486.61,0.0
202501,EDUARDO CAVALIERE GONCALVES PINTO,CASA CIVIL,RESCISAO,6180.82,0.0
202501,EDUARDO DA COSTA PAES,PCRJ,NORMAL,35608.27,0.0
202502,EDUARDO CAVALIERE GONCALVES PINTO,PCRJ,NORMAL,28486.61,0.0
202502,EDUARDO DA COSTA PAES,PCRJ,NORMAL,35608.27,0.0
202503,EDUARDO CAVALIERE GONCALVES PINTO,PCRJ,NORMAL,28486.61,0.0
202503,EDUARDO CAVALIERE GONCALVES PINTO,PCRJ,SUPLEMENTO 3,12000.0,0.0
202503,EDUARDO DA COSTA PAES,PCRJ,NORMAL,35608.27,0.0
202504,EDUARDO CAVALIERE GONCALVES PINTO,PCRJ,NORMAL,28486.61,0.0
202504,EDUARDO CAVALIERE GONCALVES PINTO,PCRJ,SUPLEMENTO 4,12000.0,0.0
202504,EDUARDO DA COSTA PAES,PCRJ,NORMAL,35608.27,0.0
202505,EDUARDO CAVALIERE GONCALVES PINTO,PCRJ,NORMAL,52486.61,0.0
202505,EDUARDO DA COSTA PAES,PCRJ,NORMAL,35608.27,0.0
202506,EDUARDO CAVALIERE GONCALVES PINTO,PCRJ,NORMAL,40486.61,0.0
202506,EDUARDO DA COSTA PAES,PCRJ,NORMAL,35608.27,0.0
202507,EDUARDO CAVALIERE GONCALVES PINTO,PCRJ,AD DECIMO TERCEIRO,20243.31,0.0
202507,EDUARDO CAVALIERE GONCALVES PINTO,PCRJ,NORMAL,40486.61,0.0
202507,EDUARDO DA COSTA PAES,PCRJ,AD DECIMO TERCEIRO,17804.13,0.0
202507,EDUARDO DA COSTA PAES,PCRJ,NORMAL,35608.27,0.0
202508,EDUARDO CAVALIERE GONCALVES PINTO,PCRJ,NORMAL,40486.61,0.0
202508,EDUARDO DA COSTA PAES,PCRJ,NORMAL,35608.27,0.0
202509,EDUARDO CAVALIERE GONCALVES PINTO,PCRJ,NORMAL,40486.61,0.0
202509,EDUARDO DA COSTA PAES,PCRJ,NORMAL,35608.27,0.0
202510,EDUARDO CAVALIERE GONCALVES PINTO,PCRJ,NORMAL,40486.61,0.0
202510,EDUARDO DA COSTA PAES,PCRJ,NORMAL,35608.27,0.0
202511,EDUARDO CAVALIERE GONCALVES PINTO,PCRJ,NORMAL,40486.61,0.0
202511,EDUARDO DA COSTA PAES,PCRJ,NORMAL,35608.27,0.0
202512,EDUARDO CAVALIERE GONCALVES PINTO,PCRJ,DECIMO TERCEIRO,39486.61,0.0
202512,EDUARDO CAVALIERE GONCALVES PINTO,PCRJ,NORMAL,40486.61,0.0
202512,EDUARDO DA COSTA PAES,PCRJ,DECIMO TERCEIRO,35608.27,0.0
202512,EDUARDO DA COSTA PAES,PCRJ,NORMAL,35608.27,0.0
202601,EDUARDO CAVALIERE GONCALVES PINTO,PCRJ,NORMAL,41828.32,0.0
202601,EDUARDO DA COSTA PAES,PCRJ,NORMAL,37285.41,0.0
202602,EDUARDO CAVALIERE GONCALVES PINTO,PCRJ,NORMAL,41828.32,0.0
202602,EDUARDO DA COSTA PAES,PCRJ,NORMAL,37285.41,0.0
202603,EDUARDO CAVALIERE GONCALVES PINTO,PCRJ,NORMAL,32562.59,0.0
202604,EDUARDO CAVALIERE GONCALVES PINTO,PCRJ,NORMAL,37285.41,0.0
202604,EDUARDO DA COSTA PAES,PCRJ,RESCISAO,32935.44,0.0
202605,EDUARDO CAVALIERE GONCALVES PINTO,PCRJ,NORMAL,37285.41,0.0
202606,EDUARDO CAVALIERE GONCALVES PINTO,PCRJ,NORMAL,37285.41,0.0
202607,EDUARDO CAVALIERE GONCALVES PINTO,PCRJ,AD DECIMO TERCEIRO,18642.71,0.0
202607,EDUARDO CAVALIERE GONCALVES PINTO,PCRJ,NORMAL,37285.41,0.0
202608,EDUARDO CAVALIERE GONCALVES PINTO,PCRJ,NORMAL,37285.41,0.0
202609,EDUARDO CAVALIERE GONCALVES PINTO,PCRJ,NORMAL,37285.41,0.0
