id,nome_parlamentar,nome_completo,tipo,em_exercicio,partido,pagina,foto,licenciado,substituindo,atual
712,Carlo Carotenuto,Carlo Carotenuto Filho,titular,True,Republicanos,https://www.camarapoa.rs.gov.br/vereadores/carlo-carotenuto,https://www.camarapoa.rs.gov.br/site/vereadores/227/thumb/VerCarotenuto.jpg,False,,True
713,Coronel Ustra,Marcelo Ustra da Silva Soares,titular,True,PL,https://www.camarapoa.rs.gov.br/vereadores/coronel-ustra,https://www.camarapoa.rs.gov.br/site/vereadores/228/thumb/VerUstra.jpg,False,,True
715,Grazi Oliveira,Graziela Oliveira Neto da Rosa,titular,True,PSOL,https://www.camarapoa.rs.gov.br/vereadores/grazi-oliveira,https://www.camarapoa.rs.gov.br/site/vereadores/230/thumb/VerGrazi.jpg,False,,True
716,Marcos Felipi,Marcos Felipi Haddad de Menezes Garcia,titular,True,PP,https://www.camarapoa.rs.gov.br/vereadores/marcos-felipi,https://www.camarapoa.rs.gov.br/site/vereadores/231/thumb/VerMarcos.jpg,False,,True
717,Vera Armando,Vera Regina Rodrigues de Armando,titular,True,PP,https://www.camarapoa.rs.gov.br/vereadores/vera-armando,https://www.camarapoa.rs.gov.br/site/vereadores/232/thumb/vera_armando.jpg,False,,True
718,Alexandre Bublitz,Alexandre Bublitz,titular,True,PT,https://www.camarapoa.rs.gov.br/vereadores/alexandre-bublitz,https://www.camarapoa.rs.gov.br/site/vereadores/226/thumb/alexandre_bublitz.jpg,False,,True
719,Aldacir Oliboni,Aldacir Oliboni,titular,True,PT,https://www.camarapoa.rs.gov.br/vereadores/aldacir-oliboni,https://www.camarapoa.rs.gov.br/site/vereadores/197/thumb/aldacir_oliboni.jpg,False,,True
720,Atena Roveda,Atena Beauvoir Roveda,titular,True,PSOL,https://www.camarapoa.rs.gov.br/vereadores/atena-roveda,https://www.camarapoa.rs.gov.br/site/vereadores/198/thumb/VerAtena4.jpg,False,,True
721,Cláudia Araújo,Claudia Vieira de Araujo,titular,True,PSD,https://www.camarapoa.rs.gov.br/vereadores/claudia-araujo-06ae780b-fc5c-4813-bf95-22ab87b3cd0f,https://www.camarapoa.rs.gov.br/site/vereadores/224/thumb/claudia_araujo.jpg,False,,True
722,Comandante Nádia,Nadia Rodrigues Silveira Gerhard,titular,True,PL,https://www.camarapoa.rs.gov.br/vereadores/comandante-nadia-63dd9134-bba5-47f7-91ba-9c91e5745edd,https://www.camarapoa.rs.gov.br/site/vereadores/199/thumb/comandante_nadia.jpg,False,,True
723,Erick Dênil,Erick Dênil Machado Pimentel,titular,True,PCdoB,https://www.camarapoa.rs.gov.br/vereadores/erick-denil-cf8d8501-d1fe-46a2-b5de-8416d0e83162,https://www.camarapoa.rs.gov.br/site/vereadores/200/thumb/VerErick3.jpg,False,,True
724,Fernanda Barth,Fernanda da Cunha Barth,titular,True,PL,https://www.camarapoa.rs.gov.br/vereadores/fernanda-barth-02d3d6fd-a631-4680-ba78-44213737f3ed,https://www.camarapoa.rs.gov.br/site/vereadores/201/thumb/FernandaBarth.jpg,False,,True
725,Gilson Padeiro,Gilsomar da Silva,titular,True,PSDB,https://www.camarapoa.rs.gov.br/vereadores/gilson-padeiro-75d52dc3-a20f-4378-bba4-9fa4d1af5b5b,https://www.camarapoa.rs.gov.br/site/vereadores/202/thumb/gp_133.jpg,False,,True
726,Giovane Byl,Giovane Luiz de Lima Junior,titular,True,PODE,https://www.camarapoa.rs.gov.br/vereadores/giovane-byl-512ee1ec-6e77-4bc9-b072-e4e6b6c6bfa7,https://www.camarapoa.rs.gov.br/site/vereadores/203/thumb/VerByl.jpg,False,,True
727,Giovani Culau e Coletivo,Giovani Culau Oliveira,titular,True,PCdoB,https://www.camarapoa.rs.gov.br/vereadores/giovani-culau-e-coletivo,https://www.camarapoa.rs.gov.br/site/vereadores/204/thumb/VerCulau.jpg,False,,True
728,Hamilton Sossmeier,Hamilton Sossmeier,titular,True,PODE,https://www.camarapoa.rs.gov.br/vereadores/hamilton-sossmeier-5a87826b-9172-4def-83ae-85dcd84a4e8f,https://www.camarapoa.rs.gov.br/site/vereadores/205/thumb/hamilton_sossmeier.jpg,False,,True
729,Jessé Sangalli,Jesse Sangalli de Mello,titular,True,PL,https://www.camarapoa.rs.gov.br/vereadores/jesse-sangalli-ba36a0a8-253d-493c-8ef9-1d48c2b3c2c6,https://www.camarapoa.rs.gov.br/site/vereadores/206/thumb/jesse_sangalli.jpg,False,,True
730,Jonas Reis,Jonas Tarcísio Reis,titular,True,PT,https://www.camarapoa.rs.gov.br/vereadores/jonas-reis-1bee2da4-c545-4add-8dfd-e0ede9769bf8,https://www.camarapoa.rs.gov.br/site/vereadores/207/thumb/jsm.jpg,False,,True
731,José Freitas,Jose Amaro Azevedo de Freitas,titular,True,Republicanos,https://www.camarapoa.rs.gov.br/vereadores/jose-freitas-a70b9543-b955-42bf-a977-8b7e756f453b,https://www.camarapoa.rs.gov.br/site/vereadores/208/thumb/jf.jpg,False,,True
732,Juliana de Souza,Juliana dos Anjos de Souza,titular,True,PT,https://www.camarapoa.rs.gov.br/vereadores/juliana-de-souza,https://www.camarapoa.rs.gov.br/site/vereadores/209/thumb/VerJuliana.jpg,False,,True
733,Karen Santos,Karen Morais dos Santos,titular,True,PSOL,https://www.camarapoa.rs.gov.br/vereadores/karen-santos-363d93ef-68a3-4b3e-b195-04cea10be52e,https://www.camarapoa.rs.gov.br/site/vereadores/210/thumb/karen_santos.jpg,False,,True
734,Marcelo Bernardi,Marcelo Rodrigo Bernardi,titular,False,PSDB,https://www.camarapoa.rs.gov.br/vereadores/marcelo-bernardi,https://www.camarapoa.rs.gov.br/site/vereadores/211/thumb/vermarcelo.jpg,True,,True
735,Márcio Bins Ely,Marcio Ferreira Bins Ely,titular,True,PDT,https://www.camarapoa.rs.gov.br/vereadores/marcio-bins-ely-4266bace-72c9-4327-a796-4042275767b8,https://www.camarapoa.rs.gov.br/site/vereadores/212/thumb/marcio_bins_ely.jpg,False,,True
736,Mariana Lescano,Mariana Doernte Lescano,titular,True,PP,https://www.camarapoa.rs.gov.br/vereadores/mariana-lescano,https://www.camarapoa.rs.gov.br/site/vereadores/213/thumb/Lescano.jpg,False,,True
737,Mauro Pinheiro,Mauro Roberto Pinheiro,titular,True,PP,https://www.camarapoa.rs.gov.br/vereadores/mauro-pinheiro-8b0d7938-4a34-4733-b823-ca9cac1f2ada,https://www.camarapoa.rs.gov.br/site/vereadores/214/thumb/mauro_pinheiro.jpg,False,,True
738,Moisés Barboza,Moises da Silva Barboza,titular,True,PSDB,https://www.camarapoa.rs.gov.br/vereadores/moises-barboza-b03049d5-04bb-4dd9-95f1-6ca8664183b6,https://www.camarapoa.rs.gov.br/site/vereadores/215/thumb/VerMoises.jpg,False,,True
739,Natasha Ferreira,Natasha Narciso Ferreira,titular,True,PT,https://www.camarapoa.rs.gov.br/vereadores/natasha-ferreira-c8b10774-4b6d-467b-8936-2ef1644826ca,https://www.camarapoa.rs.gov.br/site/vereadores/216/thumb/VerNatasha.jpg,False,,True
740,Pedro Ruas,Pedro Luiz Fagundes Ruas,titular,True,PSOL,https://www.camarapoa.rs.gov.br/vereadores/pedro-ruas-124a7611-e095-4254-8170-1ae0e6fcdd64,https://www.camarapoa.rs.gov.br/site/vereadores/217/thumb/pr.jpg,False,,True
741,Professor Vitorino,Vitorino Baseggio,titular,True,MDB,https://www.camarapoa.rs.gov.br/vereadores/professor-vitorino-eb31fa62-66f5-4b5a-bb34-c2f4bafe88c6,https://www.camarapoa.rs.gov.br/site/vereadores/218/thumb/ProfVitorino.jpg,False,,True
742,Psicóloga Tanise Sabino,Tanise Amalia Pazzim,titular,True,MDB,https://www.camarapoa.rs.gov.br/vereadores/psicologa-tanise-sabino,https://www.camarapoa.rs.gov.br/site/vereadores/219/thumb/v2.jpg,False,,True
743,Rafael Fleck,Rafael Leandro Fleck,titular,False,MDB,https://www.camarapoa.rs.gov.br/vereadores/rafael-fleck,https://www.camarapoa.rs.gov.br/site/vereadores/220/thumb/VerFleck02.jpg,True,,True
744,Ramiro Rosário,Ramiro Stallbaum Rosario,titular,True,NOVO,https://www.camarapoa.rs.gov.br/vereadores/ramiro-rosario-7e449d68-1070-47d1-b02b-143b7312950f,https://www.camarapoa.rs.gov.br/site/vereadores/221/thumb/VerRamiro.jpg,False,,True
745,Roberto Robaina,CARLOS ROBERTO DE SOUZA ROBAINA,titular,True,PSOL,https://www.camarapoa.rs.gov.br/vereadores/roberto-robaina-040f2bb5-945c-4bbc-9656-54cee82583e4,https://www.camarapoa.rs.gov.br/site/vereadores/222/thumb/roberto_robaina.jpg,False,,True
746,Tiago Albrecht,Tiago Jose Albrecht,titular,True,NOVO,https://www.camarapoa.rs.gov.br/vereadores/tiago-albrecht-7801c25a-8bdf-4627-9817-277bb340398e,https://www.camarapoa.rs.gov.br/site/vereadores/223/thumb/TiagoAlbrecht.jpg,False,,True
747,Idenir Cecchim,Idenir João Cecchim,suplente,True,MDB,https://www.camarapoa.rs.gov.br/vereadores/idenir-cecchim-f4c26c81-7ede-45f5-82f5-06f99666c05e,https://www.camarapoa.rs.gov.br/site/vereadores/225/thumb/IdenirCecchim.jpg,False,Rafael Fleck,True
754,Matheus Xavier,Matheus da Luz Xavier,suplente,True,PSDB,https://www.camarapoa.rs.gov.br/vereadores/matheus-xavier-cca60e34-01f0-4ee7-ac14-81fedd810bcf,,False,Marcelo Bernardi,True
788,Professor Tovi,Julio Cesar de Souza Gonçalves,titular,True,Republicanos,https://www.camarapoa.rs.gov.br/vereadores/professor-tovi,https://www.camarapoa.rs.gov.br/site/vereadores/247/thumb/ProfTovi.jpg,False,,True
