ano,mes,lotacao,cargo,pessoas
2026,9,GAB. VER. ALDACIR JOSE OLIBONI,ASSESSOR PARLAMENTAR DA MESA,1
2026,9,GAB. VER. ALDACIR JOSE OLIBONI,ASSESSOR PARLAMENTAR DE GABINETE I,1
2026,9,GAB. VER. ALDACIR JOSE OLIBONI,ASSESSOR PARLAMENTAR DE GABINETE II,3
2026,9,GAB. VER. ALDACIR JOSE OLIBONI,ASSESSOR PARLAMENTAR DE GABINETE III,2
2026,9,GAB. VER. ALDACIR JOSE OLIBONI,ESTAGIARIO NIVEL SUPERIOR 30H,1
2026,9,GAB. VER. ALDACIR JOSE OLIBONI,SUPERVISOR DE GABINETE PARLAMENTAR,1
2026,9,GAB. VER. ALEXANDRE BUBLITZ,ASSESSOR PARLAMENTAR DE GABINETE II,3
2026,9,GAB. VER. ALEXANDRE BUBLITZ,ASSESSOR PARLAMENTAR DE GABINETE III,5
2026,9,GAB. VER. ALEXANDRE BUBLITZ,ESTAGIARIO NIVEL SUPERIOR 30H,1
2026,9,GAB. VER. ATENA ROVEDA,ASSESSOR PARLAMENTAR DE GABINETE I,4
2026,9,GAB. VER. ATENA ROVEDA,ASSESSOR PARLAMENTAR DE GABINETE III,4
2026,9,GAB. VER. ATENA ROVEDA,ESTAGIARIO NIVEL SUPERIOR 30H,1
2026,9,GAB. VER. ATENA ROVEDA,SUPERVISOR DE GABINETE PARLAMENTAR,1
2026,9,GAB. VER. CARLO CAROTENUTO,ASSESSOR PARLAMENTAR DE GABINETE I,2
2026,9,GAB. VER. CARLO CAROTENUTO,ASSESSOR PARLAMENTAR DE GABINETE II,4
2026,9,GAB. VER. CARLO CAROTENUTO,ASSESSOR PARLAMENTAR DE GABINETE III,2
2026,9,GAB. VER. CARLO CAROTENUTO,SUPERVISOR DE GABINETE PARLAMENTAR,1
2026,9,GAB. VER. CLÁUDIA ARAÚJO,ASSESSOR PARLAMENTAR DE GABINETE II,2
2026,9,GAB. VER. CLÁUDIA ARAÚJO,ASSESSOR PARLAMENTAR DE GABINETE III,4
2026,9,GAB. VER. CLÁUDIA ARAÚJO,ASSESSOR SUPERIOR DE GABINETE,2
2026,9,GAB. VER. CLÁUDIA ARAÚJO,ASSESSOR TECNICO DE COMISSAO,1
2026,9,GAB. VER. CLÁUDIA ARAÚJO,ESTAGIARIO NIVEL SUPERIOR 30H,1
2026,9,GAB. VER. COMANDANTE NÁDIA,ASSESSOR PARLAMENTAR DE GABINETE I,1
2026,9,GAB. VER. COMANDANTE NÁDIA,ASSESSOR PARLAMENTAR DE GABINETE II,3
2026,9,GAB. VER. COMANDANTE NÁDIA,ASSESSOR PARLAMENTAR DE GABINETE III,2
2026,9,GAB. VER. COMANDANTE NÁDIA,ESTAGIARIO NIVEL SUPERIOR 30H,1
2026,9,GAB. VER. COMANDANTE NÁDIA,SUPERVISOR DE GABINETE PARLAMENTAR,1
2026,9,GAB. VER. CORONEL USTRA,ASSESSOR PARLAMENTAR DE GABINETE II,2
2026,9,GAB. VER. CORONEL USTRA,ASSESSOR PARLAMENTAR DE GABINETE III,3
2026,9,GAB. VER. CORONEL USTRA,ESTAGIARIO NIVEL SUPERIOR 30H,1
2026,9,GAB. VER. CORONEL USTRA,SUPERVISOR DE GABINETE PARLAMENTAR,1
2026,9,GAB. VER. ERICK DENIL,ASSESSOR PARLAMENTAR DE GABINETE I,3
2026,9,GAB. VER. ERICK DENIL,ASSESSOR PARLAMENTAR DE GABINETE II,1
2026,9,GAB. VER. ERICK DENIL,ASSESSOR PARLAMENTAR DE GABINETE III,4
2026,9,GAB. VER. ERICK DENIL,ESTAGIARIO NIVEL MEDIO,1
2026,9,GAB. VER. ERICK DENIL,SUPERVISOR DE GABINETE PARLAMENTAR,1
2026,9,GAB. VER. FERNANDA BARTH,ASSESSOR PARLAMENTAR DA MESA,1
2026,9,GAB. VER. FERNANDA BARTH,ASSESSOR PARLAMENTAR DE GABINETE I,1
2026,9,GAB. VER. FERNANDA BARTH,ASSESSOR PARLAMENTAR DE GABINETE II,3
2026,9,GAB. VER. FERNANDA BARTH,ASSESSOR PARLAMENTAR DE GABINETE III,2
2026,9,GAB. VER. FERNANDA BARTH,ASSESSOR SUPERIOR DE GABINETE,1
2026,9,GAB. VER. FERNANDA BARTH,ESTAGIARIO NIVEL SUPERIOR 30H,1
2026,9,GAB. VER. FERNANDA BARTH,SUPERVISOR DE GABINETE PARLAMENTAR,1
2026,9,GAB. VER. GILSON PADEIRO,ASSESSOR PARLAMENTAR DE GABINETE I,2
2026,9,GAB. VER. GILSON PADEIRO,ASSESSOR PARLAMENTAR DE GABINETE II,4
2026,9,GAB. VER. GILSON PADEIRO,ASSESSOR PARLAMENTAR DE GABINETE III,1
2026,9,GAB. VER. GILSON PADEIRO,ASSESSOR SUPERIOR DE GABINETE,1
2026,9,GAB. VER. GILSON PADEIRO,ESTAGIARIO NIVEL SUPERIOR 30H,1
2026,9,GAB. VER. GILSON PADEIRO,SUPERVISOR DE GABINETE PARLAMENTAR,1
2026,9,GAB. VER. GIOVANE BYL,ASSESSOR PARLAMENTAR DA MESA,1
2026,9,GAB. VER. GIOVANE BYL,ASSESSOR PARLAMENTAR DE GABINETE II,5
2026,9,GAB. VER. GIOVANE BYL,ASSESSOR PARLAMENTAR DE GABINETE III,2
2026,9,GAB. VER. GIOVANE BYL,ESTAGIARIO NIVEL SUPERIOR 30H,1
2026,9,GAB. VER. GIOVANE BYL,SUPERVISOR DE GABINETE PARLAMENTAR,1
2026,9,GAB. VER. GIOVANI CULAU E COLETIVO,ASSESSOR PARLAMENTAR DE GABINETE I,2
2026,9,GAB. VER. GIOVANI CULAU E COLETIVO,ASSESSOR PARLAMENTAR DE GABINETE II,6
2026,9,GAB. VER. GIOVANI CULAU E COLETIVO,ASSESSOR SUPERIOR DE GABINETE,1
2026,9,GAB. VER. GIOVANI CULAU E COLETIVO,SUPERVISOR DE GABINETE PARLAMENTAR,1
2026,9,GAB. VER. GRAZI OLIVEIRA,ASSESSOR PARLAMENTAR DE GABINETE I,1
2026,9,GAB. VER. GRAZI OLIVEIRA,ASSESSOR PARLAMENTAR DE GABINETE II,5
2026,9,GAB. VER. GRAZI OLIVEIRA,ASSESSOR PARLAMENTAR DE GABINETE III,2
2026,9,GAB. VER. GRAZI OLIVEIRA,ESTAGIARIO NIVEL SUPERIOR 30H,1
2026,9,GAB. VER. GRAZI OLIVEIRA,SUPERVISOR DE GABINETE PARLAMENTAR,1
2026,9,GAB. VER. HAMILTON SOSSMEIER,ASSESSOR PARLAMENTAR DE GABINETE II,3
2026,9,GAB. VER. HAMILTON SOSSMEIER,ASSESSOR PARLAMENTAR DE GABINETE III,3
2026,9,GAB. VER. HAMILTON SOSSMEIER,SUPERVISOR DE GABINETE PARLAMENTAR,1
2026,9,GAB. VER. IDENIR CECCHIM,ASSESSOR PARLAMENTAR DA LIDERANÇA DO GOVERNO,1
2026,9,GAB. VER. IDENIR CECCHIM,ASSESSOR PARLAMENTAR DE GABINETE I,2
2026,9,GAB. VER. IDENIR CECCHIM,ASSESSOR PARLAMENTAR DE GABINETE II,2
2026,9,GAB. VER. IDENIR CECCHIM,ASSESSOR PARLAMENTAR DE GABINETE III,3
2026,9,GAB. VER. IDENIR CECCHIM,SUPERVISOR DE GABINETE PARLAMENTAR,1
2026,9,GAB. VER. JESSE SANGALLI,ASSESSOR PARLAMENTAR DE GABINETE I,1
2026,9,GAB. VER. JESSE SANGALLI,ASSESSOR PARLAMENTAR DE GABINETE II,1
2026,9,GAB. VER. JESSE SANGALLI,ASSESSOR PARLAMENTAR DE GABINETE III,2
2026,9,GAB. VER. JESSE SANGALLI,ASSESSOR SUPERIOR DE GABINETE,2
2026,9,GAB. VER. JESSE SANGALLI,ASSESSOR TECNICO DE COMISSAO,1
2026,9,GAB. VER. JESSE SANGALLI,ESTAGIARIO NIVEL SUPERIOR 30H,1
2026,9,GAB. VER. JONAS REIS,ASSESSOR PARLAMENTAR DE GABINETE II,5
2026,9,GAB. VER. JONAS REIS,ASSESSOR PARLAMENTAR DE GABINETE III,1
2026,9,GAB. VER. JONAS REIS,ESTAGIARIO NIVEL SUPERIOR 30H,1
2026,9,GAB. VER. JONAS REIS,SUPERVISOR DE GABINETE PARLAMENTAR,1
2026,9,GAB. VER. JOSE FREITAS,ASSESSOR PARLAMENTAR DE GABINETE I,3
2026,9,GAB. VER. JOSE FREITAS,ASSESSOR PARLAMENTAR DE GABINETE II,2
2026,9,GAB. VER. JOSE FREITAS,ASSESSOR SUPERIOR DE GABINETE,1
2026,9,GAB. VER. JOSE FREITAS,ESTAGIARIO NIVEL SUPERIOR 30H,1
2026,9,GAB. VER. JOSE FREITAS,SUPERVISOR DE GABINETE PARLAMENTAR,1
2026,9,GAB. VER. JULIANA DE SOUZA,ASSESSOR PARLAMENTAR DE GABINETE I,1
2026,9,GAB. VER. JULIANA DE SOUZA,ASSESSOR PARLAMENTAR DE GABINETE II,3
2026,9,GAB. VER. JULIANA DE SOUZA,ASSESSOR PARLAMENTAR DE GABINETE III,3
2026,9,GAB. VER. JULIANA DE SOUZA,ESTAGIARIO NIVEL SUPERIOR 30H,1
2026,9,GAB. VER. JULIANA DE SOUZA,SUPERVISOR DE GABINETE PARLAMENTAR,1
2026,9,GAB. VER. KAREN SANTOS,ADIDO - ASSISTENTE ADMINISTRATIVO,1
2026,9,GAB. VER. KAREN SANTOS,ASSESSOR PARLAMENTAR DA LIDERANÇA DE OPOSIÇÃO,1
2026,9,GAB. VER. KAREN SANTOS,ASSESSOR PARLAMENTAR DE GABINETE I,3
2026,9,GAB. VER. KAREN SANTOS,ASSESSOR PARLAMENTAR DE GABINETE III,1
2026,9,GAB. VER. KAREN SANTOS,ESTAGIARIO NIVEL SUPERIOR 30H,1
2026,9,GAB. VER. KAREN SANTOS,SUPERVISOR DE GABINETE PARLAMENTAR,1
2026,9,GAB. VER. MARCELO BERNARDI,ASSESSOR PARLAMENTAR DE GABINETE II,2
2026,9,GAB. VER. MARCELO BERNARDI,ASSESSOR PARLAMENTAR DE GABINETE III,3
2026,9,GAB. VER. MARCELO BERNARDI,SUPERVISOR DE GABINETE PARLAMENTAR,1
2026,9,GAB. VER. MARCIO BINS ELY,ASSESSOR PARLAMENTAR DE GABINETE II,4
2026,9,GAB. VER. MARCIO BINS ELY,ASSESSOR PARLAMENTAR DE GABINETE III,3
2026,9,GAB. VER. MARCIO BINS ELY,ESTAGIARIO NIVEL SUPERIOR 30H,1
2026,9,GAB. VER. MARCIO BINS ELY,SUPERVISOR DE GABINETE PARLAMENTAR,1
2026,9,GAB. VER. MARCOS FELIPI,ASSESSOR PARLAMENTAR DE GABINETE I,1
2026,9,GAB. VER. MARCOS FELIPI,ASSESSOR PARLAMENTAR DE GABINETE II,2
2026,9,GAB. VER. MARCOS FELIPI,ASSESSOR PARLAMENTAR DE GABINETE III,1
2026,9,GAB. VER. MARCOS FELIPI,ASSESSOR SUPERIOR DE GABINETE,3
2026,9,GAB. VER. MARIANA LESCANO,ASSESSOR PARLAMENTAR DE GABINETE I,1
2026,9,GAB. VER. MARIANA LESCANO,ASSESSOR PARLAMENTAR DE GABINETE III,1
2026,9,GAB. VER. MARIANA LESCANO,ASSESSOR SUPERIOR DE GABINETE,3
2026,9,GAB. VER. MARIANA LESCANO,ASSESSOR TECNICO DE COMISSAO,1
2026,9,GAB. VER. MARIANA LESCANO,ESTAGIARIO NIVEL SUPERIOR 30H,1
2026,9,GAB. VER. MARIANA LESCANO,SUPERVISOR DE GABINETE PARLAMENTAR,1
2026,9,GAB. VER. MAURO PINHEIRO,ASSESSOR PARLAMENTAR DE GABINETE II,4
2026,9,GAB. VER. MAURO PINHEIRO,ASSESSOR PARLAMENTAR DE GABINETE III,1
2026,9,GAB. VER. MAURO PINHEIRO,ESTAGIARIO NIVEL SUPERIOR 30H,1
2026,9,GAB. VER. MAURO PINHEIRO,SUPERVISOR DE GABINETE PARLAMENTAR,1
2026,9,GAB. VER. MOISES BARBOZA,ASSESSOR PARLAMENTAR DA MESA,1
2026,9,GAB. VER. MOISES BARBOZA,ASSESSOR PARLAMENTAR DE GABINETE I,2
2026,9,GAB. VER. MOISES BARBOZA,ASSESSOR PARLAMENTAR DE GABINETE III,2
2026,9,GAB. VER. MOISES BARBOZA,ASSESSOR SUPERIOR DE GABINETE,1
2026,9,GAB. VER. MOISES BARBOZA,SUPERVISOR DE GABINETE PARLAMENTAR,1
2026,9,GAB. VER. NATASHA FERREIRA,ASSESSOR PARLAMENTAR DE GABINETE I,2
2026,9,GAB. VER. NATASHA FERREIRA,ASSESSOR PARLAMENTAR DE GABINETE III,3
2026,9,GAB. VER. NATASHA FERREIRA,ASSESSOR SUPERIOR DE GABINETE,1
2026,9,GAB. VER. NATASHA FERREIRA,ASSESSOR TECNICO DE COMISSAO,1
2026,9,GAB. VER. NATASHA FERREIRA,ESTAGIARIO NIVEL SUPERIOR 30H,1
2026,9,GAB. VER. NATASHA FERREIRA,SUPERVISOR DE GABINETE PARLAMENTAR,1
2026,9,GAB. VER. PEDRO RUAS,ASSESSOR PARLAMENTAR DE GABINETE I,1
2026,9,GAB. VER. PEDRO RUAS,ASSESSOR PARLAMENTAR DE GABINETE II,5
2026,9,GAB. VER. PEDRO RUAS,ASSESSOR PARLAMENTAR DE GABINETE III,1
2026,9,GAB. VER. PEDRO RUAS,ASSESSOR TECNICO DE COMISSAO,1
2026,9,GAB. VER. PEDRO RUAS,ESTAGIARIO NIVEL SUPERIOR 30H,1
2026,9,GAB. VER. PEDRO RUAS,SUPERVISOR DE GABINETE PARLAMENTAR,1
2026,9,GAB. VER. PROFESSOR TOVI,ASSESSOR PARLAMENTAR DE GABINETE III,6
2026,9,GAB. VER. PROFESSOR TOVI,ASSESSOR SUPERIOR DE GABINETE,1
2026,9,GAB. VER. PROFESSOR TOVI,ESTAGIARIO NIVEL SUPERIOR 30H,1
2026,9,GAB. VER. PROFESSOR VITORINO,ASSESSOR PARLAMENTAR DE GABINETE I,2
2026,9,GAB. VER. PROFESSOR VITORINO,ASSESSOR PARLAMENTAR DE GABINETE II,1
2026,9,GAB. VER. PROFESSOR VITORINO,ASSESSOR PARLAMENTAR DE GABINETE III,2
2026,9,GAB. VER. PROFESSOR VITORINO,ASSESSOR SUPERIOR DE GABINETE,4
2026,9,GAB. VER. PROFESSOR VITORINO,ESTAGIARIO NIVEL MEDIO,1
2026,9,GAB. VER. RAMIRO ROSÁRIO,ASSESSOR PARLAMENTAR DE GABINETE III,1
2026,9,GAB. VER. RAMIRO ROSÁRIO,SUPERVISOR DE GABINETE PARLAMENTAR,1
2026,9,GAB. VER. ROBERTO ROBAINA,ASSESSOR PARLAMENTAR DA MESA,1
2026,9,GAB. VER. ROBERTO ROBAINA,ASSESSOR PARLAMENTAR DE GABINETE I,2
2026,9,GAB. VER. ROBERTO ROBAINA,ASSESSOR PARLAMENTAR DE GABINETE II,1
2026,9,GAB. VER. ROBERTO ROBAINA,ASSESSOR PARLAMENTAR DE GABINETE III,1
2026,9,GAB. VER. ROBERTO ROBAINA,ASSESSOR SUPERIOR DE GABINETE,1
2026,9,GAB. VER. ROBERTO ROBAINA,ESTAGIARIO NIVEL SUPERIOR 30H,1
2026,9,GAB. VER. ROBERTO ROBAINA,SUPERVISOR DE GABINETE PARLAMENTAR,1
2026,9,GAB. VER. TANISE SABINO,ASSESSOR PARLAMENTAR DA MESA,1
2026,9,GAB. VER. TANISE SABINO,ASSESSOR PARLAMENTAR DE GABINETE I,3
2026,9,GAB. VER. TANISE SABINO,ASSESSOR PARLAMENTAR DE GABINETE III,3
2026,9,GAB. VER. TANISE SABINO,SUPERVISOR DE GABINETE PARLAMENTAR,1
2026,9,GAB. VER. TIAGO ALBRECHT,ASSESSOR PARLAMENTAR DE GABINETE I,1
2026,9,GAB. VER. TIAGO ALBRECHT,ASSESSOR PARLAMENTAR DE GABINETE II,1
2026,9,GAB. VER. TIAGO ALBRECHT,ASSESSOR PARLAMENTAR DE GABINETE III,4
2026,9,GAB. VER. TIAGO ALBRECHT,ASSESSOR SUPERIOR DE GABINETE,2
2026,9,GAB. VER. TIAGO ALBRECHT,ASSESSOR TECNICO DE COMISSAO,1
2026,9,GAB. VER. VERA ARMANDO,ASSESSOR PARLAMENTAR DE GABINETE I,1
2026,9,GAB. VER. VERA ARMANDO,ASSESSOR PARLAMENTAR DE GABINETE II,1
2026,9,GAB. VER. VERA ARMANDO,ASSESSOR PARLAMENTAR DE GABINETE III,2
2026,9,GAB. VER. VERA ARMANDO,ASSESSOR SUPERIOR DE GABINETE,1
2026,9,GAB. VER. VERA ARMANDO,SUPERVISOR DE GABINETE PARLAMENTAR,1
