aaaamm,folha,tp,nome,orgao,cargo,basica,natalina,ferias,eventuais,abate_teto,jetons
202501,MENSAL,pr,SEBASTIAO DE ARAUJO MELO,Gabinete do Prefeito,PREFEITO,34900.0,0.0,0.0,0.0,0.0,0.0
202501,MENSAL,se,ADAO DE CASTRO JUNIOR,Secretaria Municipal de Mobilidade Urbana,SECRETARIO MUNICIPAL,19987.5,0.0,0.0,0.0,0.0,0.0
202501,MENSAL,se,ALEXANDRE AUGUSTO ARAGON,Secretaria Municipal de Segurança,SECRETARIO MUNICIPAL,19987.5,0.0,0.0,0.0,0.0,0.0
202501,MENSAL,se,ANA MARIA PELLINI,Secretaria Municipal da Fazenda,SECRETARIO MUNICIPAL,19987.5,0.0,0.0,0.0,0.0,0.0
202501,MENSAL,se,ANDRE LUIZ DE MELLO MACHADO,Secretaria Mun Habitação e Regularização Fundiária,SECRETARIO MUNICIPAL,14184.68,0.0,0.0,0.0,0.0,0.0
202501,MENSAL,se,ANDRE SILVA FLORES,Secretaria Municipal de Obras e Infraestrutura,SECRETARIO MUNICIPAL,19987.5,0.0,0.0,0.0,0.0,0.0
202501,MENSAL,se,CASSIO DE JESUS TROGILDO,Secretaria Mun Govern Local e Coordenação Política,SECRETARIO MUNICIPAL,19987.5,0.0,0.0,0.0,0.0,0.0
202501,MENSAL,se,CEZAR AUGUSTO SCHIRMER,Secretaria Mun Planejam e Assuntos Estratégicos,SECRETARIO MUNICIPAL,19987.5,0.0,0.0,0.0,0.0,0.0
202501,MENSAL,se,GERMANO BREMM,"Secretaria Mun Meio Ambiente, Urban e Sustentab",SECRETARIO MUNICIPAL,19987.5,0.0,2220.83,0.0,0.0,0.0
202501,MENSAL,se,JORGE ANTONIO DORNELLES CARPES,Secretaria Municipal de Administração e Patrimônio,SECRETARIO MUNICIPAL,19987.5,0.0,0.0,0.0,0.0,0.0
202501,MENSAL,se,JULIANO PASSINI,Secretaria Municipal de Desenvolvimento Social,SECRETARIO MUNICIPAL,16763.71,0.0,0.0,0.0,0.0,0.0
202501,MENSAL,se,JULIO CESAR DE SOUZA GONCALVES,"Secretaria Municipal de Esporte, Lazer e Juventude",SECRETARIO MUNICIPAL,14184.68,0.0,0.0,0.0,0.0,0.0
202501,MENSAL,se,LILIANA CARDOSO RODRIGUES DOS SANTOS DUARTE,Secretaria Municipal de Cultura,SECRETARIO MUNICIPAL,19987.5,0.0,0.0,0.0,0.0,0.0
202501,MENSAL,se,MONICA LEAL MARKUSONS,Secretaria Mun Transparência e Controladoria,SECRETARIO MUNICIPAL,19987.5,0.0,0.0,0.0,0.0,0.0
202501,MENSAL,vp,BETINA WORM,Gabinete do Prefeito,VICE-PREFEITO,23428.64,0.0,0.0,0.0,0.0,0.0
202502,MENSAL,pr,SEBASTIAO DE ARAUJO MELO,Gabinete do Prefeito,PREFEITO,34900.0,0.0,0.0,0.0,0.0,0.0
202502,MENSAL,se,ADAO DE CASTRO JUNIOR,Secretaria Municipal de Mobilidade Urbana,SECRETARIO MUNICIPAL,19987.5,0.0,0.0,0.0,0.0,0.0
202502,MENSAL,se,ALEXANDRE AUGUSTO ARAGON,Secretaria Municipal de Segurança,SECRETARIO MUNICIPAL,19987.5,0.0,0.0,0.0,0.0,0.0
202502,MENSAL,se,ANA MARIA PELLINI,Secretaria Municipal da Fazenda,SECRETARIO MUNICIPAL,19987.5,0.0,0.0,0.0,0.0,0.0
202502,MENSAL,se,ANDRE FLORES CORONEL,Secretaria Municipal Geral de Governo,SECRETARIO MUNICIPAL,18559.82,0.0,0.0,0.0,0.0,0.0
202502,MENSAL,se,ANDRE SILVA FLORES,Secretaria Municipal de Obras e Infraestrutura,SECRETARIO MUNICIPAL,19987.5,0.0,0.0,0.0,0.0,0.0
202502,MENSAL,se,CASSIO DE JESUS TROGILDO,Secretaria Mun Govern Local e Coordenação Política,SECRETARIO MUNICIPAL,19987.5,0.0,0.0,0.0,0.0,0.0
202502,MENSAL,se,CEZAR AUGUSTO SCHIRMER,Secretaria Mun Planejam e Assuntos Estratégicos,SECRETARIO MUNICIPAL,19987.5,0.0,0.0,0.0,0.0,0.0
202502,MENSAL,se,GERMANO BREMM,"Secretaria Mun Meio Ambiente, Urban e Sustentab",SECRETARIO MUNICIPAL,19987.5,0.0,3997.5,0.0,0.0,0.0
202502,MENSAL,se,GIUSEPPE RICARDO MENEGHETTI RIESGO,Secretaria Municipal de Parcerias,SECRETARIO MUNICIPAL,19987.5,0.0,0.0,0.0,0.0,0.0
202502,MENSAL,se,JORGE ANTONIO DORNELLES CARPES,Secretaria Municipal de Administração e Patrimônio,SECRETARIO MUNICIPAL,19987.5,0.0,0.0,0.0,0.0,0.0
202502,MENSAL,se,JULIANO PASSINI,Secretaria Municipal de Desenvolvimento Social,SECRETARIO MUNICIPAL,19987.5,0.0,0.0,0.0,0.0,0.0
202502,MENSAL,se,JULIO CESAR DE SOUZA GONCALVES,"Secretaria Municipal de Esporte, Lazer e Juventude",SECRETARIO MUNICIPAL,19987.5,0.0,0.0,0.0,0.0,0.0
202502,MENSAL,se,LEONARDO DUARTE PASCOAL,Secretaria Municipal de Educação,SECRETARIO MUNICIPAL,13991.25,0.0,0.0,0.0,0.0,0.0
202502,MENSAL,se,LILIANA CARDOSO RODRIGUES DOS SANTOS DUARTE,Secretaria Municipal de Cultura,SECRETARIO MUNICIPAL,19987.5,0.0,0.0,0.0,0.0,0.0
202502,MENSAL,se,MATHEUS DA LUZ XAVIER,Secretaria Municipal de Assistência Social,SECRETARIO MUNICIPAL,15704.46,0.0,0.0,0.0,0.0,0.0
202502,MENSAL,se,MONICA LEAL MARKUSONS,Secretaria Mun Transparência e Controladoria,SECRETARIO MUNICIPAL,19987.5,0.0,0.0,0.0,0.0,0.0
202502,MENSAL,se,ROSANI ALVES PEREIRA,Secretaria Mun Desenvolvimento Econômico e Turismo,SECRETARIO MUNICIPAL,19987.5,0.0,0.0,0.0,0.0,0.0
202502,MENSAL,vp,BETINA WORM,Gabinete do Prefeito,VICE-PREFEITO,23428.64,0.0,0.0,0.0,0.0,0.0
202503,MENSAL,pr,SEBASTIAO DE ARAUJO MELO,Gabinete do Prefeito,PREFEITO,34900.0,0.0,0.0,0.0,0.0,0.0
202503,MENSAL,se,ADAO DE CASTRO JUNIOR,Secretaria Municipal de Mobilidade Urbana,SECRETARIO MUNICIPAL,19987.5,0.0,0.0,0.0,0.0,0.0
202503,MENSAL,se,ALEXANDRE AUGUSTO ARAGON,Secretaria Municipal de Segurança,SECRETARIO MUNICIPAL,19987.5,0.0,0.0,0.0,0.0,0.0
202503,MENSAL,se,ANA MARIA PELLINI,Secretaria Municipal da Fazenda,SECRETARIO MUNICIPAL,19987.5,0.0,0.0,0.0,0.0,0.0
202503,MENSAL,se,ANDRE FLORES CORONEL,Secretaria Municipal Geral de Governo,SECRETARIO MUNICIPAL,19987.5,0.0,0.0,0.0,0.0,0.0
202503,MENSAL,se,ANDRE SILVA FLORES,Secretaria Municipal de Obras e Infraestrutura,SECRETARIO MUNICIPAL,19987.5,0.0,0.0,0.0,0.0,0.0
202503,MENSAL,se,CASSIO DE JESUS TROGILDO,Secretaria Mun Govern Local e Coordenação Política,SECRETARIO MUNICIPAL,19987.5,0.0,0.0,0.0,0.0,0.0
202503,MENSAL,se,CEZAR AUGUSTO SCHIRMER,Secretaria Mun Planejam e Assuntos Estratégicos,SECRETARIO MUNICIPAL,19987.5,0.0,0.0,0.0,0.0,0.0
202503,MENSAL,se,GERMANO BREMM,"Secretaria Mun Meio Ambiente, Urban e Sustentab",SECRETARIO MUNICIPAL,19987.5,0.0,2887.08,0.0,0.0,0.0
202503,MENSAL,se,GIUSEPPE RICARDO MENEGHETTI RIESGO,Secretaria Municipal de Parcerias,SECRETARIO MUNICIPAL,19987.5,0.0,0.0,0.0,0.0,0.0
202503,MENSAL,se,JORGE ANTONIO DORNELLES CARPES,Secretaria Municipal de Administração e Patrimônio,SECRETARIO MUNICIPAL,19987.5,0.0,0.0,0.0,0.0,0.0
202503,MENSAL,se,JULIANO PASSINI,Secretaria Municipal de Desenvolvimento Social,SECRETARIO MUNICIPAL,19987.5,0.0,0.0,0.0,0.0,0.0
202503,MENSAL,se,JULIO CESAR DE SOUZA GONCALVES,"Secretaria Municipal de Esporte, Lazer e Juventude",SECRETARIO MUNICIPAL,19987.5,0.0,0.0,0.0,0.0,0.0
202503,MENSAL,se,LEONARDO DUARTE PASCOAL,Secretaria Municipal de Educação,SECRETARIO MUNICIPAL,13991.25,0.0,0.0,0.0,0.0,0.0
202503,MENSAL,se,LILIANA CARDOSO RODRIGUES DOS SANTOS DUARTE,Secretaria Municipal de Cultura,SECRETARIO MUNICIPAL,19987.5,0.0,0.0,0.0,0.0,0.0
202503,MENSAL,se,MATHEUS DA LUZ XAVIER,Secretaria Municipal de Assistência Social,SECRETARIO MUNICIPAL,19987.5,0.0,0.0,0.0,0.0,0.0
202503,MENSAL,se,MONICA LEAL MARKUSONS,Secretaria Mun Transparência e Controladoria,SECRETARIO MUNICIPAL,19987.5,0.0,0.0,0.0,0.0,0.0
202503,MENSAL,se,ROSANI ALVES PEREIRA,Secretaria Mun Desenvolvimento Econômico e Turismo,SECRETARIO MUNICIPAL,19987.5,0.0,0.0,0.0,0.0,0.0
202503,MENSAL,vp,BETINA WORM,Gabinete do Prefeito,VICE-PREFEITO,23428.64,0.0,0.0,0.0,0.0,0.0
202504,MENSAL,pr,SEBASTIAO DE ARAUJO MELO,Gabinete do Prefeito,PREFEITO,34900.0,0.0,0.0,0.0,0.0,0.0
202504,MENSAL,se,ADAO DE CASTRO JUNIOR,Secretaria Municipal de Mobilidade Urbana,SECRETARIO MUNICIPAL,19987.5,0.0,0.0,0.0,0.0,0.0
202504,MENSAL,se,ALEXANDRE AUGUSTO ARAGON,Secretaria Municipal de Segurança,SECRETARIO MUNICIPAL,19987.5,0.0,0.0,0.0,0.0,0.0
202504,MENSAL,se,ANA MARIA PELLINI,Secretaria Municipal da Fazenda,SECRETARIO MUNICIPAL,19987.5,0.0,0.0,0.0,0.0,0.0
202504,MENSAL,se,ANDRE FLORES CORONEL,Secretaria Municipal Geral de Governo,SECRETARIO MUNICIPAL,19987.5,0.0,0.0,0.0,0.0,0.0
202504,MENSAL,se,ANDRE SILVA FLORES,Secretaria Municipal de Obras e Infraestrutura,SECRETARIO MUNICIPAL,19987.5,0.0,0.0,0.0,0.0,0.0
202504,MENSAL,se,CASSIO DE JESUS TROGILDO,Secretaria Mun Govern Local e Coordenação Política,SECRETARIO MUNICIPAL,19987.5,0.0,0.0,0.0,0.0,0.0
202504,MENSAL,se,CEZAR AUGUSTO SCHIRMER,Secretaria Mun de Planejamento e Gestão,SECRETARIO MUNICIPAL,19987.5,0.0,0.0,0.0,0.0,0.0
202504,MENSAL,se,GERMANO BREMM,"Secretaria Mun Meio Ambiente, Urban e Sustentab",SECRETARIO MUNICIPAL,19987.5,0.0,0.0,0.0,0.0,0.0
202504,MENSAL,se,GIUSEPPE RICARDO MENEGHETTI RIESGO,Secretaria Municipal de Parcerias,SECRETARIO MUNICIPAL,19987.5,0.0,0.0,0.0,0.0,0.0
202504,MENSAL,se,JORGE ANTONIO DORNELLES CARPES,Secretaria Municipal de Administração e Patrimônio,SECRETARIO MUNICIPAL,19987.5,0.0,0.0,0.0,0.0,0.0
202504,MENSAL,se,JULIANO PASSINI,Secretaria Municipal de Desenvolvimento Social,SECRETARIO MUNICIPAL,19987.5,0.0,0.0,0.0,0.0,0.0
202504,MENSAL,se,JULIO CESAR DE SOUZA GONCALVES,"Secretaria Municipal de Esporte, Lazer e Juventude",SECRETARIO MUNICIPAL,19987.5,0.0,0.0,0.0,0.0,0.0
202504,MENSAL,se,LEONARDO DUARTE PASCOAL,Secretaria Municipal de Educação,SECRETARIO MUNICIPAL,13991.25,0.0,0.0,0.0,0.0,0.0
202504,MENSAL,se,LILIANA CARDOSO RODRIGUES DOS SANTOS DUARTE,Secretaria Municipal de Cultura,SECRETARIO MUNICIPAL,19987.5,0.0,2442.92,0.0,0.0,0.0
202504,MENSAL,se,MATHEUS DA LUZ XAVIER,Secretaria Municipal de Assistência Social,SECRETARIO MUNICIPAL,19987.5,0.0,0.0,0.0,0.0,0.0
202504,MENSAL,se,MONICA LEAL MARKUSONS,Secretaria Mun Transparência e Controladoria,SECRETARIO MUNICIPAL,19987.5,0.0,8883.33,0.0,0.0,0.0
202504,MENSAL,se,ROSANI ALVES PEREIRA,Secretaria Mun Desenvolvimento Econômico e Turismo,SECRETARIO MUNICIPAL,19987.5,0.0,0.0,0.0,0.0,0.0
202504,MENSAL,vp,BETINA WORM,Gabinete do Prefeito,VICE-PREFEITO,23428.64,0.0,0.0,0.0,0.0,0.0
202505,MENSAL,pr,SEBASTIAO DE ARAUJO MELO,Gabinete do Prefeito,PREFEITO,34900.0,0.0,1551.11,0.0,0.0,0.0
202505,MENSAL,se,ADAO DE CASTRO JUNIOR,Secretaria Municipal de Mobilidade Urbana,SECRETARIO MUNICIPAL,19987.5,0.0,0.0,0.0,0.0,0.0
202505,MENSAL,se,ALEXANDRE AUGUSTO ARAGON,Secretaria Municipal de Segurança,SECRETARIO MUNICIPAL,19987.5,0.0,0.0,0.0,0.0,0.0
202505,MENSAL,se,ANA MARIA PELLINI,Secretaria Municipal da Fazenda,SECRETARIO MUNICIPAL,19987.5,0.0,0.0,0.0,0.0,0.0
202505,MENSAL,se,ANDRE FLORES CORONEL,Secretaria Municipal Geral de Governo,SECRETARIO MUNICIPAL,19987.5,0.0,0.0,0.0,0.0,0.0
202505,MENSAL,se,ANDRE SILVA FLORES,Secretaria Municipal de Obras e Infraestrutura,SECRETARIO MUNICIPAL,19987.5,0.0,1110.42,0.0,0.0,0.0
202505,MENSAL,se,CASSIO DE JESUS TROGILDO,Secretaria Mun Govern Local e Coordenação Política,SECRETARIO MUNICIPAL,19987.5,0.0,0.0,0.0,0.0,0.0
202505,MENSAL,se,CEZAR AUGUSTO SCHIRMER,Secretaria Mun de Planejamento e Gestão,SECRETARIO MUNICIPAL,19987.5,0.0,0.0,0.0,0.0,0.0
202505,MENSAL,se,DEBORA RIOS GARCIA,Gabinete do Prefeito,SECRETARIO MUNICIPAL EXTRAORD GOVERNO ASSUNTOS RELEVANTES,15474.19,0.0,0.0,0.0,0.0,0.0
202505,MENSAL,se,GERMANO BREMM,"Secretaria Mun Meio Ambiente, Urban e Sustentab",SECRETARIO MUNICIPAL,19987.5,0.0,0.0,0.0,0.0,0.0
202505,MENSAL,se,GIUSEPPE RICARDO MENEGHETTI RIESGO,Secretaria Municipal de Parcerias,SECRETARIO MUNICIPAL,19987.5,0.0,0.0,0.0,0.0,0.0
202505,MENSAL,se,JORGE ANTONIO DORNELLES CARPES,Secretaria Municipal de Administração e Patrimônio,SECRETARIO MUNICIPAL,19987.5,0.0,0.0,0.0,0.0,0.0
202505,MENSAL,se,JULIANO PASSINI,Secretaria Municipal de Desenvolvimento Social,SECRETARIO MUNICIPAL,19987.5,0.0,0.0,0.0,0.0,0.0
202505,MENSAL,se,JULIO CESAR DE SOUZA GONCALVES,"Secretaria Municipal de Esporte, Lazer e Juventude",SECRETARIO MUNICIPAL,19987.5,0.0,0.0,0.0,0.0,0.0
202505,MENSAL,se,LEONARDO DUARTE PASCOAL,Secretaria Municipal de Educação,SECRETARIO MUNICIPAL,13991.25,0.0,0.0,0.0,0.0,0.0
202505,MENSAL,se,LILIANA CARDOSO RODRIGUES DOS SANTOS DUARTE,Secretaria Municipal de Cultura,SECRETARIO MUNICIPAL,19987.5,0.0,0.0,0.0,0.0,0.0
202505,MENSAL,se,MATHEUS DA LUZ XAVIER,Secretaria Municipal de Assistência Social,SECRETARIO MUNICIPAL,16763.71,0.0,6662.51,0.0,0.0,0.0
202505,MENSAL,se,MONICA LEAL MARKUSONS,Secretaria Mun Transparência e Controladoria,SECRETARIO MUNICIPAL,19987.5,0.0,0.0,0.0,0.0,0.0
202505,MENSAL,se,ROSANI ALVES PEREIRA,Secretaria Mun Desenvolvimento Econômico e Turismo,SECRETARIO MUNICIPAL,19987.5,0.0,0.0,0.0,0.0,0.0
202505,MENSAL,vp,BETINA WORM,Gabinete do Prefeito,VICE-PREFEITO,23428.64,0.0,0.0,0.0,0.0,0.0
202506,MENSAL,pr,SEBASTIAO DE ARAUJO MELO,Gabinete do Prefeito,PREFEITO,34900.0,0.0,0.0,0.0,0.0,0.0
202506,MENSAL,se,ADAO DE CASTRO JUNIOR,Secretaria Municipal de Mobilidade Urbana,SECRETARIO MUNICIPAL,19987.5,0.0,0.0,0.0,0.0,0.0
202506,MENSAL,se,ALEXANDRE AUGUSTO ARAGON,Secretaria Municipal de Segurança,SECRETARIO MUNICIPAL,19987.5,0.0,4219.58,0.0,0.0,0.0
202506,MENSAL,se,ANA MARIA PELLINI,Secretaria Municipal da Fazenda,SECRETARIO MUNICIPAL,19987.5,0.0,6662.5,0.0,0.0,0.0
202506,MENSAL,se,ANDRE FLORES CORONEL,Secretaria Municipal Geral de Governo,SECRETARIO MUNICIPAL,19987.5,0.0,0.0,0.0,0.0,0.0
202506,MENSAL,se,ANDRE SILVA FLORES,Secretaria Municipal de Obras e Infraestrutura,SECRETARIO MUNICIPAL,19987.5,0.0,0.0,0.0,0.0,0.0
202506,MENSAL,se,CASSIO DE JESUS TROGILDO,Secretaria Mun Govern Local e Coordenação Política,SECRETARIO MUNICIPAL,19987.5,0.0,0.0,0.0,0.0,0.0
202506,MENSAL,se,CEZAR AUGUSTO SCHIRMER,Secretaria Mun de Planejamento e Gestão,SECRETARIO MUNICIPAL,19987.5,0.0,0.0,0.0,0.0,0.0
202506,MENSAL,se,DEBORA RIOS GARCIA,Gabinete do Prefeito,SECRETARIO MUNICIPAL EXTRAORD GOVERNO ASSUNTOS RELEVANTES,19987.5,0.0,0.0,0.0,0.0,0.0
202506,MENSAL,se,FERNANDA DA CUNHA BARTH,"Secretaria Mun Desenv Econômico, Turismo e Eventos",SECRETARIO MUNICIPAL,19987.5,0.0,0.0,3868.55,0.0,0.0
202506,MENSAL,se,GERMANO BREMM,"Secretaria Mun Meio Ambiente, Urban e Sustentab",SECRETARIO MUNICIPAL,19987.5,0.0,0.0,0.0,0.0,0.0
202506,MENSAL,se,GIUSEPPE RICARDO MENEGHETTI RIESGO,Secretaria Municipal de Parcerias,SECRETARIO MUNICIPAL,19987.5,0.0,0.0,0.0,0.0,0.0
202506,MENSAL,se,JORGE ANTONIO DORNELLES CARPES,Secretaria Municipal de Administração e Patrimônio,SECRETARIO MUNICIPAL,19987.5,0.0,0.0,0.0,0.0,0.0
202506,MENSAL,se,JULIANO PASSINI,Secretaria Mun da Inclusão e Desenv Humano,SECRETARIO MUNICIPAL,19987.5,0.0,0.0,0.0,0.0,0.0
202506,MENSAL,se,JULIO CESAR DE SOUZA GONCALVES,"Secretaria Municipal de Esporte, Lazer e Juventude",SECRETARIO MUNICIPAL,19987.5,0.0,0.0,0.0,0.0,0.0
202506,MENSAL,se,LEONARDO DUARTE PASCOAL,Secretaria Municipal de Educação,SECRETARIO MUNICIPAL,13991.25,0.0,0.0,0.0,0.0,0.0
202506,MENSAL,se,LILIANA CARDOSO RODRIGUES DOS SANTOS DUARTE,Secretaria Municipal de Cultura,SECRETARIO MUNICIPAL,19987.5,0.0,0.0,0.0,0.0,0.0
202506,MENSAL,se,MATHEUS DA LUZ XAVIER,Secretaria Municipal de Assistência Social,SECRETARIO MUNICIPAL,19987.5,0.0,0.0,0.0,0.0,0.0
202506,MENSAL,se,MONICA LEAL MARKUSONS,Secretaria Mun Transparência e Controladoria,SECRETARIO MUNICIPAL,19987.5,0.0,0.0,0.0,0.0,0.0
202506,MENSAL,vp,BETINA WORM,Gabinete do Prefeito,VICE-PREFEITO,22647.69,0.0,0.0,0.0,0.0,0.0
202507,MENSAL,pr,SEBASTIAO DE ARAUJO MELO,Gabinete do Prefeito,PREFEITO,34900.0,0.0,0.0,0.0,0.0,0.0
202507,MENSAL,se,ADAO DE CASTRO JUNIOR,Secretaria Municipal de Mobilidade Urbana,SECRETARIO MUNICIPAL,19987.5,0.0,0.0,0.0,0.0,0.0
202507,MENSAL,se,ALEXANDRE AUGUSTO ARAGON,Secretaria Municipal de Segurança,SECRETARIO MUNICIPAL,19987.5,0.0,0.0,0.0,0.0,0.0
202507,MENSAL,se,ANA MARIA PELLINI,Secretaria Municipal da Fazenda,SECRETARIO MUNICIPAL,19987.5,0.0,0.0,0.0,0.0,0.0
202507,MENSAL,se,ANDRE FLORES CORONEL,Secretaria Municipal Geral de Governo,SECRETARIO MUNICIPAL,19987.5,0.0,0.0,0.0,0.0,0.0
202507,MENSAL,se,ANDRE SILVA FLORES,Secretaria Municipal de Obras e Infraestrutura,SECRETARIO MUNICIPAL,19987.5,0.0,0.0,0.0,0.0,0.0
202507,MENSAL,se,CASSIO DE JESUS TROGILDO,Secretaria Mun Govern Local e Coordenação Política,SECRETARIO MUNICIPAL,19987.5,0.0,0.0,0.0,0.0,0.0
202507,MENSAL,se,CEZAR AUGUSTO SCHIRMER,Secretaria Mun de Planejamento e Gestão,SECRETARIO MUNICIPAL,19987.5,0.0,0.0,0.0,0.0,0.0
202507,MENSAL,se,DEBORA RIOS GARCIA,Gabinete do Prefeito,SECRETARIO MUNICIPAL EXTRAORD GOVERNO ASSUNTOS RELEVANTES,19987.5,0.0,0.0,0.0,0.0,0.0
202507,MENSAL,se,ELVIO ALBERTO DOS SANTOS,Secretaria Municipal de Administração e Patrimônio,SECRETARIO MUNICIPAL,15474.19,0.0,0.0,0.0,0.0,0.0
202507,MENSAL,se,FERNANDA DA CUNHA BARTH,"Secretaria Mun Desenv Econômico, Turismo e Eventos",SECRETARIO MUNICIPAL,19987.5,0.0,0.0,0.0,0.0,0.0
202507,MENSAL,se,GERMANO BREMM,"Secretaria Mun Meio Ambiente, Urban e Sustentab",SECRETARIO MUNICIPAL,19987.5,0.0,0.0,0.0,0.0,0.0
202507,MENSAL,se,GIUSEPPE RICARDO MENEGHETTI RIESGO,Secretaria Municipal de Parcerias,SECRETARIO MUNICIPAL,19987.5,0.0,0.0,0.0,0.0,0.0
202507,MENSAL,se,JULIANO PASSINI,Secretaria Mun da Inclusão e Desenv Humano,SECRETARIO MUNICIPAL,19987.5,0.0,0.0,0.0,0.0,0.0
202507,MENSAL,se,JULIO CESAR DE SOUZA GONCALVES,"Secretaria Municipal de Esporte, Lazer e Juventude",SECRETARIO MUNICIPAL,19987.5,0.0,0.0,0.0,0.0,0.0
202507,MENSAL,se,LEONARDO DUARTE PASCOAL,Secretaria Municipal de Educação,SECRETARIO MUNICIPAL,13991.25,0.0,0.0,0.0,0.0,0.0
202507,MENSAL,se,LILIANA CARDOSO RODRIGUES DOS SANTOS DUARTE,Secretaria Municipal de Cultura,SECRETARIO MUNICIPAL,19987.5,0.0,0.0,0.0,0.0,0.0
202507,MENSAL,se,MATHEUS DA LUZ XAVIER,Secretaria Municipal de Assistência Social,SECRETARIO MUNICIPAL,19987.5,0.0,0.0,0.0,0.0,0.0
202507,MENSAL,se,MONICA LEAL MARKUSONS,Secretaria Mun Transparência e Controladoria,SECRETARIO MUNICIPAL,19987.5,0.0,0.0,0.0,0.0,0.0
202507,MENSAL,vp,BETINA WORM,Gabinete do Prefeito,VICE-PREFEITO,23428.64,0.0,0.0,0.0,0.0,0.0
202508,MENSAL,pr,SEBASTIAO DE ARAUJO MELO,Gabinete do Prefeito,PREFEITO,34900.0,0.0,0.0,0.0,0.0,0.0
202508,MENSAL,se,ADAO DE CASTRO JUNIOR,Secretaria Municipal de Mobilidade Urbana,SECRETARIO MUNICIPAL,19987.5,0.0,0.0,0.0,0.0,0.0
202508,MENSAL,se,ALEXANDRE AUGUSTO ARAGON,Secretaria Municipal de Segurança,SECRETARIO MUNICIPAL,19987.5,0.0,0.0,0.0,0.0,0.0
202508,MENSAL,se,ANA MARIA PELLINI,Secretaria Municipal da Fazenda,SECRETARIO MUNICIPAL,19987.5,0.0,0.0,0.0,0.0,0.0
202508,MENSAL,se,ANDRE FLORES CORONEL,Secretaria Municipal Geral de Governo,SECRETARIO MUNICIPAL,19987.5,0.0,0.0,0.0,0.0,0.0
202508,MENSAL,se,ANDRE SILVA FLORES,Secretaria Municipal de Obras e Infraestrutura,SECRETARIO MUNICIPAL,19987.5,0.0,0.0,0.0,0.0,0.0
202508,MENSAL,se,CASSIO DE JESUS TROGILDO,Secretaria Mun Govern Local e Coordenação Política,SECRETARIO MUNICIPAL,19987.5,0.0,0.0,0.0,0.0,0.0
202508,MENSAL,se,CEZAR AUGUSTO SCHIRMER,Secretaria Mun de Planejamento e Gestão,SECRETARIO MUNICIPAL,19987.5,0.0,0.0,0.0,0.0,0.0
202508,MENSAL,se,DEBORA RIOS GARCIA,Gabinete do Prefeito,SECRETARIO MUNICIPAL EXTRAORD GOVERNO ASSUNTOS RELEVANTES,19987.5,0.0,0.0,0.0,0.0,0.0
202508,MENSAL,se,ELVIO ALBERTO DOS SANTOS,Secretaria Municipal de Administração e Patrimônio,SECRETARIO MUNICIPAL,19987.5,0.0,0.0,0.0,0.0,0.0
202508,MENSAL,se,GERMANO BREMM,"Secretaria Mun Meio Ambiente, Urban e Sustentab",SECRETARIO MUNICIPAL,19987.5,0.0,3775.42,0.0,0.0,0.0
202508,MENSAL,se,GIUSEPPE RICARDO MENEGHETTI RIESGO,Secretaria Municipal de Parcerias,SECRETARIO MUNICIPAL,19987.5,0.0,0.0,0.0,0.0,0.0
202508,MENSAL,se,JULIANO PASSINI,Secretaria Mun da Inclusão e Desenv Humano,SECRETARIO MUNICIPAL,19987.5,0.0,0.0,0.0,0.0,0.0
202508,MENSAL,se,JULIO CESAR DE SOUZA GONCALVES,"Secretaria Municipal de Esporte, Lazer e Juventude",SECRETARIO MUNICIPAL,19987.5,0.0,0.0,0.0,0.0,0.0
202508,MENSAL,se,LEONARDO DUARTE PASCOAL,Secretaria Municipal de Educação,SECRETARIO MUNICIPAL,13991.25,0.0,0.0,0.0,0.0,0.0
202508,MENSAL,se,LILIANA CARDOSO RODRIGUES DOS SANTOS DUARTE,Secretaria Municipal de Cultura,SECRETARIO MUNICIPAL,19987.5,0.0,0.0,0.0,0.0,0.0
202508,MENSAL,se,MATHEUS DA LUZ XAVIER,Secretaria Municipal de Assistência Social,SECRETARIO MUNICIPAL,19987.5,0.0,0.0,0.0,0.0,0.0
202508,MENSAL,se,MONICA LEAL MARKUSONS,Secretaria Mun Transparência e Controladoria,SECRETARIO MUNICIPAL,19987.5,0.0,0.0,0.0,0.0,0.0
202508,MENSAL,vp,BETINA WORM,Gabinete do Prefeito,VICE-PREFEITO,23428.64,0.0,0.0,0.0,0.0,0.0
202509,MENSAL,pr,SEBASTIAO DE ARAUJO MELO,Gabinete do Prefeito,PREFEITO,35249.0,0.0,0.0,0.0,0.0,0.0
202509,MENSAL,se,ADAO DE CASTRO JUNIOR,Secretaria Municipal de Mobilidade Urbana,SECRETARIO MUNICIPAL,20187.38,0.0,0.0,0.0,0.0,0.0
202509,MENSAL,se,ALEXANDRE AUGUSTO ARAGON,Secretaria Municipal de Segurança,SECRETARIO MUNICIPAL,20187.38,0.0,0.0,0.0,0.0,0.0
202509,MENSAL,se,ANA MARIA PELLINI,Secretaria Municipal da Fazenda,SECRETARIO MUNICIPAL,20187.38,0.0,0.0,0.0,0.0,0.0
202509,MENSAL,se,ANDRE FLORES CORONEL,Secretaria Municipal Geral de Governo,SECRETARIO MUNICIPAL,20187.38,0.0,0.0,0.0,0.0,0.0
202509,MENSAL,se,ANDRE SILVA FLORES,Secretaria Municipal de Obras e Infraestrutura,SECRETARIO MUNICIPAL,20187.38,0.0,0.0,0.0,0.0,0.0
202509,MENSAL,se,CASSIO DE JESUS TROGILDO,Secretaria Mun Govern Local e Coordenação Política,SECRETARIO MUNICIPAL,20187.38,0.0,0.0,0.0,0.0,0.0
202509,MENSAL,se,CEZAR AUGUSTO SCHIRMER,Secretaria Mun de Planejamento e Gestão,SECRETARIO MUNICIPAL,20187.38,0.0,0.0,0.0,0.0,0.0
202509,MENSAL,se,DEBORA RIOS GARCIA,Gabinete do Prefeito,SECRETARIO MUNICIPAL EXTRAORD GOVERNO ASSUNTOS RELEVANTES,20187.38,0.0,0.0,0.0,0.0,0.0
202509,MENSAL,se,ELVIO ALBERTO DOS SANTOS,Secretaria Municipal de Administração e Patrimônio,SECRETARIO MUNICIPAL,20187.38,0.0,0.0,0.0,0.0,0.0
202509,MENSAL,se,GERMANO BREMM,"Secretaria Mun Meio Ambiente, Urban e Sustentab",SECRETARIO MUNICIPAL,20187.38,0.0,35.54,0.0,0.0,0.0
202509,MENSAL,se,GIUSEPPE RICARDO MENEGHETTI RIESGO,Secretaria Municipal de Parcerias,SECRETARIO MUNICIPAL,20187.38,0.0,0.0,0.0,0.0,0.0
202509,MENSAL,se,JULIANO PASSINI,Secretaria Mun da Inclusão e Desenv Humano,SECRETARIO MUNICIPAL,20187.38,0.0,0.0,0.0,0.0,0.0
202509,MENSAL,se,JULIO CESAR DE SOUZA GONCALVES,"Secretaria Municipal de Esporte, Lazer e Juventude",SECRETARIO MUNICIPAL,20187.38,0.0,0.0,0.0,0.0,0.0
202509,MENSAL,se,LEONARDO DUARTE PASCOAL,Secretaria Municipal de Educação,SECRETARIO MUNICIPAL,14131.17,0.0,0.0,0.0,0.0,0.0
202509,MENSAL,se,LILIANA CARDOSO RODRIGUES DOS SANTOS DUARTE,Secretaria Municipal de Cultura,SECRETARIO MUNICIPAL,20187.38,0.0,0.0,0.0,0.0,0.0
202509,MENSAL,se,MATHEUS DA LUZ XAVIER,Secretaria Municipal de Assistência Social,SECRETARIO MUNICIPAL,20187.38,0.0,0.0,0.0,0.0,0.0
202509,MENSAL,se,MONICA LEAL MARKUSONS,Secretaria Mun Transparência e Controladoria,SECRETARIO MUNICIPAL,20187.38,0.0,0.0,0.0,0.0,0.0
202509,MENSAL,vp,BETINA WORM,Gabinete do Prefeito,VICE-PREFEITO,23662.93,0.0,0.0,0.0,0.0,0.0
202510,MENSAL,pr,SEBASTIAO DE ARAUJO MELO,Gabinete do Prefeito,PREFEITO,34900.0,0.0,0.0,0.0,0.0,0.0
202510,MENSAL,se,ADAO DE CASTRO JUNIOR,Secretaria Municipal de Mobilidade Urbana,SECRETARIO MUNICIPAL,20187.38,0.0,2691.65,0.0,0.0,0.0
202510,MENSAL,se,ALEXANDRE AUGUSTO ARAGON,Secretaria Municipal de Segurança,SECRETARIO MUNICIPAL,20187.38,0.0,0.0,0.0,0.0,0.0
202510,MENSAL,se,ANA MARIA PELLINI,Secretaria Municipal da Fazenda,SECRETARIO MUNICIPAL,20187.38,0.0,0.0,0.0,0.0,0.0
202510,MENSAL,se,ANDRE FLORES CORONEL,Secretaria Municipal Geral de Governo,SECRETARIO MUNICIPAL,20187.38,0.0,0.0,0.0,0.0,0.0
202510,MENSAL,se,ANDRE SILVA FLORES,Secretaria Municipal de Obras e Infraestrutura,SECRETARIO MUNICIPAL,20187.38,0.0,0.0,0.0,0.0,0.0
202510,MENSAL,se,BRUNO VICENTE BECKER VANUZZI,Gabinete do Prefeito,SECRETARIO MUNICIPAL EXTRAORD GOVERNO ASSUNTOS RELEVANTES,14131.17,0.0,0.0,7065.59,0.0,0.0
202510,MENSAL,se,CASSIO DE JESUS TROGILDO,Secretaria Mun Govern Local e Coordenação Política,SECRETARIO MUNICIPAL,20187.38,0.0,0.0,0.0,0.0,0.0
202510,MENSAL,se,CEZAR AUGUSTO SCHIRMER,Secretaria Mun de Planejamento e Gestão,SECRETARIO MUNICIPAL,20187.38,0.0,0.0,0.0,0.0,0.0
202510,MENSAL,se,DEBORA RIOS GARCIA,Gabinete do Prefeito,SECRETARIO MUNICIPAL EXTRAORD GOVERNO ASSUNTOS RELEVANTES,20187.38,0.0,0.0,0.0,0.0,0.0
202510,MENSAL,se,ELVIO ALBERTO DOS SANTOS,Secretaria Municipal de Administração e Patrimônio,SECRETARIO MUNICIPAL,20187.38,0.0,0.0,0.0,0.0,0.0
202510,MENSAL,se,GERMANO BREMM,"Secretaria Mun Meio Ambiente, Urban e Sustentab",SECRETARIO MUNICIPAL,20187.38,0.0,2.22,0.0,0.0,0.0
202510,MENSAL,se,GIUSEPPE RICARDO MENEGHETTI RIESGO,Secretaria Municipal de Parcerias,SECRETARIO MUNICIPAL,20187.38,0.0,0.0,0.0,0.0,0.0
202510,MENSAL,se,JULIANO PASSINI,Secretaria Mun da Inclusão e Desenv Humano,SECRETARIO MUNICIPAL,20187.38,0.0,0.0,0.0,0.0,0.0
202510,MENSAL,se,JULIO CESAR DE SOUZA GONCALVES,"Secretaria Municipal de Esporte, Lazer e Juventude",SECRETARIO MUNICIPAL,20187.38,0.0,0.0,0.0,0.0,0.0
202510,MENSAL,se,LEONARDO DUARTE PASCOAL,Secretaria Municipal de Educação,SECRETARIO MUNICIPAL,14131.17,0.0,0.0,0.0,0.0,0.0
202510,MENSAL,se,LILIANA CARDOSO RODRIGUES DOS SANTOS DUARTE,Secretaria Municipal de Cultura,SECRETARIO MUNICIPAL,20187.38,0.0,2243.04,0.0,0.0,0.0
202510,MENSAL,se,MATHEUS DA LUZ XAVIER,Secretaria Municipal de Assistência Social,SECRETARIO MUNICIPAL,20187.38,0.0,0.0,0.0,0.0,0.0
202510,MENSAL,se,MONICA LEAL MARKUSONS,Secretaria Mun Transparência e Controladoria,SECRETARIO MUNICIPAL,20187.38,0.0,0.0,0.0,0.0,0.0
202510,MENSAL,vp,BETINA WORM,Gabinete do Prefeito,VICE-PREFEITO,23428.64,0.0,0.0,0.0,0.0,0.0
202511,MENSAL,pr,SEBASTIAO DE ARAUJO MELO,Gabinete do Prefeito,PREFEITO,34900.0,0.0,0.0,0.0,0.0,0.0
202511,MENSAL,se,ADAO DE CASTRO JUNIOR,Secretaria Municipal de Mobilidade Urbana,SECRETARIO MUNICIPAL,20187.38,0.0,0.0,0.0,0.0,0.0
202511,MENSAL,se,ALEXANDRE AUGUSTO ARAGON,Secretaria Municipal de Segurança,SECRETARIO MUNICIPAL,20187.38,0.0,0.0,0.0,0.0,0.0
202511,MENSAL,se,ANA MARIA PELLINI,Secretaria Municipal da Fazenda,SECRETARIO MUNICIPAL,20187.38,0.0,0.0,0.0,0.0,0.0
202511,MENSAL,se,ANDRE FLORES CORONEL,Secretaria Municipal Geral de Governo,SECRETARIO MUNICIPAL,20187.38,0.0,0.0,0.0,0.0,0.0
202511,MENSAL,se,ANDRE SILVA FLORES,Secretaria Municipal de Obras e Infraestrutura,SECRETARIO MUNICIPAL,20187.38,0.0,0.0,0.0,0.0,0.0
202511,MENSAL,se,BRUNO VICENTE BECKER VANUZZI,Gabinete do Prefeito,SECRETARIO MUNICIPAL EXTRAORD GOVERNO ASSUNTOS RELEVANTES,14131.17,0.0,0.0,0.0,0.0,0.0
202511,MENSAL,se,CASSIO DE JESUS TROGILDO,Secretaria Mun Govern Local e Coordenação Política,SECRETARIO MUNICIPAL,20187.38,0.0,0.0,0.0,0.0,0.0
202511,MENSAL,se,CEZAR AUGUSTO SCHIRMER,Secretaria Mun de Planejamento e Gestão,SECRETARIO MUNICIPAL,20187.38,0.0,0.0,0.0,0.0,0.0
202511,MENSAL,se,DEBORA RIOS GARCIA,Gabinete do Prefeito,SECRETARIO MUNICIPAL EXTRAORD GOVERNO ASSUNTOS RELEVANTES,20187.38,0.0,0.0,0.0,0.0,0.0
202511,MENSAL,se,ELVIO ALBERTO DOS SANTOS,Secretaria Municipal de Administração e Patrimônio,SECRETARIO MUNICIPAL,20187.38,0.0,0.0,0.0,0.0,0.0
202511,MENSAL,se,GERMANO BREMM,"Secretaria Mun Meio Ambiente, Urban e Sustentab",SECRETARIO MUNICIPAL,20187.38,0.0,0.0,0.0,0.0,0.0
202511,MENSAL,se,JULIANO PASSINI,Secretaria Mun da Inclusão e Desenv Humano,SECRETARIO MUNICIPAL,20187.38,0.0,0.0,0.0,0.0,0.0
202511,MENSAL,se,JULIO CESAR DE SOUZA GONCALVES,"Secretaria Municipal de Esporte, Lazer e Juventude",SECRETARIO MUNICIPAL,20187.38,0.0,0.0,0.0,0.0,0.0
202511,MENSAL,se,LEONARDO DUARTE PASCOAL,Secretaria Municipal de Educação,SECRETARIO MUNICIPAL,14131.17,0.0,0.0,0.0,0.0,0.0
202511,MENSAL,se,LILIANA CARDOSO RODRIGUES DOS SANTOS DUARTE,Secretaria Municipal de Cultura,SECRETARIO MUNICIPAL,20187.38,0.0,0.0,0.0,0.0,0.0
202511,MENSAL,se,MATHEUS DA LUZ XAVIER,Secretaria Municipal de Assistência Social,SECRETARIO MUNICIPAL,20187.38,0.0,0.0,0.0,0.0,0.0
202511,MENSAL,se,MONICA LEAL MARKUSONS,Secretaria Mun Transparência e Controladoria,SECRETARIO MUNICIPAL,20187.38,0.0,0.0,0.0,0.0,0.0
202511,MENSAL,vp,BETINA WORM,Gabinete do Prefeito,VICE-PREFEITO,23428.64,0.0,0.0,0.0,0.0,0.0
202512,MENSAL,pr,SEBASTIAO DE ARAUJO MELO,Gabinete do Prefeito,PREFEITO,34900.0,0.0,0.0,0.0,0.0,0.0
202512,MENSAL,se,ADAO DE CASTRO JUNIOR,Secretaria Municipal de Mobilidade Urbana,SECRETARIO MUNICIPAL,20540.65,0.0,4108.13,0.0,0.0,0.0
202512,MENSAL,se,ALEXANDRE AUGUSTO ARAGON,Secretaria Municipal de Segurança,SECRETARIO MUNICIPAL,20540.65,0.0,0.0,0.0,0.0,0.0
202512,MENSAL,se,ANA MARIA PELLINI,Secretaria Municipal da Fazenda,SECRETARIO MUNICIPAL,20540.65,0.0,0.0,0.0,0.0,0.0
202512,MENSAL,se,ANDRE FLORES CORONEL,Secretaria Municipal Geral de Governo,SECRETARIO MUNICIPAL,20540.65,0.0,3423.44,0.0,0.0,0.0
202512,MENSAL,se,ANDRE SILVA FLORES,Secretaria Municipal de Obras e Infraestrutura,SECRETARIO MUNICIPAL,20540.65,0.0,0.0,0.0,0.0,0.0
202512,MENSAL,se,BRUNO VICENTE BECKER VANUZZI,Gabinete do Prefeito,SECRETARIO MUNICIPAL EXTRAORD GOVERNO ASSUNTOS RELEVANTES,14378.46,0.0,0.0,0.0,0.0,0.0
202512,MENSAL,se,CASSIO DE JESUS TROGILDO,Secretaria Mun Govern Local e Coordenação Política,SECRETARIO MUNICIPAL,20540.65,0.0,2738.75,0.0,0.0,0.0
202512,MENSAL,se,CEZAR AUGUSTO SCHIRMER,Secretaria Mun de Planejamento e Gestão,SECRETARIO MUNICIPAL,20540.65,0.0,0.0,0.0,0.0,0.0
202512,MENSAL,se,DEBORA RIOS GARCIA,Gabinete do Prefeito,SECRETARIO MUNICIPAL EXTRAORD GOVERNO ASSUNTOS RELEVANTES,20540.65,0.0,0.0,0.0,0.0,0.0
202512,MENSAL,se,ELVIO ALBERTO DOS SANTOS,Secretaria Municipal de Administração e Patrimônio,SECRETARIO MUNICIPAL,20540.65,0.0,0.0,0.0,0.0,0.0
202512,MENSAL,se,GERMANO BREMM,"Secretaria Mun Meio Ambiente, Urban e Sustentab",SECRETARIO MUNICIPAL,20540.65,0.0,0.0,0.0,0.0,0.0
202512,MENSAL,se,GIUSEPPE RICARDO MENEGHETTI RIESGO,Secretaria Municipal de Parcerias,SECRETARIO MUNICIPAL,20540.65,0.0,0.0,8074.95,0.0,0.0
202512,MENSAL,se,JULIANO PASSINI,Secretaria Mun da Inclusão e Desenv Humano,SECRETARIO MUNICIPAL,20540.65,0.0,2282.29,0.0,0.0,0.0
202512,MENSAL,se,JULIO CESAR DE SOUZA GONCALVES,"Secretaria Municipal de Esporte, Lazer e Juventude",SECRETARIO MUNICIPAL,20540.65,0.0,0.0,0.0,0.0,0.0
202512,MENSAL,se,LEONARDO DUARTE PASCOAL,Secretaria Municipal de Educação,SECRETARIO MUNICIPAL,14378.46,0.0,1597.61,0.0,0.0,0.0
202512,MENSAL,se,LILIANA CARDOSO RODRIGUES DOS SANTOS DUARTE,Secretaria Municipal de Cultura,SECRETARIO MUNICIPAL,20540.65,0.0,18325.5,0.0,0.0,0.0
202512,MENSAL,se,MATHEUS DA LUZ XAVIER,Secretaria Municipal de Assistência Social,SECRETARIO MUNICIPAL,20540.65,0.0,0.0,0.0,0.0,0.0
202512,MENSAL,se,MONICA LEAL MARKUSONS,Secretaria Mun Transparência e Controladoria,SECRETARIO MUNICIPAL,20540.65,0.0,0.0,0.0,0.0,0.0
202512,MENSAL,vp,BETINA WORM,Gabinete do Prefeito,VICE-PREFEITO,23428.64,0.0,2082.55,0.0,0.0,0.0
202512,NATALINA,pr,SEBASTIAO DE ARAUJO MELO,Gabinete do Prefeito,PREFEITO,34900.0,0.0,0.0,0.0,0.0,0.0
202512,NATALINA,se,ADAO DE CASTRO JUNIOR,Secretaria Municipal de Mobilidade Urbana,SECRETARIO MUNICIPAL,20540.65,0.0,0.0,0.0,0.0,0.0
202512,NATALINA,se,ALEXANDRE AUGUSTO ARAGON,Secretaria Municipal de Segurança,SECRETARIO MUNICIPAL,20540.65,0.0,0.0,0.0,0.0,0.0
202512,NATALINA,se,ANA MARIA PELLINI,Secretaria Municipal da Fazenda,SECRETARIO MUNICIPAL,20540.65,0.0,0.0,0.0,0.0,0.0
202512,NATALINA,se,ANDRE FLORES CORONEL,Secretaria Municipal Geral de Governo,SECRETARIO MUNICIPAL,18828.93,0.0,0.0,0.0,0.0,0.0
202512,NATALINA,se,ANDRE SILVA FLORES,Secretaria Municipal de Obras e Infraestrutura,SECRETARIO MUNICIPAL,20540.65,0.0,0.0,0.0,0.0,0.0
202512,NATALINA,se,BRUNO VICENTE BECKER VANUZZI,Gabinete do Prefeito,SECRETARIO MUNICIPAL EXTRAORD GOVERNO ASSUNTOS RELEVANTES,4792.82,0.0,0.0,0.0,0.0,0.0
202512,NATALINA,se,CASSIO DE JESUS TROGILDO,Secretaria Mun Govern Local e Coordenação Política,SECRETARIO MUNICIPAL,20540.65,0.0,0.0,0.0,0.0,0.0
202512,NATALINA,se,CEZAR AUGUSTO SCHIRMER,Secretaria Mun de Planejamento e Gestão,SECRETARIO MUNICIPAL,20540.65,0.0,0.0,0.0,0.0,0.0
202512,NATALINA,se,DEBORA RIOS GARCIA,Gabinete do Prefeito,SECRETARIO MUNICIPAL EXTRAORD GOVERNO ASSUNTOS RELEVANTES,13693.77,0.0,0.0,0.0,0.0,0.0
202512,NATALINA,se,ELVIO ALBERTO DOS SANTOS,Secretaria Municipal de Administração e Patrimônio,SECRETARIO MUNICIPAL,10270.33,0.0,0.0,0.0,0.0,0.0
202512,NATALINA,se,GERMANO BREMM,"Secretaria Mun Meio Ambiente, Urban e Sustentab",SECRETARIO MUNICIPAL,20540.65,0.0,0.0,0.0,0.0,0.0
202512,NATALINA,se,GIUSEPPE RICARDO MENEGHETTI RIESGO,Secretaria Municipal de Parcerias,SECRETARIO MUNICIPAL,1711.72,0.0,0.0,0.0,0.0,0.0
202512,NATALINA,se,JULIANO PASSINI,Secretaria Mun da Inclusão e Desenv Humano,SECRETARIO MUNICIPAL,20540.65,0.0,0.0,0.0,0.0,0.0
202512,NATALINA,se,JULIO CESAR DE SOUZA GONCALVES,"Secretaria Municipal de Esporte, Lazer e Juventude",SECRETARIO MUNICIPAL,20540.65,0.0,0.0,0.0,0.0,0.0
202512,NATALINA,se,LEONARDO DUARTE PASCOAL,Secretaria Municipal de Educação,SECRETARIO MUNICIPAL,14378.46,0.0,0.0,0.0,0.0,0.0
202512,NATALINA,se,LILIANA CARDOSO RODRIGUES DOS SANTOS DUARTE,Secretaria Municipal de Cultura,SECRETARIO MUNICIPAL,20540.65,0.0,0.0,0.0,0.0,0.0
202512,NATALINA,se,MATHEUS DA LUZ XAVIER,Secretaria Municipal de Assistência Social,SECRETARIO MUNICIPAL,18828.93,0.0,0.0,0.0,0.0,0.0
202512,NATALINA,se,MONICA LEAL MARKUSONS,Secretaria Mun Transparência e Controladoria,SECRETARIO MUNICIPAL,20540.65,0.0,0.0,0.0,0.0,0.0
202512,NATALINA,vp,BETINA WORM,Gabinete do Prefeito,VICE-PREFEITO,23428.64,0.0,0.0,0.0,0.0,0.0
202601,MENSAL,pr,SEBASTIAO DE ARAUJO MELO,Gabinete do Prefeito,PREFEITO,34900.0,0.0,0.0,0.0,0.0,0.0
202601,MENSAL,se,ADAO DE CASTRO JUNIOR,Secretaria Municipal de Mobilidade Urbana,SECRETARIO MUNICIPAL,20540.65,0.0,0.0,0.0,0.0,0.0
202601,MENSAL,se,ALEXANDRE AUGUSTO ARAGON,Secretaria Municipal de Segurança,SECRETARIO MUNICIPAL,20540.65,0.0,0.0,0.0,0.0,0.0
202601,MENSAL,se,ANA MARIA PELLINI,Secretaria Municipal da Fazenda,SECRETARIO MUNICIPAL,20540.65,0.0,0.0,0.0,0.0,0.0
202601,MENSAL,se,ANDRE FLORES CORONEL,Secretaria Municipal Geral de Governo,SECRETARIO MUNICIPAL,20540.65,0.0,0.0,0.0,0.0,0.0
202601,MENSAL,se,ANDRE SILVA FLORES,Secretaria Municipal de Obras e Infraestrutura,SECRETARIO MUNICIPAL,20540.65,0.0,1141.15,0.0,0.0,0.0
202601,MENSAL,se,BRUNO VICENTE BECKER VANUZZI,Gabinete do Prefeito,SECRETARIO MUNICIPAL EXTRAORD GOVERNO ASSUNTOS RELEVANTES,14378.46,0.0,0.0,0.0,0.0,0.0
202601,MENSAL,se,CASSIO DE JESUS TROGILDO,Secretaria Mun Govern Local e Coordenação Política,SECRETARIO MUNICIPAL,20540.65,0.0,0.0,0.0,0.0,0.0
202601,MENSAL,se,CEZAR AUGUSTO SCHIRMER,Secretaria Mun de Planejamento e Gestão,SECRETARIO MUNICIPAL,20540.65,0.0,0.0,0.0,0.0,0.0
202601,MENSAL,se,DEBORA RIOS GARCIA,Gabinete do Prefeito,SECRETARIO MUNICIPAL EXTRAORD GOVERNO ASSUNTOS RELEVANTES,20540.65,0.0,0.0,0.0,0.0,0.0
202601,MENSAL,se,ELVIO ALBERTO DOS SANTOS,Secretaria Municipal de Administração e Patrimônio,SECRETARIO MUNICIPAL,20540.65,0.0,4108.13,0.0,0.0,0.0
202601,MENSAL,se,GERMANO BREMM,"Secretaria Mun Meio Ambiente, Urban e Sustentab",SECRETARIO MUNICIPAL,20540.65,0.0,2282.29,0.0,0.0,0.0
202601,MENSAL,se,GIUSEPPE RICARDO MENEGHETTI RIESGO,Secretaria Municipal de Parcerias,SECRETARIO MUNICIPAL,20540.65,0.0,0.0,0.0,0.0,0.0
202601,MENSAL,se,JULIANO PASSINI,Secretaria Mun da Inclusão e Desenv Humano,SECRETARIO MUNICIPAL,20540.65,0.0,0.0,0.0,0.0,0.0
202601,MENSAL,se,JULIO CESAR DE SOUZA GONCALVES,"Secretaria Municipal de Esporte, Lazer e Juventude",SECRETARIO MUNICIPAL,20540.65,0.0,6846.88,0.0,0.0,0.0
202601,MENSAL,se,LEONARDO DUARTE PASCOAL,Secretaria Municipal de Educação,SECRETARIO MUNICIPAL,14378.46,0.0,0.0,0.0,0.0,0.0
202601,MENSAL,se,LILIANA CARDOSO RODRIGUES DOS SANTOS DUARTE,Secretaria Municipal de Cultura,SECRETARIO MUNICIPAL,20540.65,0.0,0.0,0.0,0.0,0.0
202601,MENSAL,se,MATHEUS DA LUZ XAVIER,Secretaria Municipal de Assistência Social,SECRETARIO MUNICIPAL,20540.65,0.0,0.0,6626.02,0.0,0.0
202601,MENSAL,se,MONICA LEAL MARKUSONS,Secretaria Mun Transparência e Controladoria,SECRETARIO MUNICIPAL,20540.65,0.0,0.0,0.0,0.0,0.0
202601,MENSAL,vp,BETINA WORM,Gabinete do Prefeito,VICE-PREFEITO,23428.64,0.0,0.0,0.0,0.0,0.0
202602,MENSAL,pr,SEBASTIAO DE ARAUJO MELO,Gabinete do Prefeito,PREFEITO,34900.0,0.0,3102.22,0.0,0.0,0.0
202602,MENSAL,se,ADAO DE CASTRO JUNIOR,Secretaria Municipal de Mobilidade Urbana,SECRETARIO MUNICIPAL,20746.06,0.0,1383.07,0.0,0.0,0.0
202602,MENSAL,se,ALEXANDRE AUGUSTO ARAGON,Secretaria Municipal de Segurança,SECRETARIO MUNICIPAL,20746.06,0.0,0.0,0.0,0.0,0.0
202602,MENSAL,se,ANA MARIA PELLINI,Secretaria Municipal da Fazenda,SECRETARIO MUNICIPAL,20746.06,0.0,6915.35,0.0,0.0,0.0
202602,MENSAL,se,ANDRE FLORES CORONEL,Secretaria Municipal Geral de Governo,SECRETARIO MUNICIPAL,20746.06,0.0,0.0,0.0,0.0,0.0
202602,MENSAL,se,ANDRE SILVA FLORES,Secretaria Municipal de Obras e Infraestrutura,SECRETARIO MUNICIPAL,20746.06,0.0,0.0,0.0,0.0,0.0
202602,MENSAL,se,BRUNO VICENTE BECKER VANUZZI,Gabinete do Prefeito,SECRETARIO MUNICIPAL EXTRAORD GOVERNO ASSUNTOS RELEVANTES,14522.24,0.0,0.0,0.0,0.0,0.0
202602,MENSAL,se,CASSIO DE JESUS TROGILDO,Secretaria Mun Govern Local e Coordenação Política,SECRETARIO MUNICIPAL,20746.06,0.0,0.0,0.0,0.0,0.0
202602,MENSAL,se,CEZAR AUGUSTO SCHIRMER,Secretaria Mun de Planejamento e Gestão,SECRETARIO MUNICIPAL,20746.06,0.0,0.0,0.0,0.0,0.0
202602,MENSAL,se,DEBORA RIOS GARCIA,Gabinete do Prefeito,SECRETARIO MUNICIPAL EXTRAORD GOVERNO ASSUNTOS RELEVANTES,20746.06,0.0,0.0,0.0,0.0,0.0
202602,MENSAL,se,ELVIO ALBERTO DOS SANTOS,Secretaria Municipal de Administração e Patrimônio,SECRETARIO MUNICIPAL,20746.06,0.0,41.08,0.0,0.0,0.0
202602,MENSAL,se,GERMANO BREMM,"Secretaria Mun Meio Ambiente, Urban e Sustentab",SECRETARIO MUNICIPAL,20746.06,0.0,0.0,0.0,0.0,0.0
202602,MENSAL,se,GIUSEPPE RICARDO MENEGHETTI RIESGO,Secretaria Municipal de Parcerias,SECRETARIO MUNICIPAL,20746.06,0.0,0.0,0.0,0.0,0.0
202602,MENSAL,se,JULIANO PASSINI,Secretaria Mun da Inclusão e Desenv Humano,SECRETARIO MUNICIPAL,20746.06,0.0,0.0,0.0,0.0,0.0
202602,MENSAL,se,JULIO CESAR DE SOUZA GONCALVES,"Secretaria Municipal de Esporte, Lazer e Juventude",SECRETARIO MUNICIPAL,20746.06,0.0,59.34,0.0,0.0,0.0
202602,MENSAL,se,LEONARDO DUARTE PASCOAL,Secretaria Municipal de Educação,SECRETARIO MUNICIPAL,14522.24,0.0,1437.85,0.0,0.0,0.0
202602,MENSAL,se,LILIANA CARDOSO RODRIGUES DOS SANTOS DUARTE,Secretaria Municipal de Cultura,SECRETARIO MUNICIPAL,20746.06,0.0,0.0,0.0,0.0,0.0
202602,MENSAL,se,MATHEUS DA LUZ XAVIER,Secretaria Municipal de Assistência Social,SECRETARIO MUNICIPAL,20746.06,0.0,0.0,0.0,0.0,0.0
202602,MENSAL,se,MONICA LEAL MARKUSONS,Secretaria Mun Transparência e Controladoria,SECRETARIO MUNICIPAL,20746.06,0.0,0.0,0.0,0.0,0.0
202602,MENSAL,se,SUSANA MARIA KAKUTA,"Secretaria Mun Desenv Econômico, Turismo e Eventos",SECRETARIO MUNICIPAL,14077.68,0.0,0.0,0.0,0.0,0.0
202602,MENSAL,vp,BETINA WORM,Gabinete do Prefeito,VICE-PREFEITO,23428.64,0.0,1041.27,0.0,0.0,0.0
202603,MENSAL,pr,SEBASTIAO DE ARAUJO MELO,Gabinete do Prefeito,PREFEITO,34900.0,0.0,0.0,0.0,0.0,0.0
202603,MENSAL,se,ADAO DE CASTRO JUNIOR,Secretaria Municipal de Mobilidade Urbana,SECRETARIO MUNICIPAL,20953.52,0.0,1177.92,207.46,0.0,0.0
202603,MENSAL,se,ALEXANDRE AUGUSTO ARAGON,Secretaria Municipal de Segurança,SECRETARIO MUNICIPAL,20953.52,0.0,0.0,207.46,0.0,0.0
202603,MENSAL,se,ANA MARIA PELLINI,Secretaria Municipal da Fazenda,SECRETARIO MUNICIPAL,20953.52,0.0,0.0,207.46,0.0,0.0
202603,MENSAL,se,ANDRE FLORES CORONEL,Secretaria Municipal Geral de Governo,SECRETARIO MUNICIPAL,20953.52,0.0,0.0,207.46,0.0,0.0
202603,MENSAL,se,ANDRE SILVA FLORES,Secretaria Municipal de Obras e Infraestrutura,SECRETARIO MUNICIPAL,20953.52,0.0,0.0,207.46,0.0,0.0
202603,MENSAL,se,BRUNO VICENTE BECKER VANUZZI,Gabinete do Prefeito,SECRETARIO MUNICIPAL EXTRAORD GOVERNO ASSUNTOS RELEVANTES,14667.46,0.0,0.0,145.22,0.0,0.0
202603,MENSAL,se,CASSIO DE JESUS TROGILDO,Secretaria Mun Govern Local e Coordenação Política,SECRETARIO MUNICIPAL,20953.52,0.0,0.0,207.46,0.0,0.0
202603,MENSAL,se,CEZAR AUGUSTO SCHIRMER,Secretaria Mun de Planejamento e Gestão,SECRETARIO MUNICIPAL,20953.52,0.0,4190.7,207.46,0.0,0.0
202603,MENSAL,se,DEBORA RIOS GARCIA,Gabinete do Prefeito,SECRETARIO MUNICIPAL EXTRAORD GOVERNO ASSUNTOS RELEVANTES,20953.52,0.0,0.0,207.46,0.0,0.0
202603,MENSAL,se,ELVIO ALBERTO DOS SANTOS,Secretaria Municipal de Administração e Patrimônio,SECRETARIO MUNICIPAL,20953.52,0.0,41.49,207.46,0.0,0.0
202603,MENSAL,se,GERMANO BREMM,"Secretaria Mun Meio Ambiente, Urban e Sustentab",SECRETARIO MUNICIPAL,20953.52,0.0,2328.17,207.46,0.0,0.0
202603,MENSAL,se,GIUSEPPE RICARDO MENEGHETTI RIESGO,Secretaria Municipal de Parcerias,SECRETARIO MUNICIPAL,20953.52,0.0,0.0,207.46,0.0,0.0
202603,MENSAL,se,JULIANO PASSINI,Secretaria Mun da Inclusão e Desenv Humano,SECRETARIO MUNICIPAL,20953.52,0.0,0.0,207.46,0.0,0.0
202603,MENSAL,se,LEONARDO DUARTE PASCOAL,Secretaria Municipal de Educação,SECRETARIO MUNICIPAL,14667.46,0.0,0.0,145.22,0.0,0.0
202603,MENSAL,se,LILIANA CARDOSO RODRIGUES DOS SANTOS DUARTE,Secretaria Municipal de Cultura,SECRETARIO MUNICIPAL,20953.52,0.0,0.0,207.46,0.0,0.0
202603,MENSAL,se,LUCAS DUARTE SIQUEIRA,Secretaria Municipal de Esporte e Lazer,SECRETARIO MUNICIPAL,18249.84,0.0,0.0,0.0,0.0,0.0
202603,MENSAL,se,MATHEUS DA LUZ XAVIER,Secretaria Municipal de Assistência Social,SECRETARIO MUNICIPAL,20953.52,0.0,0.0,207.46,0.0,0.0
202603,MENSAL,se,MONICA LEAL MARKUSONS,Secretaria Mun Transparência e Controladoria,SECRETARIO MUNICIPAL,20953.52,0.0,0.0,207.46,0.0,0.0
202603,MENSAL,se,SUSANA MARIA KAKUTA,"Secretaria Mun Desenv Econômico, Turismo e Eventos",SECRETARIO MUNICIPAL,20953.52,0.0,0.0,140.78,0.0,0.0
202603,MENSAL,vp,BETINA WORM,Gabinete do Prefeito,VICE-PREFEITO,23428.64,0.0,0.0,0.0,0.0,0.0
202604,MENSAL,pr,SEBASTIAO DE ARAUJO MELO,Gabinete do Prefeito,PREFEITO,34900.0,0.0,0.0,0.0,0.0,0.0
202604,MENSAL,se,ADAO DE CASTRO JUNIOR,Secretaria Municipal de Mobilidade Urbana,SECRETARIO MUNICIPAL,20953.52,0.0,0.0,0.0,0.0,0.0
202604,MENSAL,se,ALEXANDRE AUGUSTO ARAGON,Secretaria Municipal de Segurança,SECRETARIO MUNICIPAL,20953.52,0.0,0.0,0.0,0.0,0.0
202604,MENSAL,se,ANA MARIA PELLINI,Secretaria Municipal da Fazenda,SECRETARIO MUNICIPAL,20953.52,0.0,0.0,0.0,0.0,0.0
202604,MENSAL,se,ANDRE FLORES CORONEL,Secretaria Municipal Geral de Governo,SECRETARIO MUNICIPAL,20953.52,0.0,0.0,0.0,0.0,0.0
202604,MENSAL,se,ANDRE SILVA FLORES,Secretaria Municipal de Obras e Infraestrutura,SECRETARIO MUNICIPAL,20953.52,0.0,0.0,0.0,0.0,0.0
202604,MENSAL,se,ARTUR LORENTZ,Secretaria Municipal de Parcerias,SECRETARIO MUNICIPAL,20255.07,0.0,0.0,0.0,0.0,0.0
202604,MENSAL,se,BRUNO VICENTE BECKER VANUZZI,Gabinete do Prefeito,SECRETARIO MUNICIPAL EXTRAORD GOVERNO ASSUNTOS RELEVANTES,14667.46,0.0,0.0,0.0,0.0,0.0
202604,MENSAL,se,CASSIO DE JESUS TROGILDO,Secretaria Mun Govern Local e Coordenação Política,SECRETARIO MUNICIPAL,20953.52,0.0,0.0,0.0,0.0,0.0
202604,MENSAL,se,CEZAR AUGUSTO SCHIRMER,Secretaria Mun de Planejamento e Gestão,SECRETARIO MUNICIPAL,20953.52,0.0,0.0,0.0,0.0,0.0
202604,MENSAL,se,DEBORA RIOS GARCIA,Gabinete do Prefeito,SECRETARIO MUNICIPAL EXTRAORD GOVERNO ASSUNTOS RELEVANTES,20953.52,0.0,0.0,0.0,0.0,0.0
202604,MENSAL,se,ELVIO ALBERTO DOS SANTOS,Secretaria Municipal de Administração e Patrimônio,SECRETARIO MUNICIPAL,20953.52,0.0,0.0,0.0,0.0,0.0
202604,MENSAL,se,GERMANO BREMM,"Secretaria Mun Meio Ambiente, Urban e Sustentab",SECRETARIO MUNICIPAL,20953.52,0.0,0.0,0.0,0.0,0.0
202604,MENSAL,se,JULIANO PASSINI,Secretaria Mun da Inclusão e Desenv Humano,SECRETARIO MUNICIPAL,20953.52,0.0,0.0,0.0,0.0,0.0
202604,MENSAL,se,LEONARDO DUARTE PASCOAL,Secretaria Municipal de Educação,SECRETARIO MUNICIPAL,14667.46,0.0,0.0,0.0,0.0,0.0
202604,MENSAL,se,LILIANA CARDOSO RODRIGUES DOS SANTOS DUARTE,Secretaria Municipal de Cultura,SECRETARIO MUNICIPAL,20953.52,0.0,0.0,0.0,0.0,0.0
202604,MENSAL,se,LUCAS DUARTE SIQUEIRA,Secretaria Municipal de Esporte e Lazer,SECRETARIO MUNICIPAL,20953.52,0.0,0.0,0.0,0.0,0.0
202604,MENSAL,se,MATHEUS DA LUZ XAVIER,Secretaria Municipal de Assistência Social,SECRETARIO MUNICIPAL,20953.52,0.0,0.0,0.0,0.0,0.0
202604,MENSAL,se,MONICA LEAL MARKUSONS,Secretaria Mun Transparência e Controladoria,SECRETARIO MUNICIPAL,20953.52,0.0,3259.44,0.0,0.0,0.0
202604,MENSAL,se,SUSANA MARIA KAKUTA,"Secretaria Mun Desenv Econômico, Turismo e Eventos",SECRETARIO MUNICIPAL,20953.52,0.0,0.0,0.0,0.0,0.0
202604,MENSAL,vp,BETINA WORM,Gabinete do Prefeito,VICE-PREFEITO,23428.64,0.0,0.0,0.0,0.0,0.0
202605,MENSAL,pr,SEBASTIAO DE ARAUJO MELO,Gabinete do Prefeito,PREFEITO,34900.0,0.0,0.0,0.0,0.0,0.0
202605,MENSAL,se,ADAO DE CASTRO JUNIOR,Secretaria Municipal de Mobilidade Urbana,SECRETARIO MUNICIPAL,20953.52,0.0,0.0,0.0,0.0,0.0
202605,MENSAL,se,ALEXANDRE AUGUSTO ARAGON,Secretaria Municipal de Segurança,SECRETARIO MUNICIPAL,20953.52,0.0,0.0,0.0,0.0,0.0
202605,MENSAL,se,ANA MARIA PELLINI,Secretaria Municipal da Fazenda,SECRETARIO MUNICIPAL,20953.52,0.0,0.0,0.0,0.0,0.0
202605,MENSAL,se,ANDRE FLORES CORONEL,Secretaria Municipal Geral de Governo,SECRETARIO MUNICIPAL,20953.52,0.0,0.0,0.0,0.0,0.0
202605,MENSAL,se,ANDRE SILVA FLORES,Secretaria Municipal de Obras e Infraestrutura,SECRETARIO MUNICIPAL,20953.52,0.0,0.0,0.0,0.0,0.0
202605,MENSAL,se,ARTUR LORENTZ,Secretaria Municipal de Parcerias,SECRETARIO MUNICIPAL,20953.52,0.0,0.0,0.0,0.0,0.0
202605,MENSAL,se,BRUNO VICENTE BECKER VANUZZI,Gabinete do Prefeito,SECRETARIO MUNICIPAL EXTRAORD GOVERNO ASSUNTOS RELEVANTES,14667.46,0.0,0.0,0.0,0.0,0.0
202605,MENSAL,se,CASSIO DE JESUS TROGILDO,Secretaria Mun Govern Local e Coordenação Política,SECRETARIO MUNICIPAL,20953.52,0.0,0.0,0.0,0.0,0.0
202605,MENSAL,se,CEZAR AUGUSTO SCHIRMER,Secretaria Mun de Planejamento e Gestão,SECRETARIO MUNICIPAL,20953.52,0.0,0.0,0.0,0.0,0.0
202605,MENSAL,se,DEBORA RIOS GARCIA,Gabinete do Prefeito,SECRETARIO MUNICIPAL EXTRAORD GOVERNO ASSUNTOS RELEVANTES,20953.52,0.0,0.0,0.0,0.0,0.0
202605,MENSAL,se,ELVIO ALBERTO DOS SANTOS,Secretaria Municipal de Administração e Patrimônio,SECRETARIO MUNICIPAL,20953.52,0.0,0.0,0.0,0.0,0.0
202605,MENSAL,se,GERMANO BREMM,"Secretaria Mun Meio Ambiente, Urban e Sustentab",SECRETARIO MUNICIPAL,20953.52,0.0,0.0,0.0,0.0,0.0
202605,MENSAL,se,JULIANO PASSINI,Secretaria Mun da Inclusão e Desenv Humano,SECRETARIO MUNICIPAL,20953.52,0.0,0.0,0.0,0.0,0.0
202605,MENSAL,se,LEONARDO DUARTE PASCOAL,Secretaria Municipal de Educação,SECRETARIO MUNICIPAL,14667.46,0.0,0.0,0.0,0.0,0.0
202605,MENSAL,se,LILIANA CARDOSO RODRIGUES DOS SANTOS DUARTE,Secretaria Municipal de Cultura,SECRETARIO MUNICIPAL,20953.52,0.0,0.0,0.0,0.0,0.0
202605,MENSAL,se,LUCAS DUARTE SIQUEIRA,Secretaria Municipal de Esporte e Lazer,SECRETARIO MUNICIPAL,20953.52,0.0,0.0,0.0,0.0,0.0
202605,MENSAL,se,MATHEUS DA LUZ XAVIER,Secretaria Municipal de Assistência Social,SECRETARIO MUNICIPAL,20953.52,0.0,0.0,0.0,0.0,0.0
202605,MENSAL,se,MONICA LEAL MARKUSONS,Secretaria Mun Transparência e Controladoria,SECRETARIO MUNICIPAL,20953.52,0.0,0.0,0.0,0.0,0.0
202605,MENSAL,se,SUSANA MARIA KAKUTA,"Secretaria Mun Desenv Econômico, Turismo e Eventos",SECRETARIO MUNICIPAL,20953.52,0.0,0.0,0.0,0.0,0.0
202605,MENSAL,vp,BETINA WORM,Gabinete do Prefeito,VICE-PREFEITO,23428.64,0.0,0.0,0.0,0.0,0.0
202606,MENSAL,pr,SEBASTIAO DE ARAUJO MELO,Gabinete do Prefeito,PREFEITO,34900.0,0.0,0.0,0.0,0.0,0.0
202606,MENSAL,se,ADAO DE CASTRO JUNIOR,Secretaria Municipal de Mobilidade Urbana,SECRETARIO MUNICIPAL,20953.52,0.0,0.0,0.0,0.0,0.0
202606,MENSAL,se,ALEXANDRE AUGUSTO ARAGON,Secretaria Municipal de Segurança,SECRETARIO MUNICIPAL,20953.52,0.0,3725.07,0.0,0.0,0.0
202606,MENSAL,se,ANA MARIA PELLINI,Secretaria Municipal da Fazenda,SECRETARIO MUNICIPAL,20953.52,0.0,2328.17,0.0,0.0,0.0
202606,MENSAL,se,ANDRE FLORES CORONEL,Secretaria Municipal Geral de Governo,SECRETARIO MUNICIPAL,20953.52,0.0,0.0,0.0,0.0,0.0
202606,MENSAL,se,ANDRE SILVA FLORES,Secretaria Municipal de Obras e Infraestrutura,SECRETARIO MUNICIPAL,20953.52,0.0,0.0,0.0,0.0,0.0
202606,MENSAL,se,ARTUR LORENTZ,Secretaria Municipal de Parcerias,SECRETARIO MUNICIPAL,20953.52,0.0,0.0,0.0,0.0,0.0
202606,MENSAL,se,BRUNO VICENTE BECKER VANUZZI,Gabinete do Prefeito,SECRETARIO MUNICIPAL EXTRAORD GOVERNO ASSUNTOS RELEVANTES,14667.46,0.0,0.0,0.0,0.0,0.0
202606,MENSAL,se,CASSIO DE JESUS TROGILDO,Secretaria Mun de Governança Cidadã e Desenv Rural,SECRETARIO MUNICIPAL,20953.52,0.0,2095.35,0.0,0.0,0.0
202606,MENSAL,se,CEZAR AUGUSTO SCHIRMER,Secretaria Mun de Planejamento e Gestão,SECRETARIO MUNICIPAL,20953.52,0.0,0.0,0.0,0.0,0.0
202606,MENSAL,se,DEBORA RIOS GARCIA,Gabinete do Prefeito,SECRETARIO MUNICIPAL EXTRAORD GOVERNO ASSUNTOS RELEVANTES,20953.52,0.0,0.0,0.0,0.0,0.0
202606,MENSAL,se,ELVIO ALBERTO DOS SANTOS,Secretaria Municipal de Administração e Patrimônio,SECRETARIO MUNICIPAL,20953.52,0.0,0.0,0.0,0.0,0.0
202606,MENSAL,se,GERMANO BREMM,"Secretaria Mun Meio Ambiente, Urban e Sustentab",SECRETARIO MUNICIPAL,20953.52,0.0,2095.35,0.0,0.0,0.0
202606,MENSAL,se,JULIANO PASSINI,Secretaria Mun da Inclusão e Desenv Humano,SECRETARIO MUNICIPAL,20953.52,0.0,0.0,0.0,0.0,0.0
202606,MENSAL,se,LEONARDO DUARTE PASCOAL,Secretaria Municipal de Educação,SECRETARIO MUNICIPAL,14667.46,0.0,0.0,0.0,0.0,0.0
202606,MENSAL,se,LILIANA CARDOSO RODRIGUES DOS SANTOS DUARTE,Secretaria Municipal de Cultura,SECRETARIO MUNICIPAL,20953.52,0.0,0.0,0.0,0.0,0.0
202606,MENSAL,se,LUCAS DUARTE SIQUEIRA,Secretaria Municipal de Esporte e Lazer,SECRETARIO MUNICIPAL,20953.52,0.0,0.0,0.0,0.0,0.0
202606,MENSAL,se,MATHEUS DA LUZ XAVIER,Secretaria Municipal de Assistência Social,SECRETARIO MUNICIPAL,20953.52,0.0,0.0,0.0,0.0,0.0
202606,MENSAL,se,MONICA LEAL MARKUSONS,Secretaria Mun Transparência e Controladoria,SECRETARIO MUNICIPAL,20953.52,0.0,0.0,0.0,0.0,0.0
202606,MENSAL,se,SUSANA MARIA KAKUTA,"Secretaria Mun Desenv Econômico, Turismo e Eventos",SECRETARIO MUNICIPAL,20953.52,0.0,0.0,0.0,0.0,0.0
202606,MENSAL,vp,BETINA WORM,Gabinete do Prefeito,VICE-PREFEITO,23428.64,0.0,0.0,0.0,0.0,0.0
202607,MENSAL,pr,SEBASTIAO DE ARAUJO MELO,Gabinete do Prefeito,PREFEITO,34900.0,0.0,0.0,0.0,0.0,0.0
202607,MENSAL,se,ADAO DE CASTRO JUNIOR,Secretaria Municipal de Mobilidade Urbana,SECRETARIO MUNICIPAL,20953.52,0.0,0.0,0.0,0.0,0.0
202607,MENSAL,se,ALEXANDRE AUGUSTO ARAGON,Secretaria Municipal de Segurança,SECRETARIO MUNICIPAL,20953.52,0.0,3259.44,0.0,0.0,0.0
202607,MENSAL,se,ANA MARIA PELLINI,Secretaria Municipal da Fazenda,SECRETARIO MUNICIPAL,20953.52,0.0,0.0,0.0,0.0,0.0
202607,MENSAL,se,ANDRE FLORES CORONEL,Secretaria Municipal Geral de Governo,SECRETARIO MUNICIPAL,20953.52,0.0,0.0,0.0,0.0,0.0
202607,MENSAL,se,ANDRE SILVA FLORES,Secretaria Municipal de Obras e Infraestrutura,SECRETARIO MUNICIPAL,20953.52,0.0,0.0,0.0,0.0,0.0
202607,MENSAL,se,ARTUR LORENTZ,Secretaria Municipal de Parcerias,SECRETARIO MUNICIPAL,20953.52,0.0,0.0,0.0,0.0,0.0
202607,MENSAL,se,BRUNO VICENTE BECKER VANUZZI,Gabinete do Prefeito,SECRETARIO MUNICIPAL EXTRAORD GOVERNO ASSUNTOS RELEVANTES,14667.46,0.0,0.0,0.0,0.0,0.0
202607,MENSAL,se,CASSIO DE JESUS TROGILDO,Secretaria Mun de Governança Cidadã e Desenv Rural,SECRETARIO MUNICIPAL,20953.52,0.0,2095.35,0.0,0.0,0.0
202607,MENSAL,se,CEZAR AUGUSTO SCHIRMER,Secretaria Mun de Planejamento e Gestão,SECRETARIO MUNICIPAL,20953.52,0.0,0.0,0.0,0.0,0.0
202607,MENSAL,se,DEBORA RIOS GARCIA,Gabinete do Prefeito,SECRETARIO MUNICIPAL EXTRAORD GOVERNO ASSUNTOS RELEVANTES,20953.52,0.0,0.0,0.0,0.0,0.0
202607,MENSAL,se,ELVIO ALBERTO DOS SANTOS,Secretaria Municipal de Administração e Patrimônio,SECRETARIO MUNICIPAL,20953.52,0.0,0.0,0.0,0.0,0.0
202607,MENSAL,se,GERMANO BREMM,"Secretaria Mun Meio Ambiente, Urban e Sustentab",SECRETARIO MUNICIPAL,20953.52,0.0,0.0,0.0,0.0,0.0
202607,MENSAL,se,JULIANO PASSINI,Secretaria Mun da Inclusão e Desenv Humano,SECRETARIO MUNICIPAL,20953.52,0.0,0.0,0.0,0.0,0.0
202607,MENSAL,se,LEONARDO DUARTE PASCOAL,Secretaria Municipal de Educação,SECRETARIO MUNICIPAL,14667.46,0.0,0.0,0.0,0.0,0.0
202607,MENSAL,se,LILIANA CARDOSO RODRIGUES DOS SANTOS DUARTE,Secretaria Municipal de Cultura,SECRETARIO MUNICIPAL,20953.52,0.0,0.0,0.0,0.0,0.0
202607,MENSAL,se,LUCAS DUARTE SIQUEIRA,Secretaria Municipal de Esporte e Lazer,SECRETARIO MUNICIPAL,20953.52,0.0,0.0,0.0,0.0,0.0
202607,MENSAL,se,MATHEUS DA LUZ XAVIER,Secretaria Municipal de Assistência Social,SECRETARIO MUNICIPAL,20953.52,0.0,0.0,0.0,0.0,0.0
202607,MENSAL,se,MONICA LEAL MARKUSONS,Secretaria Mun Transparência e Controladoria,SECRETARIO MUNICIPAL,20953.52,0.0,2560.99,0.0,0.0,0.0
202607,MENSAL,se,SUSANA MARIA KAKUTA,"Secretaria Mun Desenv Econômico, Turismo e Eventos",SECRETARIO MUNICIPAL,20953.52,0.0,0.0,0.0,0.0,0.0
202607,MENSAL,vp,BETINA WORM,Gabinete do Prefeito,VICE-PREFEITO,23428.64,0.0,0.0,0.0,0.0,0.0
202608,MENSAL,pr,SEBASTIAO DE ARAUJO MELO,Gabinete do Prefeito,PREFEITO,34900.0,0.0,0.0,0.0,0.0,0.0
202608,MENSAL,se,ADAO DE CASTRO JUNIOR,Secretaria Municipal de Mobilidade Urbana,SECRETARIO MUNICIPAL,20953.52,0.0,0.0,0.0,0.0,0.0
202608,MENSAL,se,ALEXANDRE AUGUSTO ARAGON,Secretaria Municipal de Segurança,SECRETARIO MUNICIPAL,20953.52,0.0,0.0,0.0,0.0,0.0
202608,MENSAL,se,ANA MARIA PELLINI,Secretaria Municipal da Fazenda,SECRETARIO MUNICIPAL,20953.52,0.0,0.0,0.0,0.0,0.0
202608,MENSAL,se,ANDRE FLORES CORONEL,Secretaria Municipal Geral de Governo,SECRETARIO MUNICIPAL,20953.52,0.0,0.0,0.0,0.0,0.0
202608,MENSAL,se,ANDRE SILVA FLORES,Secretaria Municipal de Obras e Infraestrutura,SECRETARIO MUNICIPAL,20953.52,0.0,0.0,0.0,0.0,0.0
202608,MENSAL,se,ARTUR LORENTZ,Secretaria Municipal de Parcerias,SECRETARIO MUNICIPAL,20953.52,0.0,0.0,0.0,0.0,0.0
202608,MENSAL,se,BRUNO VICENTE BECKER VANUZZI,Gabinete do Prefeito,SECRETARIO MUNICIPAL EXTRAORD GOVERNO ASSUNTOS RELEVANTES,14667.46,0.0,0.0,0.0,0.0,0.0
202608,MENSAL,se,CASSIO DE JESUS TROGILDO,Secretaria Mun de Governança Cidadã e Desenv Rural,SECRETARIO MUNICIPAL,20953.52,0.0,6984.5,0.0,0.0,0.0
202608,MENSAL,se,CEZAR AUGUSTO SCHIRMER,Secretaria Mun de Planejamento e Gestão,SECRETARIO MUNICIPAL,20953.52,0.0,0.0,0.0,0.0,0.0
202608,MENSAL,se,DEBORA RIOS GARCIA,Gabinete do Prefeito,SECRETARIO MUNICIPAL EXTRAORD GOVERNO ASSUNTOS RELEVANTES,20953.52,0.0,0.0,0.0,0.0,0.0
202608,MENSAL,se,ELVIO ALBERTO DOS SANTOS,Secretaria Municipal de Administração e Patrimônio,SECRETARIO MUNICIPAL,20953.52,0.0,0.0,0.0,0.0,0.0
202608,MENSAL,se,GERMANO BREMM,"Secretaria Mun Meio Ambiente, Urban e Sustentab",SECRETARIO MUNICIPAL,20953.52,0.0,0.0,0.0,0.0,0.0
202608,MENSAL,se,JULIANO PASSINI,Secretaria Mun da Inclusão e Desenv Humano,SECRETARIO MUNICIPAL,20953.52,0.0,0.0,0.0,0.0,0.0
202608,MENSAL,se,LEONARDO DUARTE PASCOAL,Secretaria Municipal de Educação,SECRETARIO MUNICIPAL,14667.46,0.0,3422.41,0.0,0.0,0.0
202608,MENSAL,se,LILIANA CARDOSO RODRIGUES DOS SANTOS DUARTE,Secretaria Municipal de Cultura,SECRETARIO MUNICIPAL,20953.52,0.0,0.0,0.0,0.0,0.0
202608,MENSAL,se,LUCAS DUARTE SIQUEIRA,Secretaria Municipal de Esporte e Lazer,SECRETARIO MUNICIPAL,20953.52,0.0,0.0,0.0,0.0,0.0
202608,MENSAL,se,MATHEUS DA LUZ XAVIER,Secretaria Municipal de Assistência Social,SECRETARIO MUNICIPAL,20953.52,0.0,0.0,0.0,0.0,0.0
202608,MENSAL,se,MONICA LEAL MARKUSONS,Secretaria Mun Transparência e Controladoria,SECRETARIO MUNICIPAL,20953.52,0.0,0.0,0.0,0.0,0.0
202608,MENSAL,se,SUSANA MARIA KAKUTA,"Secretaria Mun Desenv Econômico, Turismo e Eventos",SECRETARIO MUNICIPAL,20953.52,0.0,0.0,0.0,0.0,0.0
202608,MENSAL,vp,BETINA WORM,Gabinete do Prefeito,VICE-PREFEITO,23428.64,0.0,0.0,0.0,0.0,0.0
202609,MENSAL,pr,SEBASTIAO DE ARAUJO MELO,Gabinete do Prefeito,PREFEITO,34900.0,0.0,0.0,0.0,0.0,0.0
202609,MENSAL,se,ADAO DE CASTRO JUNIOR,Secretaria Municipal de Mobilidade Urbana,SECRETARIO MUNICIPAL,20953.52,0.0,0.0,0.0,0.0,0.0
202609,MENSAL,se,ALEXANDRE AUGUSTO ARAGON,Secretaria Municipal de Segurança,SECRETARIO MUNICIPAL,20953.52,0.0,0.0,0.0,0.0,0.0
202609,MENSAL,se,ANA MARIA PELLINI,Secretaria Municipal da Fazenda,SECRETARIO MUNICIPAL,20953.52,0.0,0.0,0.0,0.0,0.0
202609,MENSAL,se,ANDRE FLORES CORONEL,Secretaria Municipal Geral de Governo,SECRETARIO MUNICIPAL,20953.52,0.0,0.0,0.0,0.0,0.0
202609,MENSAL,se,ANDRE SILVA FLORES,Secretaria Municipal de Obras e Infraestrutura,SECRETARIO MUNICIPAL,20953.52,0.0,0.0,0.0,0.0,0.0
202609,MENSAL,se,ARTUR LORENTZ,Secretaria Municipal de Parcerias,SECRETARIO MUNICIPAL,20953.52,0.0,0.0,0.0,0.0,0.0
202609,MENSAL,se,BRUNO VICENTE BECKER VANUZZI,Gabinete do Prefeito,SECRETARIO MUNICIPAL EXTRAORD GOVERNO ASSUNTOS RELEVANTES,14667.46,0.0,0.0,0.0,0.0,0.0
202609,MENSAL,se,CASSIO DE JESUS TROGILDO,Secretaria Mun de Governança Cidadã e Desenv Rural,SECRETARIO MUNICIPAL,20953.52,0.0,0.0,0.0,0.0,0.0
202609,MENSAL,se,CEZAR AUGUSTO SCHIRMER,Secretaria Mun de Planejamento e Gestão,SECRETARIO MUNICIPAL,20953.52,0.0,0.0,0.0,0.0,0.0
202609,MENSAL,se,DEBORA RIOS GARCIA,Gabinete do Prefeito,SECRETARIO MUNICIPAL EXTRAORD GOVERNO ASSUNTOS RELEVANTES,20953.52,0.0,0.0,0.0,0.0,0.0
202609,MENSAL,se,ELVIO ALBERTO DOS SANTOS,Secretaria Municipal de Administração e Patrimônio,SECRETARIO MUNICIPAL,20953.52,0.0,2793.8,0.0,0.0,0.0
202609,MENSAL,se,GERMANO BREMM,"Secretaria Mun Meio Ambiente, Urban e Sustentab",SECRETARIO MUNICIPAL,20953.52,0.0,0.0,0.0,0.0,0.0
202609,MENSAL,se,JULIANO PASSINI,Secretaria Mun da Inclusão e Desenv Humano,SECRETARIO MUNICIPAL,20953.52,0.0,0.0,0.0,0.0,0.0
202609,MENSAL,se,LEONARDO DUARTE PASCOAL,Secretaria Municipal de Educação,SECRETARIO MUNICIPAL,14667.46,0.0,0.0,0.0,0.0,0.0
202609,MENSAL,se,LILIANA CARDOSO RODRIGUES DOS SANTOS DUARTE,Secretaria Municipal de Cultura,SECRETARIO MUNICIPAL,20953.52,0.0,0.0,0.0,0.0,0.0
202609,MENSAL,se,LUCAS DUARTE SIQUEIRA,Secretaria Municipal de Esporte e Lazer,SECRETARIO MUNICIPAL,20953.52,0.0,0.0,0.0,0.0,0.0
202609,MENSAL,se,MATHEUS DA LUZ XAVIER,Secretaria Municipal de Assistência Social,SECRETARIO MUNICIPAL,20953.52,0.0,0.0,0.0,0.0,0.0
202609,MENSAL,se,MONICA LEAL MARKUSONS,Secretaria Mun Transparência e Controladoria,SECRETARIO MUNICIPAL,20953.52,0.0,0.0,0.0,0.0,0.0
202609,MENSAL,se,SUSANA MARIA KAKUTA,"Secretaria Mun Desenv Econômico, Turismo e Eventos",SECRETARIO MUNICIPAL,20953.52,0.0,0.0,0.0,0.0,0.0
202609,MENSAL,vp,BETINA WORM,Gabinete do Prefeito,VICE-PREFEITO,23428.64,0.0,0.0,0.0,0.0,0.0
