orgao,ano_mes,pessoas,url,lido_em
STM,202501,15,https://dadosjusbr-public.s3.amazonaws.com/stm/datapackage/stm-2025-1.zip,2026-10-02T18:18
STM,202502,15,https://dadosjusbr-public.s3.amazonaws.com/stm/datapackage/stm-2025-2.zip,2026-10-02T18:18
STM,202503,15,https://dadosjusbr-public.s3.amazonaws.com/stm/datapackage/stm-2025-3.zip,2026-10-02T18:18
STM,202504,15,https://dadosjusbr-public.s3.amazonaws.com/stm/datapackage/stm-2025-4.zip,2026-10-02T18:18
STM,202505,14,https://dadosjusbr-public.s3.amazonaws.com/stm/datapackage/stm-2025-5.zip,2026-10-02T18:18
STM,202506,14,https://dadosjusbr-public.s3.amazonaws.com/stm/datapackage/stm-2025-6.zip,2026-10-02T18:18
STM,202507,14,https://dadosjusbr-public.s3.amazonaws.com/stm/datapackage/stm-2025-7.zip,2026-10-02T18:18
STM,202508,14,https://dadosjusbr-public.s3.amazonaws.com/stm/datapackage/stm-2025-8.zip,2026-10-02T18:18
STM,202509,14,https://dadosjusbr-public.s3.amazonaws.com/stm/datapackage/stm-2025-9.zip,2026-10-02T18:18
STM,202510,15,https://dadosjusbr-public.s3.amazonaws.com/stm/datapackage/stm-2025-10.zip,2026-10-02T18:18
STM,202511,14,https://dadosjusbr-public.s3.amazonaws.com/stm/datapackage/stm-2025-11.zip,2026-10-02T18:18
STM,202512,15,https://dadosjusbr-public.s3.amazonaws.com/stm/datapackage/stm-2025-12.zip,2026-10-02T18:18
STM,202602,15,https://dadosjusbr-public.s3.amazonaws.com/stm/datapackage/stm-2026-2.zip,2026-10-02T18:18
STM,202605,15,https://dadosjusbr-public.s3.amazonaws.com/stm/datapackage/stm-2026-5.zip,2026-10-02T18:18
STM,202606,15,https://dadosjusbr-public.s3.amazonaws.com/stm/datapackage/stm-2026-6.zip,2026-10-02T18:18
STM,202607,15,https://dadosjusbr-public.s3.amazonaws.com/stm/datapackage/stm-2026-7.zip,2026-10-02T18:18
STM,202608,15,https://dadosjusbr-public.s3.amazonaws.com/stm/datapackage/stm-2026-8.zip,2026-10-02T18:18
