data,gabinete,cargo,pessoas
07/2026,1,ASSESSOR DE GABINETE,3
07/2026,1,ASSESSOR ESPECIAL DE APOIO PARLAMENTAR,3
07/2026,1,ASSESSOR ESPECIAL DE GABINETE,2
07/2026,1,ASSESSOR ESPECIAL LEGISLATIVO,2
07/2026,1,ASSESSOR ESPECIAL PARLAMENTAR,1
07/2026,1,ASSESSOR PARLAMENTAR,2
07/2026,1,CHEFE DE GABINETE,1
07/2026,1,COORDENADOR ESPECIAL DE GABINETE,2
07/2026,1,COORDENADOR ESPECIAL LEGISLATIVO,2
07/2026,2,ASSESSOR DE GABINETE,3
07/2026,2,ASSESSOR ESPECIAL DE APOIO PARLAMENTAR,3
07/2026,2,ASSESSOR ESPECIAL DE GABINETE,2
07/2026,2,ASSESSOR ESPECIAL LEGISLATIVO,2
07/2026,2,ASSESSOR ESPECIAL PARLAMENTAR,1
07/2026,2,ASSESSOR PARLAMENTAR,2
07/2026,2,CHEFE DE GABINETE,1
07/2026,2,COORDENADOR ESPECIAL DE GABINETE,2
07/2026,2,COORDENADOR ESPECIAL LEGISLATIVO,2
07/2026,2,SERVIDOR CEDIDO À CMSP,1
07/2026,3,ASSESSOR DE GABINETE,3
07/2026,3,ASSESSOR ESPECIAL DE APOIO PARLAMENTAR,4
07/2026,3,ASSESSOR ESPECIAL DE GABINETE,2
07/2026,3,ASSESSOR ESPECIAL LEGISLATIVO,2
07/2026,3,ASSESSOR ESPECIAL PARLAMENTAR,1
07/2026,3,ASSESSOR PARLAMENTAR,2
07/2026,3,CHEFE DE GABINETE,1
07/2026,3,COORDENADOR ESPECIAL DE GABINETE,2
07/2026,3,COORDENADOR ESPECIAL LEGISLATIVO,2
07/2026,3,SERVIDOR CEDIDO À CMSP,1
07/2026,4,ASSESSOR DE GABINETE,3
07/2026,4,ASSESSOR ESPECIAL DE APOIO PARLAMENTAR,4
07/2026,4,ASSESSOR ESPECIAL DE GABINETE,2
07/2026,4,ASSESSOR ESPECIAL LEGISLATIVO,2
07/2026,4,ASSESSOR ESPECIAL PARLAMENTAR,1
07/2026,4,ASSESSOR PARLAMENTAR,3
07/2026,4,CHEFE DE GABINETE,1
07/2026,4,COORDENADOR ESPECIAL DE GABINETE,2
07/2026,4,COORDENADOR ESPECIAL LEGISLATIVO,2
07/2026,4,SERVIDOR CEDIDO À CMSP,2
07/2026,5,ASSESSOR DE GABINETE,2
07/2026,5,ASSESSOR ESPECIAL DE APOIO PARLAMENTAR,3
07/2026,5,ASSESSOR ESPECIAL DE GABINETE,2
07/2026,5,ASSESSOR ESPECIAL LEGISLATIVO,1
07/2026,5,ASSESSOR ESPECIAL PARLAMENTAR,1
07/2026,5,ASSESSOR PARLAMENTAR,2
07/2026,5,CHEFE DE GABINETE,1
07/2026,5,COORDENADOR ESPECIAL DE GABINETE,3
07/2026,5,COORDENADOR ESPECIAL LEGISLATIVO,2
07/2026,5,SERVIDOR CEDIDO À CMSP,1
07/2026,6,ASSESSOR DE GABINETE,2
07/2026,6,ASSESSOR ESPECIAL DE APOIO PARLAMENTAR,3
07/2026,6,ASSESSOR ESPECIAL DE GABINETE,2
07/2026,6,ASSESSOR ESPECIAL LEGISLATIVO,2
07/2026,6,ASSESSOR ESPECIAL PARLAMENTAR,1
07/2026,6,ASSESSOR PARLAMENTAR,2
07/2026,6,CHEFE DE GABINETE,1
07/2026,6,COORDENADOR ESPECIAL DE GABINETE,2
07/2026,6,COORDENADOR ESPECIAL LEGISLATIVO,1
07/2026,6,SERVIDOR CEDIDO À CMSP,2
07/2026,7,ASSESSOR DE GABINETE,3
07/2026,7,ASSESSOR ESPECIAL DE APOIO PARLAMENTAR,3
07/2026,7,ASSESSOR ESPECIAL DE GABINETE,2
07/2026,7,ASSESSOR ESPECIAL LEGISLATIVO,2
07/2026,7,ASSESSOR ESPECIAL PARLAMENTAR,1
07/2026,7,ASSESSOR PARLAMENTAR,2
07/2026,7,CHEFE DE GABINETE,1
07/2026,7,COORDENADOR ESPECIAL DE GABINETE,2
07/2026,7,COORDENADOR ESPECIAL LEGISLATIVO,2
07/2026,7,SERVIDOR CEDIDO À CMSP,2
07/2026,8,ASSESSOR DE GABINETE,2
07/2026,8,ASSESSOR ESPECIAL DE APOIO PARLAMENTAR,3
07/2026,8,ASSESSOR ESPECIAL DE GABINETE,2
07/2026,8,ASSESSOR ESPECIAL LEGISLATIVO,2
07/2026,8,ASSESSOR ESPECIAL PARLAMENTAR,1
07/2026,8,ASSESSOR PARLAMENTAR,2
07/2026,8,CHEFE DE GABINETE,1
07/2026,8,COORDENADOR ESPECIAL DE GABINETE,1
07/2026,8,COORDENADOR ESPECIAL LEGISLATIVO,1
07/2026,9,ASSESSOR DE GABINETE,3
07/2026,9,ASSESSOR ESPECIAL DE APOIO PARLAMENTAR,3
07/2026,9,ASSESSOR ESPECIAL DE GABINETE,2
07/2026,9,ASSESSOR ESPECIAL LEGISLATIVO,2
07/2026,9,ASSESSOR ESPECIAL PARLAMENTAR,1
07/2026,9,ASSESSOR PARLAMENTAR,2
07/2026,9,CHEFE DE GABINETE,1
07/2026,9,COORDENADOR ESPECIAL DE GABINETE,2
07/2026,9,COORDENADOR ESPECIAL LEGISLATIVO,2
07/2026,9,SERVIDOR CEDIDO À CMSP,2
07/2026,10,ASSESSOR DE GABINETE,2
07/2026,10,ASSESSOR ESPECIAL DE APOIO PARLAMENTAR,3
07/2026,10,ASSESSOR ESPECIAL DE GABINETE,2
07/2026,10,ASSESSOR ESPECIAL LEGISLATIVO,2
07/2026,10,ASSESSOR ESPECIAL PARLAMENTAR,1
07/2026,10,ASSESSOR PARLAMENTAR,1
07/2026,10,CHEFE DE GABINETE,2
07/2026,10,COORDENADOR ESPECIAL DE GABINETE,2
07/2026,10,COORDENADOR ESPECIAL LEGISLATIVO,2
07/2026,11,ASSESSOR DE GABINETE,3
07/2026,11,ASSESSOR ESPECIAL DE APOIO PARLAMENTAR,3
07/2026,11,ASSESSOR ESPECIAL DE GABINETE,2
07/2026,11,ASSESSOR ESPECIAL LEGISLATIVO,2
07/2026,11,ASSESSOR ESPECIAL PARLAMENTAR,1
07/2026,11,ASSESSOR PARLAMENTAR,2
07/2026,11,CHEFE DE GABINETE,1
07/2026,11,COORDENADOR ESPECIAL DE GABINETE,2
07/2026,11,COORDENADOR ESPECIAL LEGISLATIVO,2
07/2026,11,SERVIDOR CEDIDO À CMSP,1
07/2026,12,ASSESSOR DE GABINETE,3
07/2026,12,ASSESSOR ESPECIAL DE APOIO PARLAMENTAR,2
07/2026,12,ASSESSOR ESPECIAL DE GABINETE,2
07/2026,12,ASSESSOR ESPECIAL LEGISLATIVO,2
07/2026,12,ASSESSOR ESPECIAL PARLAMENTAR,1
07/2026,12,ASSESSOR PARLAMENTAR,2
07/2026,12,CHEFE DE GABINETE,1
07/2026,12,COORDENADOR ESPECIAL DE GABINETE,2
07/2026,12,COORDENADOR ESPECIAL LEGISLATIVO,2
07/2026,12,SERVIDOR CEDIDO À CMSP,1
07/2026,13,ASSESSOR DE GABINETE,3
07/2026,13,ASSESSOR ESPECIAL DE APOIO PARLAMENTAR,3
07/2026,13,ASSESSOR ESPECIAL DE GABINETE,2
07/2026,13,ASSESSOR ESPECIAL LEGISLATIVO,2
07/2026,13,ASSESSOR ESPECIAL PARLAMENTAR,1
07/2026,13,ASSESSOR PARLAMENTAR,2
07/2026,13,CHEFE DE GABINETE,1
07/2026,13,COORDENADOR ESPECIAL DE GABINETE,2
07/2026,13,COORDENADOR ESPECIAL LEGISLATIVO,2
07/2026,13,SERVIDOR CEDIDO À CMSP,2
07/2026,14,ASSESSOR DE GABINETE,3
07/2026,14,ASSESSOR ESPECIAL DE APOIO PARLAMENTAR,3
07/2026,14,ASSESSOR ESPECIAL DE GABINETE,2
07/2026,14,ASSESSOR ESPECIAL LEGISLATIVO,2
07/2026,14,ASSESSOR ESPECIAL PARLAMENTAR,1
07/2026,14,ASSESSOR PARLAMENTAR,2
07/2026,14,CHEFE DE GABINETE,1
07/2026,14,COORDENADOR ESPECIAL DE GABINETE,2
07/2026,14,COORDENADOR ESPECIAL LEGISLATIVO,2
07/2026,15,ASSESSOR DE GABINETE,1
07/2026,15,ASSESSOR ESPECIAL DE APOIO PARLAMENTAR,3
07/2026,15,ASSESSOR ESPECIAL DE GABINETE,1
07/2026,15,ASSESSOR ESPECIAL LEGISLATIVO,2
07/2026,15,ASSESSOR ESPECIAL PARLAMENTAR,1
07/2026,15,COORDENADOR ESPECIAL DE GABINETE,2
07/2026,15,COORDENADOR ESPECIAL LEGISLATIVO,2
07/2026,15,SERVIDOR CEDIDO À CMSP,1
07/2026,16,ASSESSOR DE GABINETE,3
07/2026,16,ASSESSOR ESPECIAL DE APOIO PARLAMENTAR,3
07/2026,16,ASSESSOR ESPECIAL DE GABINETE,2
07/2026,16,ASSESSOR ESPECIAL LEGISLATIVO,2
07/2026,16,ASSESSOR ESPECIAL PARLAMENTAR,1
07/2026,16,ASSESSOR PARLAMENTAR,2
07/2026,16,CHEFE DE GABINETE,1
07/2026,16,COORDENADOR ESPECIAL DE GABINETE,2
07/2026,16,COORDENADOR ESPECIAL LEGISLATIVO,2
07/2026,16,SERVIDOR CEDIDO À CMSP,2
07/2026,17,ASSESSOR DE GABINETE,3
07/2026,17,ASSESSOR ESPECIAL DE APOIO PARLAMENTAR,3
07/2026,17,ASSESSOR ESPECIAL DE GABINETE,2
07/2026,17,ASSESSOR ESPECIAL LEGISLATIVO,2
07/2026,17,ASSESSOR ESPECIAL PARLAMENTAR,1
07/2026,17,ASSESSOR PARLAMENTAR,2
07/2026,17,CHEFE DE GABINETE,1
07/2026,17,COORDENADOR ESPECIAL DE GABINETE,2
07/2026,17,COORDENADOR ESPECIAL LEGISLATIVO,2
07/2026,17,SERVIDOR CEDIDO À CMSP,1
07/2026,18,ASSESSOR DE GABINETE,2
07/2026,18,ASSESSOR ESPECIAL DE APOIO PARLAMENTAR,3
07/2026,18,ASSESSOR ESPECIAL DE GABINETE,1
07/2026,18,ASSESSOR ESPECIAL LEGISLATIVO,2
07/2026,18,ASSESSOR ESPECIAL PARLAMENTAR,1
07/2026,18,ASSESSOR PARLAMENTAR,2
07/2026,18,CHEFE DE GABINETE,1
07/2026,18,COORDENADOR ESPECIAL DE GABINETE,2
07/2026,18,COORDENADOR ESPECIAL LEGISLATIVO,2
07/2026,19,ASSESSOR DE GABINETE,3
07/2026,19,ASSESSOR ESPECIAL DE APOIO PARLAMENTAR,3
07/2026,19,ASSESSOR ESPECIAL DE GABINETE,2
07/2026,19,ASSESSOR ESPECIAL LEGISLATIVO,2
07/2026,19,ASSESSOR ESPECIAL PARLAMENTAR,1
07/2026,19,ASSESSOR PARLAMENTAR,2
07/2026,19,CHEFE DE GABINETE,1
07/2026,19,COORDENADOR ESPECIAL DE GABINETE,2
07/2026,19,COORDENADOR ESPECIAL LEGISLATIVO,2
07/2026,20,ASSESSOR DE GABINETE,3
07/2026,20,ASSESSOR ESPECIAL DE APOIO PARLAMENTAR,3
07/2026,20,ASSESSOR ESPECIAL DE GABINETE,2
07/2026,20,ASSESSOR ESPECIAL LEGISLATIVO,2
07/2026,20,ASSESSOR ESPECIAL PARLAMENTAR,1
07/2026,20,ASSESSOR PARLAMENTAR,2
07/2026,20,CHEFE DE GABINETE,1
07/2026,20,COORDENADOR ESPECIAL DE GABINETE,2
07/2026,20,COORDENADOR ESPECIAL LEGISLATIVO,2
07/2026,20,SERVIDOR CEDIDO À CMSP,1
07/2026,21,ASSESSOR DE GABINETE,4
07/2026,21,ASSESSOR ESPECIAL DE APOIO PARLAMENTAR,3
07/2026,21,ASSESSOR ESPECIAL DE GABINETE,2
07/2026,21,ASSESSOR ESPECIAL LEGISLATIVO,2
07/2026,21,ASSESSOR ESPECIAL PARLAMENTAR,1
07/2026,21,ASSESSOR PARLAMENTAR,2
07/2026,21,CHEFE DE GABINETE,1
07/2026,21,COORDENADOR ESPECIAL DE GABINETE,2
07/2026,21,COORDENADOR ESPECIAL LEGISLATIVO,2
07/2026,21,SERVIDOR CEDIDO À CMSP,1
07/2026,22,ASSESSOR DE GABINETE,3
07/2026,22,ASSESSOR ESPECIAL DE APOIO PARLAMENTAR,3
07/2026,22,ASSESSOR ESPECIAL DE GABINETE,2
07/2026,22,ASSESSOR ESPECIAL LEGISLATIVO,2
07/2026,22,ASSESSOR PARLAMENTAR,2
07/2026,22,CHEFE DE GABINETE,1
07/2026,22,COORDENADOR ESPECIAL DE GABINETE,2
07/2026,22,COORDENADOR ESPECIAL LEGISLATIVO,2
07/2026,23,ASSESSOR DE GABINETE,3
07/2026,23,ASSESSOR ESPECIAL DE APOIO PARLAMENTAR,3
07/2026,23,ASSESSOR ESPECIAL DE GABINETE,2
07/2026,23,ASSESSOR ESPECIAL LEGISLATIVO,2
07/2026,23,ASSESSOR ESPECIAL PARLAMENTAR,1
07/2026,23,ASSESSOR PARLAMENTAR,2
07/2026,23,CHEFE DE GABINETE,1
07/2026,23,COORDENADOR ESPECIAL DE GABINETE,2
07/2026,23,COORDENADOR ESPECIAL LEGISLATIVO,2
07/2026,24,ASSESSOR DE GABINETE,2
07/2026,24,ASSESSOR ESPECIAL DE APOIO PARLAMENTAR,3
07/2026,24,ASSESSOR ESPECIAL DE GABINETE,2
07/2026,24,ASSESSOR ESPECIAL LEGISLATIVO,2
07/2026,24,ASSESSOR ESPECIAL PARLAMENTAR,1
07/2026,24,ASSESSOR PARLAMENTAR,2
07/2026,24,CHEFE DE GABINETE,1
07/2026,24,COORDENADOR ESPECIAL DE GABINETE,2
07/2026,24,COORDENADOR ESPECIAL LEGISLATIVO,2
07/2026,24,SERVIDOR CEDIDO À CMSP,1
07/2026,25,ASSESSOR DE GABINETE,3
07/2026,25,ASSESSOR ESPECIAL DE APOIO PARLAMENTAR,3
07/2026,25,ASSESSOR ESPECIAL DE GABINETE,1
07/2026,25,ASSESSOR ESPECIAL LEGISLATIVO,2
07/2026,25,ASSESSOR ESPECIAL PARLAMENTAR,1
07/2026,25,ASSESSOR PARLAMENTAR,2
07/2026,25,CHEFE DE GABINETE,1
07/2026,25,COORDENADOR ESPECIAL DE GABINETE,2
07/2026,25,COORDENADOR ESPECIAL LEGISLATIVO,2
07/2026,26,ASSESSOR DE GABINETE,2
07/2026,26,ASSESSOR ESPECIAL DE APOIO PARLAMENTAR,3
07/2026,26,ASSESSOR ESPECIAL DE GABINETE,2
07/2026,26,ASSESSOR ESPECIAL LEGISLATIVO,2
07/2026,26,ASSESSOR ESPECIAL PARLAMENTAR,1
07/2026,26,ASSESSOR PARLAMENTAR,2
07/2026,26,CHEFE DE GABINETE,1
07/2026,26,COORDENADOR ESPECIAL DE GABINETE,2
07/2026,26,COORDENADOR ESPECIAL LEGISLATIVO,2
07/2026,26,SERVIDOR CEDIDO À CMSP,2
07/2026,27,ASSESSOR DE GABINETE,3
07/2026,27,ASSESSOR ESPECIAL DE APOIO PARLAMENTAR,3
07/2026,27,ASSESSOR ESPECIAL DE GABINETE,2
07/2026,27,ASSESSOR ESPECIAL LEGISLATIVO,2
07/2026,27,ASSESSOR ESPECIAL PARLAMENTAR,1
07/2026,27,ASSESSOR PARLAMENTAR,2
07/2026,27,CHEFE DE GABINETE,1
07/2026,27,COORDENADOR ESPECIAL DE GABINETE,2
07/2026,27,COORDENADOR ESPECIAL LEGISLATIVO,2
07/2026,27,SERVIDOR CEDIDO À CMSP,1
07/2026,28,ASSESSOR DE GABINETE,3
07/2026,28,ASSESSOR ESPECIAL DE APOIO PARLAMENTAR,3
07/2026,28,ASSESSOR ESPECIAL DE GABINETE,2
07/2026,28,ASSESSOR ESPECIAL LEGISLATIVO,2
07/2026,28,ASSESSOR ESPECIAL PARLAMENTAR,1
07/2026,28,ASSESSOR PARLAMENTAR,2
07/2026,28,CHEFE DE GABINETE,1
07/2026,28,COORDENADOR ESPECIAL DE GABINETE,2
07/2026,28,COORDENADOR ESPECIAL LEGISLATIVO,2
07/2026,28,SERVIDOR CEDIDO À CMSP,2
07/2026,29,ASSESSOR ESPECIAL DE GABINETE,1
07/2026,29,ASSESSOR ESPECIAL PARLAMENTAR,1
07/2026,29,ASSESSOR PARLAMENTAR,2
07/2026,29,COORDENADOR ESPECIAL DE GABINETE,2
07/2026,29,COORDENADOR ESPECIAL LEGISLATIVO,2
07/2026,30,ASSESSOR DE GABINETE,3
07/2026,30,ASSESSOR ESPECIAL DE APOIO PARLAMENTAR,3
07/2026,30,ASSESSOR ESPECIAL DE GABINETE,2
07/2026,30,ASSESSOR ESPECIAL LEGISLATIVO,1
07/2026,30,ASSESSOR ESPECIAL PARLAMENTAR,1
07/2026,30,ASSESSOR PARLAMENTAR,2
07/2026,30,CHEFE DE GABINETE,1
07/2026,30,COORDENADOR ESPECIAL DE GABINETE,2
07/2026,30,COORDENADOR ESPECIAL LEGISLATIVO,2
07/2026,31,ASSESSOR DE GABINETE,2
07/2026,31,ASSESSOR ESPECIAL DE APOIO PARLAMENTAR,3
07/2026,31,ASSESSOR ESPECIAL DE GABINETE,2
07/2026,31,ASSESSOR ESPECIAL LEGISLATIVO,2
07/2026,31,ASSESSOR ESPECIAL PARLAMENTAR,1
07/2026,31,ASSESSOR PARLAMENTAR,2
07/2026,31,CHEFE DE GABINETE,1
07/2026,31,COORDENADOR ESPECIAL DE GABINETE,2
07/2026,31,COORDENADOR ESPECIAL LEGISLATIVO,2
07/2026,31,SERVIDOR CEDIDO À CMSP,1
07/2026,32,ASSESSOR DE GABINETE,3
07/2026,32,ASSESSOR ESPECIAL DE APOIO PARLAMENTAR,3
07/2026,32,ASSESSOR ESPECIAL DE GABINETE,2
07/2026,32,ASSESSOR ESPECIAL LEGISLATIVO,2
07/2026,32,ASSESSOR ESPECIAL PARLAMENTAR,1
07/2026,32,ASSESSOR PARLAMENTAR,2
07/2026,32,CHEFE DE GABINETE,1
07/2026,32,COORDENADOR ESPECIAL DE GABINETE,2
07/2026,32,COORDENADOR ESPECIAL LEGISLATIVO,2
07/2026,32,SERVIDOR CEDIDO À CMSP,2
07/2026,33,ASSESSOR DE GABINETE,2
07/2026,33,ASSESSOR ESPECIAL DE APOIO PARLAMENTAR,3
07/2026,33,ASSESSOR ESPECIAL DE GABINETE,2
07/2026,33,ASSESSOR ESPECIAL LEGISLATIVO,2
07/2026,33,ASSESSOR ESPECIAL PARLAMENTAR,1
07/2026,33,ASSESSOR PARLAMENTAR,2
07/2026,33,CHEFE DE GABINETE,1
07/2026,33,COORDENADOR ESPECIAL DE GABINETE,2
07/2026,33,COORDENADOR ESPECIAL LEGISLATIVO,2
07/2026,33,SERVIDOR CEDIDO À CMSP,1
07/2026,34,ASSESSOR DE GABINETE,3
07/2026,34,ASSESSOR ESPECIAL DE APOIO PARLAMENTAR,3
07/2026,34,ASSESSOR ESPECIAL DE GABINETE,2
07/2026,34,ASSESSOR ESPECIAL LEGISLATIVO,2
07/2026,34,ASSESSOR ESPECIAL PARLAMENTAR,1
07/2026,34,ASSESSOR PARLAMENTAR,2
07/2026,34,CHEFE DE GABINETE,1
07/2026,34,COORDENADOR ESPECIAL DE GABINETE,2
07/2026,34,COORDENADOR ESPECIAL LEGISLATIVO,2
07/2026,34,SERVIDOR CEDIDO À CMSP,1
07/2026,35,ASSESSOR DE GABINETE,3
07/2026,35,ASSESSOR ESPECIAL DE APOIO PARLAMENTAR,3
07/2026,35,ASSESSOR ESPECIAL DE GABINETE,3
07/2026,35,ASSESSOR ESPECIAL LEGISLATIVO,3
07/2026,35,ASSESSOR ESPECIAL PARLAMENTAR,1
07/2026,35,ASSESSOR PARLAMENTAR,2
07/2026,35,CHEFE DE GABINETE,1
07/2026,35,COORDENADOR ESPECIAL DE GABINETE,2
07/2026,35,COORDENADOR ESPECIAL LEGISLATIVO,2
07/2026,36,ASSESSOR DE GABINETE,3
07/2026,36,ASSESSOR ESPECIAL DE APOIO PARLAMENTAR,3
07/2026,36,ASSESSOR ESPECIAL DE GABINETE,2
07/2026,36,ASSESSOR ESPECIAL LEGISLATIVO,2
07/2026,36,ASSESSOR ESPECIAL PARLAMENTAR,1
07/2026,36,ASSESSOR PARLAMENTAR,2
07/2026,36,CHEFE DE GABINETE,1
07/2026,36,COORDENADOR ESPECIAL DE GABINETE,2
07/2026,36,COORDENADOR ESPECIAL LEGISLATIVO,2
07/2026,36,SERVIDOR CEDIDO À CMSP,2
07/2026,37,ASSESSOR DE GABINETE,3
07/2026,37,ASSESSOR ESPECIAL DE APOIO PARLAMENTAR,2
07/2026,37,ASSESSOR ESPECIAL DE GABINETE,2
07/2026,37,ASSESSOR ESPECIAL LEGISLATIVO,2
07/2026,37,ASSESSOR ESPECIAL PARLAMENTAR,1
07/2026,37,ASSESSOR PARLAMENTAR,2
07/2026,37,CHEFE DE GABINETE,1
07/2026,37,COORDENADOR ESPECIAL DE GABINETE,2
07/2026,37,COORDENADOR ESPECIAL LEGISLATIVO,2
07/2026,37,SERVIDOR CEDIDO À CMSP,1
07/2026,38,ASSESSOR DE GABINETE,3
07/2026,38,ASSESSOR ESPECIAL DE APOIO PARLAMENTAR,3
07/2026,38,ASSESSOR ESPECIAL DE GABINETE,2
07/2026,38,ASSESSOR ESPECIAL LEGISLATIVO,3
07/2026,38,ASSESSOR ESPECIAL PARLAMENTAR,1
07/2026,38,ASSESSOR PARLAMENTAR,2
07/2026,38,CHEFE DE GABINETE,1
07/2026,38,COORDENADOR ESPECIAL DE GABINETE,2
07/2026,38,COORDENADOR ESPECIAL LEGISLATIVO,2
07/2026,38,SERVIDOR CEDIDO À CMSP,2
07/2026,39,ASSESSOR DE GABINETE,3
07/2026,39,ASSESSOR ESPECIAL DE APOIO PARLAMENTAR,3
07/2026,39,ASSESSOR ESPECIAL DE GABINETE,2
07/2026,39,ASSESSOR ESPECIAL LEGISLATIVO,2
07/2026,39,ASSESSOR ESPECIAL PARLAMENTAR,1
07/2026,39,ASSESSOR PARLAMENTAR,2
07/2026,39,CHEFE DE GABINETE,1
07/2026,39,COORDENADOR ESPECIAL DE GABINETE,2
07/2026,39,COORDENADOR ESPECIAL LEGISLATIVO,2
07/2026,39,SERVIDOR CEDIDO À CMSP,2
07/2026,40,ASSESSOR DE GABINETE,2
07/2026,40,ASSESSOR ESPECIAL DE APOIO PARLAMENTAR,3
07/2026,40,ASSESSOR ESPECIAL DE GABINETE,2
07/2026,40,ASSESSOR ESPECIAL LEGISLATIVO,2
07/2026,40,ASSESSOR ESPECIAL PARLAMENTAR,1
07/2026,40,ASSESSOR PARLAMENTAR,2
07/2026,40,CHEFE DE GABINETE,1
07/2026,40,COORDENADOR ESPECIAL DE GABINETE,2
07/2026,40,COORDENADOR ESPECIAL LEGISLATIVO,2
07/2026,40,SERVIDOR CEDIDO À CMSP,2
07/2026,41,ASSESSOR DE GABINETE,3
07/2026,41,ASSESSOR ESPECIAL DE APOIO PARLAMENTAR,3
07/2026,41,ASSESSOR ESPECIAL DE GABINETE,2
07/2026,41,ASSESSOR ESPECIAL LEGISLATIVO,2
07/2026,41,ASSESSOR ESPECIAL PARLAMENTAR,1
07/2026,41,ASSESSOR PARLAMENTAR,3
07/2026,41,CHEFE DE GABINETE,1
07/2026,41,COORDENADOR ESPECIAL DE GABINETE,2
07/2026,41,COORDENADOR ESPECIAL LEGISLATIVO,2
07/2026,41,SERVIDOR CEDIDO À CMSP,1
07/2026,42,ASSESSOR DE GABINETE,3
07/2026,42,ASSESSOR ESPECIAL DE APOIO PARLAMENTAR,3
07/2026,42,ASSESSOR ESPECIAL DE GABINETE,2
07/2026,42,ASSESSOR ESPECIAL LEGISLATIVO,2
07/2026,42,ASSESSOR ESPECIAL PARLAMENTAR,1
07/2026,42,ASSESSOR PARLAMENTAR,2
07/2026,42,CHEFE DE GABINETE,1
07/2026,42,COORDENADOR ESPECIAL DE GABINETE,1
07/2026,42,COORDENADOR ESPECIAL LEGISLATIVO,2
07/2026,43,ASSESSOR DE GABINETE,3
07/2026,43,ASSESSOR ESPECIAL DE APOIO PARLAMENTAR,3
07/2026,43,ASSESSOR ESPECIAL DE GABINETE,2
07/2026,43,ASSESSOR ESPECIAL LEGISLATIVO,2
07/2026,43,ASSESSOR ESPECIAL PARLAMENTAR,1
07/2026,43,ASSESSOR PARLAMENTAR,2
07/2026,43,CHEFE DE GABINETE,1
07/2026,43,COORDENADOR ESPECIAL DE GABINETE,2
07/2026,43,COORDENADOR ESPECIAL LEGISLATIVO,2
07/2026,43,SERVIDOR CEDIDO À CMSP,2
07/2026,44,ASSESSOR DE GABINETE,3
07/2026,44,ASSESSOR ESPECIAL DE APOIO PARLAMENTAR,4
07/2026,44,ASSESSOR ESPECIAL DE GABINETE,2
07/2026,44,ASSESSOR ESPECIAL LEGISLATIVO,2
07/2026,44,ASSESSOR ESPECIAL PARLAMENTAR,1
07/2026,44,ASSESSOR PARLAMENTAR,2
07/2026,44,CHEFE DE GABINETE,1
07/2026,44,COORDENADOR ESPECIAL DE GABINETE,2
07/2026,44,COORDENADOR ESPECIAL LEGISLATIVO,2
07/2026,44,SERVIDOR CEDIDO À CMSP,2
07/2026,45,ASSESSOR DE GABINETE,3
07/2026,45,ASSESSOR ESPECIAL DE APOIO PARLAMENTAR,3
07/2026,45,ASSESSOR ESPECIAL DE GABINETE,2
07/2026,45,ASSESSOR ESPECIAL LEGISLATIVO,2
07/2026,45,ASSESSOR ESPECIAL PARLAMENTAR,1
07/2026,45,ASSESSOR PARLAMENTAR,2
07/2026,45,CHEFE DE GABINETE,1
07/2026,45,COORDENADOR ESPECIAL DE GABINETE,2
07/2026,45,COORDENADOR ESPECIAL LEGISLATIVO,2
07/2026,45,SERVIDOR CEDIDO À CMSP,1
07/2026,46,ASSESSOR DE GABINETE,3
07/2026,46,ASSESSOR ESPECIAL DE APOIO PARLAMENTAR,3
07/2026,46,ASSESSOR ESPECIAL DE GABINETE,2
07/2026,46,ASSESSOR ESPECIAL LEGISLATIVO,2
07/2026,46,ASSESSOR ESPECIAL PARLAMENTAR,1
07/2026,46,ASSESSOR PARLAMENTAR,2
07/2026,46,CHEFE DE GABINETE,1
07/2026,46,COORDENADOR ESPECIAL DE GABINETE,2
07/2026,46,COORDENADOR ESPECIAL LEGISLATIVO,2
07/2026,46,SERVIDOR CEDIDO À CMSP,1
07/2026,47,ASSESSOR DE GABINETE,3
07/2026,47,ASSESSOR ESPECIAL DE APOIO PARLAMENTAR,3
07/2026,47,ASSESSOR ESPECIAL DE GABINETE,2
07/2026,47,ASSESSOR ESPECIAL LEGISLATIVO,2
07/2026,47,ASSESSOR ESPECIAL PARLAMENTAR,1
07/2026,47,ASSESSOR PARLAMENTAR,2
07/2026,47,CHEFE DE GABINETE,1
07/2026,47,COORDENADOR ESPECIAL DE GABINETE,2
07/2026,47,COORDENADOR ESPECIAL LEGISLATIVO,2
07/2026,47,SERVIDOR CEDIDO À CMSP,2
07/2026,48,ASSESSOR DE GABINETE,3
07/2026,48,ASSESSOR ESPECIAL DE APOIO PARLAMENTAR,3
07/2026,48,ASSESSOR ESPECIAL DE GABINETE,2
07/2026,48,ASSESSOR ESPECIAL LEGISLATIVO,2
07/2026,48,ASSESSOR ESPECIAL PARLAMENTAR,1
07/2026,48,ASSESSOR PARLAMENTAR,2
07/2026,48,CHEFE DE GABINETE,1
07/2026,48,COORDENADOR ESPECIAL DE GABINETE,2
07/2026,48,COORDENADOR ESPECIAL LEGISLATIVO,2
07/2026,48,SERVIDOR CEDIDO À CMSP,1
07/2026,49,ASSESSOR DE GABINETE,3
07/2026,49,ASSESSOR ESPECIAL DE APOIO PARLAMENTAR,4
07/2026,49,ASSESSOR ESPECIAL DE GABINETE,2
07/2026,49,ASSESSOR ESPECIAL LEGISLATIVO,2
07/2026,49,ASSESSOR ESPECIAL PARLAMENTAR,1
07/2026,49,ASSESSOR PARLAMENTAR,2
07/2026,49,CHEFE DE GABINETE,1
07/2026,49,COORDENADOR ESPECIAL DE GABINETE,2
07/2026,49,COORDENADOR ESPECIAL LEGISLATIVO,2
07/2026,49,SERVIDOR CEDIDO À CMSP,1
07/2026,50,ASSESSOR DE GABINETE,3
07/2026,50,ASSESSOR ESPECIAL DE APOIO PARLAMENTAR,3
07/2026,50,ASSESSOR ESPECIAL DE GABINETE,2
07/2026,50,ASSESSOR ESPECIAL LEGISLATIVO,2
07/2026,50,ASSESSOR ESPECIAL PARLAMENTAR,1
07/2026,50,ASSESSOR PARLAMENTAR,2
07/2026,50,CHEFE DE GABINETE,1
07/2026,50,COORDENADOR ESPECIAL DE GABINETE,2
07/2026,50,COORDENADOR ESPECIAL LEGISLATIVO,2
07/2026,50,SERVIDOR CEDIDO À CMSP,1
07/2026,51,ASSESSOR DE GABINETE,3
07/2026,51,ASSESSOR ESPECIAL DE APOIO PARLAMENTAR,4
07/2026,51,ASSESSOR ESPECIAL DE GABINETE,3
07/2026,51,ASSESSOR ESPECIAL LEGISLATIVO,2
07/2026,51,ASSESSOR ESPECIAL PARLAMENTAR,1
07/2026,51,ASSESSOR PARLAMENTAR,3
07/2026,51,CHEFE DE GABINETE,1
07/2026,51,COORDENADOR ESPECIAL DE GABINETE,2
07/2026,51,COORDENADOR ESPECIAL LEGISLATIVO,2
07/2026,52,ASSESSOR DE GABINETE,3
07/2026,52,ASSESSOR ESPECIAL DE APOIO PARLAMENTAR,3
07/2026,52,ASSESSOR ESPECIAL DE GABINETE,2
07/2026,52,ASSESSOR ESPECIAL LEGISLATIVO,2
07/2026,52,ASSESSOR ESPECIAL PARLAMENTAR,1
07/2026,52,ASSESSOR PARLAMENTAR,2
07/2026,52,CHEFE DE GABINETE,1
07/2026,52,COORDENADOR ESPECIAL DE GABINETE,2
07/2026,52,COORDENADOR ESPECIAL LEGISLATIVO,2
07/2026,52,SERVIDOR CEDIDO À CMSP,1
07/2026,53,ASSESSOR DE GABINETE,3
07/2026,53,ASSESSOR ESPECIAL DE APOIO PARLAMENTAR,3
07/2026,53,ASSESSOR ESPECIAL DE GABINETE,2
07/2026,53,ASSESSOR ESPECIAL LEGISLATIVO,2
07/2026,53,ASSESSOR ESPECIAL PARLAMENTAR,1
07/2026,53,ASSESSOR PARLAMENTAR,2
07/2026,53,CHEFE DE GABINETE,1
07/2026,53,COORDENADOR ESPECIAL DE GABINETE,2
07/2026,53,COORDENADOR ESPECIAL LEGISLATIVO,2
07/2026,53,SERVIDOR CEDIDO À CMSP,2
07/2026,54,ASSESSOR DE GABINETE,3
07/2026,54,ASSESSOR ESPECIAL DE APOIO PARLAMENTAR,4
07/2026,54,ASSESSOR ESPECIAL DE GABINETE,2
07/2026,54,ASSESSOR ESPECIAL LEGISLATIVO,2
07/2026,54,ASSESSOR ESPECIAL PARLAMENTAR,1
07/2026,54,ASSESSOR PARLAMENTAR,2
07/2026,54,CHEFE DE GABINETE,1
07/2026,54,COORDENADOR ESPECIAL DE GABINETE,2
07/2026,54,COORDENADOR ESPECIAL LEGISLATIVO,2
07/2026,54,SERVIDOR CEDIDO À CMSP,2
07/2026,55,ASSESSOR DE GABINETE,3
07/2026,55,ASSESSOR ESPECIAL DE APOIO PARLAMENTAR,3
07/2026,55,ASSESSOR ESPECIAL DE GABINETE,2
07/2026,55,ASSESSOR ESPECIAL LEGISLATIVO,2
07/2026,55,ASSESSOR ESPECIAL PARLAMENTAR,2
07/2026,55,ASSESSOR PARLAMENTAR,2
07/2026,55,CHEFE DE GABINETE,1
07/2026,55,COORDENADOR ESPECIAL DE GABINETE,2
07/2026,55,COORDENADOR ESPECIAL LEGISLATIVO,2
