id;ano;total;presente;ausencia_com_motivo;ausencia;outra
dep-100689;2023;8;8;0;0;0
dep-100689;2024;18;18;0;0;0
dep-103758;2023;94;83;8;3;0
dep-103758;2024;63;57;3;3;0
dep-104552;2023;114;110;4;0;0
dep-104552;2024;86;83;2;1;0
dep-104552;2025;118;118;0;0;0
dep-104552;2026;68;68;0;0;0
dep-107283;2023;114;88;26;0;0
dep-107283;2024;86;73;13;0;0
dep-107283;2025;13;13;0;0;0
dep-107283;2026;47;44;3;0;0
dep-107970;2023;114;106;5;3;0
dep-107970;2024;86;80;6;0;0
dep-107970;2025;118;102;15;1;0
dep-107970;2026;68;62;6;0;0
dep-109429;2023;114;114;0;0;0
dep-109429;2024;86;86;0;0;0
dep-109429;2025;118;117;0;1;0
dep-109429;2026;68;68;0;0;0
dep-115200;2024;25;25;0;0;0
dep-115200;2026;20;20;0;0;0
dep-116379;2023;55;53;0;2;0
dep-116379;2024;57;53;1;3;0
dep-121948;2023;114;109;5;0;0
dep-121948;2024;86;81;3;2;0
dep-121948;2025;118;116;2;0;0
dep-121948;2026;68;68;0;0;0
dep-122158;2023;114;96;8;10;0
dep-122158;2024;86;80;6;0;0
dep-122158;2025;118;102;10;6;0
dep-122158;2026;68;63;4;1;0
dep-122195;2024;25;25;0;0;0
dep-122195;2026;9;9;0;0;0
dep-122974;2023;114;105;4;5;0
dep-122974;2024;86;81;0;5;0
dep-122974;2025;118;105;13;0;0
dep-122974;2026;68;64;4;0;0
dep-123086;2023;114;111;2;1;0
dep-123086;2024;86;83;2;1;0
dep-123086;2025;118;111;2;5;0
dep-123086;2026;68;67;0;1;0
dep-123756;2023;114;84;6;24;0
dep-123756;2024;86;78;0;8;0
dep-123756;2025;118;108;0;10;0
dep-123756;2026;68;68;0;0;0
dep-128760;2023;11;11;0;0;0
dep-128760;2024;16;14;1;1;0
dep-128760;2026;50;44;0;6;0
dep-129618;2026;31;25;5;1;0
dep-132504;2023;14;12;0;2;0
dep-133439;2023;114;114;0;0;0
dep-133439;2024;86;86;0;0;0
dep-133439;2025;118;116;2;0;0
dep-133439;2026;68;68;0;0;0
dep-133810;2023;114;102;11;1;0
dep-133810;2024;86;73;12;1;0
dep-133810;2025;118;110;5;3;0
dep-133810;2026;68;67;1;0;0
dep-136811;2023;114;101;13;0;0
dep-136811;2024;86;79;7;0;0
dep-136811;2025;118;112;5;1;0
dep-136811;2026;68;67;0;1;0
dep-137070;2023;114;97;2;15;0
dep-137070;2024;54;46;0;8;0
dep-137070;2025;118;97;17;4;0
dep-137070;2026;68;60;0;8;0
dep-138286;2023;82;73;8;1;0
dep-138286;2024;50;45;4;1;0
dep-138286;2025;118;99;18;1;0
dep-138286;2026;21;21;0;0;0
dep-139285;2023;114;108;5;1;0
dep-139285;2024;86;82;2;2;0
dep-139285;2025;118;107;8;3;0
dep-139285;2026;68;65;1;2;0
dep-141391;2023;114;108;4;2;0
dep-141391;2024;86;83;3;0;0
dep-141391;2025;118;114;4;0;0
dep-141391;2026;68;61;5;2;0
dep-141398;2023;114;113;1;0;0
dep-141398;2024;86;83;2;1;0
dep-141398;2025;118;114;4;0;0
dep-141398;2026;68;68;0;0;0
dep-141408;2023;114;105;9;0;0
dep-141408;2024;86;80;5;1;0
dep-141408;2025;118;107;9;2;0
dep-141408;2026;68;67;0;1;0
dep-141411;2023;114;110;4;0;0
dep-141411;2024;86;78;8;0;0
dep-141411;2025;118;111;6;1;0
dep-141411;2026;68;65;3;0;0
dep-141421;2023;114;104;10;0;0
dep-141421;2024;86;75;10;1;0
dep-141421;2025;118;110;7;1;0
dep-141421;2026;68;66;0;2;0
dep-141431;2023;114;109;0;5;0
dep-141431;2024;86;80;2;4;0
dep-141431;2025;118;116;0;2;0
dep-141431;2026;68;67;0;1;0
dep-141450;2023;45;32;8;5;0
dep-141450;2024;86;86;0;0;0
dep-141450;2025;118;117;0;1;0
dep-141450;2026;68;61;0;7;0
dep-141456;2023;114;112;1;1;0
dep-141456;2024;86;85;1;0;0
dep-141456;2025;118;118;0;0;0
dep-141456;2026;68;68;0;0;0
dep-141458;2023;114;103;9;2;0
dep-141458;2024;86;83;3;0;0
dep-141458;2025;118;96;22;0;0
dep-141458;2026;68;59;7;2;0
dep-141459;2023;114;106;8;0;0
dep-141459;2024;86;78;6;2;0
dep-141459;2025;118;110;8;0;0
dep-141459;2026;68;68;0;0;0
dep-141464;2023;114;107;7;0;0
dep-141464;2024;86;83;3;0;0
dep-141464;2025;118;114;4;0;0
dep-141464;2026;68;64;2;2;0
dep-141470;2023;114;104;10;0;0
dep-141470;2024;86;84;2;0;0
dep-141470;2025;118;112;6;0;0
dep-141470;2026;24;23;1;0;0
dep-141480;2023;114;106;7;1;0
dep-141480;2024;86;85;1;0;0
dep-141480;2025;65;65;0;0;0
dep-141485;2023;114;105;6;3;0
dep-141485;2024;86;68;16;2;0
dep-141485;2025;118;115;3;0;0
dep-141485;2026;68;68;0;0;0
dep-141487;2023;114;109;1;4;0
dep-141487;2024;86;80;2;4;0
dep-141487;2025;118;113;2;3;0
dep-141487;2026;68;62;0;6;0
dep-141488;2023;2;2;0;0;0
dep-141488;2025;1;1;0;0;0
dep-141488;2026;47;46;0;1;0
dep-141516;2023;114;101;1;12;0
dep-141516;2024;86;73;7;6;0
dep-141516;2025;118;111;2;5;0
dep-141516;2026;68;65;2;1;0
dep-141518;2023;13;12;0;1;0
dep-141518;2024;56;47;5;4;0
dep-141518;2025;118;99;19;0;0
dep-141518;2026;68;51;17;0;0
dep-141531;2023;114;107;6;1;0
dep-141531;2024;86;81;2;3;0
dep-141531;2025;118;106;11;1;0
dep-141531;2026;68;68;0;0;0
dep-141533;2025;53;53;0;0;0
dep-141533;2026;68;68;0;0;0
dep-141555;2023;114;76;37;1;0
dep-141555;2024;86;65;19;2;0
dep-141555;2025;118;101;17;0;0
dep-141555;2026;68;63;3;2;0
dep-143084;2025;53;53;0;0;0
dep-143084;2026;68;67;0;1;0
dep-143632;2023;114;81;33;0;0
dep-143632;2024;86;64;22;0;0
dep-143632;2025;118;94;13;11;0
dep-143632;2026;68;66;0;2;0
dep-143942;2023;65;62;1;2;0
dep-143942;2024;16;16;0;0;0
dep-143942;2025;103;94;3;6;0
dep-143942;2026;21;20;0;1;0
dep-150418;2023;114;103;11;0;0
dep-150418;2024;86;82;2;2;0
dep-150418;2025;118;112;5;1;0
dep-150418;2026;68;64;3;1;0
dep-152605;2023;114;108;6;0;0
dep-152605;2024;86;80;5;1;0
dep-152605;2025;114;109;0;5;0
dep-152605;2026;16;16;0;0;0
dep-153423;2023;114;88;16;10;0
dep-153423;2024;86;73;3;10;0
dep-153423;2025;118;97;13;8;0
dep-153423;2026;68;65;2;1;0
dep-154178;2023;53;46;5;2;0
dep-154178;2026;47;46;0;1;0
dep-154700;2026;16;16;0;0;0
dep-156190;2023;114;113;1;0;0
dep-156190;2024;86;86;0;0;0
dep-156190;2025;118;118;0;0;0
dep-156190;2026;68;68;0;0;0
dep-157130;2023;114;102;12;0;0
dep-157130;2024;86;78;8;0;0
dep-157130;2025;118;110;7;1;0
dep-157130;2026;68;66;2;0;0
dep-160161;2023;114;108;6;0;0
dep-160161;2024;86;82;4;0;0
dep-160161;2025;77;69;7;1;0
dep-160161;2026;63;61;0;2;0
dep-160508;2023;10;5;1;4;0
dep-160508;2024;4;2;0;2;0
dep-160508;2025;2;2;0;0;0
dep-160508;2026;47;47;0;0;0
dep-160510;2023;114;79;35;0;0
dep-160510;2024;86;60;26;0;0
dep-160510;2025;118;79;39;0;0
dep-160510;2026;28;19;9;0;0
dep-160512;2023;114;105;9;0;0
dep-160512;2024;86;80;6;0;0
dep-160512;2025;118;112;6;0;0
dep-160512;2026;68;62;6;0;0
dep-160517;2023;114;86;27;1;0
dep-160517;2024;86;61;24;1;0
dep-160517;2025;118;96;22;0;0
dep-160517;2026;68;65;3;0;0
dep-160518;2023;114;108;5;1;0
dep-160518;2024;86;83;2;1;0
dep-160518;2025;118;117;1;0;0
dep-160518;2026;68;68;0;0;0
dep-160527;2023;114;97;16;1;0
dep-160527;2024;86;79;7;0;0
dep-160527;2025;118;104;14;0;0
dep-160527;2026;68;54;14;0;0
dep-160531;2023;12;10;0;2;0
dep-160535;2023;114;104;7;3;0
dep-160535;2024;86;77;5;4;0
dep-160535;2025;118;115;3;0;0
dep-160535;2026;68;67;0;1;0
dep-160538;2023;114;112;2;0;0
dep-160538;2024;86;85;1;0;0
dep-160538;2025;118;117;0;1;0
dep-160538;2026;68;68;0;0;0
dep-160541;2023;114;102;12;0;0
dep-160541;2024;86;84;2;0;0
dep-160541;2025;118;27;91;0;0
dep-160541;2026;68;7;61;0;0
dep-160545;2023;114;104;5;5;0
dep-160545;2024;86;84;2;0;0
dep-160545;2025;12;5;4;3;0
dep-160545;2026;54;53;0;1;0
dep-160548;2023;114;114;0;0;0
dep-160548;2024;86;83;3;0;0
dep-160548;2025;118;118;0;0;0
dep-160548;2026;68;68;0;0;0
dep-160552;2023;20;17;0;3;0
dep-160552;2024;23;14;9;0;0
dep-160552;2025;118;112;3;3;0
dep-160552;2026;68;62;0;6;0
dep-160553;2023;114;114;0;0;0
dep-160553;2024;86;86;0;0;0
dep-160553;2025;118;118;0;0;0
dep-160553;2026;68;68;0;0;0
dep-160556;2023;114;112;0;2;0
dep-160556;2024;86;85;0;1;0
dep-160556;2025;118;117;1;0;0
dep-160556;2026;68;68;0;0;0
dep-160558;2023;114;97;11;6;0
dep-160558;2024;86;72;10;4;0
dep-160558;2025;118;106;11;1;0
dep-160558;2026;68;62;5;1;0
dep-160559;2023;114;97;17;0;0
dep-160559;2024;86;80;6;0;0
dep-160559;2025;118;106;12;0;0
dep-160559;2026;68;68;0;0;0
dep-160561;2025;72;70;2;0;0
dep-160561;2026;68;67;0;1;0
dep-160569;2023;114;78;36;0;0
dep-160569;2024;86;79;7;0;0
dep-160569;2025;118;117;1;0;0
dep-160569;2026;68;67;0;1;0
dep-160575;2023;114;114;0;0;0
dep-160575;2024;86;84;2;0;0
dep-160575;2025;118;118;0;0;0
dep-160575;2026;68;68;0;0;0
dep-160588;2023;114;94;10;10;0
dep-160588;2024;86;79;2;5;0
dep-160588;2025;118;104;4;10;0
dep-160588;2026;68;64;0;4;0
dep-160591;2023;114;88;20;6;0
dep-160591;2024;86;70;7;9;0
dep-160591;2025;118;90;23;5;0
dep-160591;2026;68;67;0;1;0
dep-160592;2023;114;93;21;0;0
dep-160592;2024;86;81;2;3;0
dep-160592;2025;118;115;1;2;0
dep-160592;2026;68;65;0;3;0
dep-160598;2023;114;98;12;4;0
dep-160598;2024;86;79;7;0;0
dep-160598;2025;118;116;1;1;0
dep-160598;2026;68;67;0;1;0
dep-160599;2023;114;110;2;2;0
dep-160599;2024;86;79;7;0;0
dep-160599;2025;118;114;3;1;0
dep-160599;2026;68;67;0;1;0
dep-160600;2023;114;95;13;6;0
dep-160600;2024;86;68;17;1;0
dep-160600;2025;118;98;20;0;0
dep-160600;2026;68;64;4;0;0
dep-160601;2023;114;106;8;0;0
dep-160601;2024;86;71;13;2;0
dep-160601;2025;118;103;15;0;0
dep-160601;2026;68;67;1;0;0
dep-160604;2023;114;112;2;0;0
dep-160604;2024;60;58;1;1;0
dep-160604;2025;118;117;1;0;0
dep-160604;2026;68;61;7;0;0
dep-160610;2023;114;103;9;2;0
dep-160610;2024;86;84;2;0;0
dep-160610;2025;118;110;3;5;0
dep-160610;2026;68;67;0;1;0
dep-160621;2023;28;27;0;1;0
dep-160621;2024;1;1;0;0;0
dep-160621;2026;47;46;1;0;0
dep-160629;2023;114;113;1;0;0
dep-160629;2024;86;86;0;0;0
dep-160629;2025;118;118;0;0;0
dep-160629;2026;57;57;0;0;0
dep-160632;2023;114;93;14;7;0
dep-160632;2024;86;77;8;1;0
dep-160632;2025;118;99;18;1;0
dep-160632;2026;68;65;2;1;0
dep-160635;2023;114;99;15;0;0
dep-160635;2024;61;48;12;1;0
dep-160635;2025;118;103;13;2;0
dep-160635;2026;68;65;3;0;0
dep-160640;2023;114;101;12;1;0
dep-160640;2024;86;79;7;0;0
dep-160640;2025;118;115;2;1;0
dep-160640;2026;68;63;5;0;0
dep-160641;2025;53;52;1;0;0
dep-160641;2026;68;68;0;0;0
dep-160642;2023;114;101;11;2;0
dep-160642;2024;86;80;6;0;0
dep-160642;2025;118;99;16;3;0
dep-160642;2026;68;66;2;0;0
dep-160665;2023;114;104;8;2;0
dep-160665;2024;86;81;1;4;0
dep-160665;2025;118;115;3;0;0
dep-160665;2026;68;68;0;0;0
dep-160666;2023;114;113;1;0;0
dep-160666;2024;86;80;5;1;0
dep-160666;2025;118;118;0;0;0
dep-160666;2026;68;67;1;0;0
dep-160673;2023;114;109;2;3;0
dep-160673;2024;86;85;1;0;0
dep-160673;2025;118;118;0;0;0
dep-160673;2026;68;67;1;0;0
dep-160674;2023;114;94;20;0;0
dep-160674;2024;86;65;21;0;0
dep-160674;2025;118;112;6;0;0
dep-160674;2026;68;68;0;0;0
dep-160758;2023;114;112;1;1;0
dep-160758;2024;86;81;4;1;0
dep-160758;2025;118;108;9;1;0
dep-160758;2026;68;68;0;0;0
dep-160976;2023;114;96;15;3;0
dep-160976;2024;86;77;7;2;0
dep-160976;2025;118;106;11;1;0
dep-160976;2026;68;68;0;0;0
dep-161440;2023;114;110;4;0;0
dep-161440;2024;86;84;1;1;0
dep-161440;2025;118;118;0;0;0
dep-161440;2026;68;68;0;0;0
dep-161550;2023;114;85;29;0;0
dep-161550;2024;86;75;11;0;0
dep-161550;2025;118;97;20;1;0
dep-161550;2026;68;68;0;0;0
dep-162067;2023;114;111;3;0;0
dep-162067;2024;86;82;2;2;0
dep-162067;2025;118;112;3;3;0
dep-162067;2026;68;66;0;2;0
dep-162332;2023;114;97;17;0;0
dep-162332;2024;86;76;10;0;0
dep-162332;2025;118;93;19;6;0
dep-162332;2026;68;64;1;3;0
dep-163321;2023;13;13;0;0;0
dep-163321;2024;82;81;1;0;0
dep-163321;2025;116;116;0;0;0
dep-163321;2026;2;2;0;0;0
dep-164360;2023;7;7;0;0;0
dep-164360;2024;53;50;2;1;0
dep-165470;2023;114;100;13;1;0
dep-165470;2024;86;72;10;4;0
dep-165470;2025;118;116;1;1;0
dep-165470;2026;68;67;0;1;0
dep-166402;2023;114;102;0;12;0
dep-166402;2024;86;72;3;11;0
dep-166402;2025;118;111;3;4;0
dep-166402;2026;68;63;0;5;0
dep-171139;2024;30;24;6;0;0
dep-171617;2023;114;107;5;2;0
dep-171617;2024;86;86;0;0;0
dep-171617;2025;118;116;1;1;0
dep-171617;2026;59;59;0;0;0
dep-171623;2023;114;96;15;3;0
dep-171623;2024;8;6;0;2;0
dep-171623;2025;53;50;3;0;0
dep-171623;2026;68;67;1;0;0
dep-171786;2023;114;99;15;0;0
dep-171786;2024;86;84;2;0;0
dep-171786;2025;118;109;6;3;0
dep-171786;2026;68;64;1;3;0
dep-175765;2024;3;3;0;0;0
dep-175765;2025;118;109;9;0;0
dep-175765;2026;68;68;0;0;0
dep-178829;2023;114;107;6;1;0
dep-178829;2024;86;86;0;0;0
dep-178829;2025;118;118;0;0;0
dep-178829;2026;68;68;0;0;0
dep-178831;2025;53;51;0;2;0
dep-178831;2026;68;68;0;0;0
dep-178832;2023;11;11;0;0;0
dep-178832;2024;1;0;0;1;0
dep-178832;2026;47;44;2;1;0
dep-178835;2023;114;108;4;2;0
dep-178835;2024;86;84;2;0;0
dep-178835;2025;118;117;0;1;0
dep-178835;2026;68;68;0;0;0
dep-178843;2023;114;109;2;3;0
dep-178843;2024;86;82;0;4;0
dep-178843;2025;118;112;4;2;0
dep-178843;2026;68;67;1;0;0
dep-178854;2023;114;78;36;0;0
dep-178854;2024;86;68;18;0;0
dep-178854;2025;118;96;22;0;0
dep-178854;2026;68;63;5;0;0
dep-178857;2023;114;109;5;0;0
dep-178857;2024;86;83;3;0;0
dep-178857;2025;118;108;4;6;0
dep-178857;2026;68;66;1;1;0
dep-178858;2023;114;101;10;3;0
dep-178858;2024;86;79;7;0;0
dep-178858;2025;118;104;13;1;0
dep-178858;2026;68;67;1;0;0
dep-178860;2023;114;110;2;2;0
dep-178860;2024;86;76;6;4;0
dep-178860;2025;118;112;0;6;0
dep-178860;2026;68;66;0;2;0
dep-178866;2023;114;108;3;3;0
dep-178866;2024;86;77;9;0;0
dep-178866;2025;118;109;9;0;0
dep-178866;2026;68;67;0;1;0
dep-178871;2023;114;110;3;1;0
dep-178871;2024;86;82;3;1;0
dep-178871;2025;118;106;10;2;0
dep-178871;2026;68;67;1;0;0
dep-178873;2023;114;114;0;0;0
dep-178873;2024;86;86;0;0;0
dep-178873;2025;118;117;1;0;0
dep-178873;2026;68;68;0;0;0
dep-178876;2023;68;63;5;0;0
dep-178876;2024;86;77;9;0;0
dep-178876;2025;118;110;8;0;0
dep-178876;2026;68;66;1;1;0
dep-178881;2023;101;99;2;0;0
dep-178881;2024;70;67;3;0;0
dep-178881;2025;118;110;7;1;0
dep-178881;2026;68;68;0;0;0
dep-178882;2023;74;56;18;0;0
dep-178882;2024;3;2;0;1;0
dep-178882;2025;2;1;0;1;0
dep-178882;2026;47;39;0;8;0
dep-178884;2024;31;31;0;0;0
dep-178884;2025;118;118;0;0;0
dep-178884;2026;65;65;0;0;0
dep-178886;2023;2;2;0;0;0
dep-178886;2025;94;90;0;4;0
dep-178886;2026;68;55;6;7;0
dep-178887;2023;114;113;1;0;0
dep-178887;2024;86;85;0;1;0
dep-178887;2025;118;118;0;0;0
dep-178887;2026;68;68;0;0;0
dep-178895;2023;114;77;36;1;0
dep-178895;2024;86;85;0;1;0
dep-178895;2025;118;118;0;0;0
dep-178895;2026;68;67;1;0;0
dep-178896;2023;114;102;5;7;0
dep-178896;2024;53;46;3;4;0
dep-178896;2025;118;97;18;3;0
dep-178896;2026;68;63;0;5;0
dep-178905;2023;56;52;1;3;0
dep-178905;2024;1;1;0;0;0
dep-178905;2025;2;2;0;0;0
dep-178905;2026;47;46;0;1;0
dep-178908;2023;114;106;5;3;0
dep-178908;2024;86;80;1;5;0
dep-178908;2025;118;105;4;9;0
dep-178908;2026;68;61;1;6;0
dep-178909;2023;53;41;11;1;0
dep-178909;2024;83;69;13;1;0
dep-178910;2023;114;113;1;0;0
dep-178910;2024;86;86;0;0;0
dep-178910;2025;118;117;1;0;0
dep-178910;2026;68;67;0;1;0
dep-178927;2023;114;98;15;1;0
dep-178927;2024;86;70;10;6;0
dep-178927;2025;118;111;6;1;0
dep-178927;2026;68;57;11;0;0
dep-178929;2023;114;111;3;0;0
dep-178929;2024;86;79;7;0;0
dep-178929;2025;118;113;3;2;0
dep-178929;2026;68;67;0;1;0
dep-178931;2023;114;108;3;3;0
dep-178931;2024;86;80;4;2;0
dep-178931;2025;118;110;6;2;0
dep-178931;2026;68;67;0;1;0
dep-178933;2023;114;109;4;1;0
dep-178933;2024;86;85;1;0;0
dep-178933;2025;118;100;18;0;0
dep-178933;2026;68;66;2;0;0
dep-178934;2023;114;88;26;0;0
dep-178934;2024;86;84;2;0;0
dep-178934;2025;118;107;9;2;0
dep-178934;2026;68;67;1;0;0
dep-178937;2023;114;82;32;0;0
dep-178937;2024;86;74;12;0;0
dep-178937;2025;118;91;27;0;0
dep-178937;2026;68;52;16;0;0
dep-178943;2023;114;69;44;1;0
dep-178943;2024;86;58;27;1;0
dep-178943;2025;118;78;39;1;0
dep-178943;2026;68;61;7;0;0
dep-178945;2023;7;5;1;1;0
dep-178945;2024;3;3;0;0;0
dep-178945;2025;2;2;0;0;0
dep-178945;2026;49;49;0;0;0
dep-178946;2023;114;105;3;6;0
dep-178946;2024;86;80;4;2;0
dep-178946;2025;118;113;3;2;0
dep-178946;2026;68;64;4;0;0
dep-178947;2023;114;104;10;0;0
dep-178947;2024;86;79;7;0;0
dep-178947;2025;118;105;13;0;0
dep-178947;2026;68;62;6;0;0
dep-178954;2023;114;96;18;0;0
dep-178954;2024;86;81;5;0;0
dep-178954;2025;118;116;1;1;0
dep-178954;2026;68;66;1;1;0
dep-178962;2023;102;89;13;0;0
dep-178962;2024;4;4;0;0;0
dep-178962;2025;2;2;0;0;0
dep-178962;2026;66;66;0;0;0
dep-178963;2023;114;110;2;2;0
dep-178963;2024;86;78;4;4;0
dep-178963;2025;118;111;3;4;0
dep-178963;2026;28;28;0;0;0
dep-178964;2023;114;101;13;0;0
dep-178964;2024;86;79;6;1;0
dep-178964;2025;118;97;20;1;0
dep-178964;2026;68;65;3;0;0
dep-178966;2023;108;107;1;0;0
dep-178966;2024;34;33;1;0;0
dep-178966;2025;118;118;0;0;0
dep-178966;2026;68;67;0;1;0
dep-178970;2023;114;111;3;0;0
dep-178970;2024;86;86;0;0;0
dep-178970;2025;118;118;0;0;0
dep-178970;2026;68;68;0;0;0
dep-178972;2023;114;109;5;0;0
dep-178972;2024;86;85;1;0;0
dep-178972;2025;118;117;1;0;0
dep-178972;2026;68;62;6;0;0
dep-178975;2023;114;94;20;0;0
dep-178975;2024;86;70;16;0;0
dep-178975;2025;118;112;6;0;0
dep-178975;2026;68;63;5;0;0
dep-178983;2023;114;112;2;0;0
dep-178983;2024;86;86;0;0;0
dep-178983;2025;118;118;0;0;0
dep-178983;2026;68;66;0;2;0
dep-178985;2023;114;114;0;0;0
dep-178985;2024;86;86;0;0;0
dep-178985;2025;118;118;0;0;0
dep-178985;2026;68;68;0;0;0
dep-178986;2023;114;105;8;1;0
dep-178986;2024;86;84;2;0;0
dep-178986;2025;118;115;3;0;0
dep-178986;2026;68;68;0;0;0
dep-178987;2023;113;105;6;2;0
dep-178987;2024;86;82;2;2;0
dep-178987;2025;117;108;5;4;0
dep-178987;2026;68;67;0;1;0
dep-178989;2023;114;80;34;0;0
dep-178989;2024;60;54;6;0;0
dep-178989;2025;118;99;19;0;0
dep-178989;2026;52;47;5;0;0
dep-178992;2023;114;107;7;0;0
dep-178992;2024;86;80;3;3;0
dep-178992;2025;118;112;4;2;0
dep-178992;2026;68;67;0;1;0
dep-178993;2023;114;108;3;3;0
dep-178993;2024;86;84;0;2;0
dep-178993;2025;118;107;10;1;0
dep-178993;2026;68;68;0;0;0
dep-178997;2023;114;107;4;3;0
dep-178997;2024;86;79;0;7;0
dep-178997;2025;118;110;4;4;0
dep-178997;2026;68;66;0;2;0
dep-179000;2023;114;108;1;5;0
dep-179000;2024;86;77;2;7;0
dep-179000;2025;118;113;1;4;0
dep-179000;2026;68;61;4;3;0
dep-179001;2023;114;113;0;1;0
dep-179001;2024;86;83;3;0;0
dep-179001;2025;118;114;3;1;0
dep-179001;2026;68;65;1;2;0
dep-180214;2023;114;108;2;4;0
dep-180214;2024;86;80;3;3;0
dep-180214;2025;118;99;16;3;0
dep-180214;2026;68;67;0;1;0
dep-182146;2023;3;3;0;0;0
dep-182146;2024;20;19;1;0;0
dep-188097;2023;114;113;1;0;0
dep-188097;2024;86;84;2;0;0
dep-188097;2025;118;116;2;0;0
dep-188097;2026;68;68;0;0;0
dep-191923;2023;114;111;3;0;0
dep-191923;2024;86;82;2;2;0
dep-191923;2025;118;118;0;0;0
dep-191923;2026;68;68;0;0;0
dep-194260;2026;9;6;0;3;0
dep-198197;2023;114;68;46;0;0
dep-198197;2024;86;74;12;0;0
dep-198197;2025;118;99;19;0;0
dep-198197;2026;68;65;3;0;0
dep-198783;2023;114;111;0;3;0
dep-198783;2024;86;79;4;3;0
dep-198783;2025;118;113;3;2;0
dep-198783;2026;68;67;1;0;0
dep-204351;2023;114;108;4;2;0
dep-204351;2024;86;83;3;0;0
dep-204351;2025;118;111;7;0;0
dep-204351;2026;68;66;2;0;0
dep-204353;2025;28;28;0;0;0
dep-204353;2026;47;42;4;1;0
dep-204355;2023;114;112;1;1;0
dep-204355;2024;86;82;2;2;0
dep-204355;2025;118;115;3;0;0
dep-204355;2026;68;68;0;0;0
dep-204356;2023;114;114;0;0;0
dep-204356;2024;86;86;0;0;0
dep-204356;2025;118;117;1;0;0
dep-204356;2026;68;68;0;0;0
dep-204358;2023;114;95;16;3;0
dep-204358;2024;86;84;2;0;0
dep-204358;2025;118;114;3;1;0
dep-204358;2026;68;68;0;0;0
dep-204360;2023;114;111;1;2;0
dep-204360;2024;86;76;10;0;0
dep-204360;2025;118;114;4;0;0
dep-204360;2026;68;66;1;1;0
dep-204361;2023;114;102;7;5;0
dep-204361;2024;65;56;4;5;0
dep-204361;2025;14;14;0;0;0
dep-204361;2026;67;59;2;6;0
dep-204362;2023;59;57;0;2;0
dep-204362;2024;30;28;0;2;0
dep-204362;2025;118;115;2;1;0
dep-204362;2026;68;65;1;2;0
dep-204364;2023;114;105;6;3;0
dep-204364;2024;60;58;0;2;0
dep-204364;2025;118;115;3;0;0
dep-204364;2026;68;67;1;0;0
dep-204365;2023;114;114;0;0;0
dep-204365;2024;86;86;0;0;0
dep-204365;2025;118;118;0;0;0
dep-204365;2026;68;68;0;0;0
dep-204367;2023;114;105;4;5;0
dep-204367;2024;86;78;6;2;0
dep-204367;2025;118;113;3;2;0
dep-204367;2026;68;65;1;2;0
dep-204368;2023;114;104;9;1;0
dep-204368;2024;86;84;2;0;0
dep-204368;2025;118;113;1;4;0
dep-204368;2026;68;64;2;2;0
dep-204369;2023;114;109;4;1;0
dep-204369;2024;86;84;1;1;0
dep-204369;2025;118;102;16;0;0
dep-204369;2026;68;41;27;0;0
dep-204372;2023;27;27;0;0;0
dep-204372;2024;86;76;9;1;0
dep-204372;2025;118;108;10;0;0
dep-204372;2026;68;67;0;1;0
dep-204374;2023;114;110;2;2;0
dep-204374;2024;86;81;5;0;0
dep-204374;2025;118;115;0;3;0
dep-204374;2026;68;68;0;0;0
dep-204376;2025;40;40;0;0;0
dep-204378;2023;114;109;3;2;0
dep-204378;2024;86;84;0;2;0
dep-204378;2025;118;113;2;3;0
dep-204378;2026;68;66;0;2;0
dep-204379;2023;114;97;7;10;0
dep-204379;2024;86;74;5;7;0
dep-204379;2025;118;103;6;9;0
dep-204379;2026;68;56;0;12;0
dep-204387;2023;114;114;0;0;0
dep-204387;2024;86;86;0;0;0
dep-204387;2025;118;118;0;0;0
dep-204387;2026;68;68;0;0;0
dep-204388;2023;114;112;2;0;0
dep-204388;2024;86;85;1;0;0
dep-204388;2025;118;118;0;0;0
dep-204388;2026;68;66;2;0;0
dep-204390;2023;114;103;3;8;0
dep-204390;2024;86;81;4;1;0
dep-204390;2025;118;110;7;1;0
dep-204390;2026;68;62;5;1;0
dep-204391;2023;114;106;5;3;0
dep-204391;2024;86;75;7;4;0
dep-204391;2025;118;104;10;4;0
dep-204391;2026;68;59;0;9;0
dep-204394;2023;114;114;0;0;0
dep-204394;2024;86;84;2;0;0
dep-204394;2025;118;114;4;0;0
dep-204394;2026;68;68;0;0;0
dep-204395;2023;114;97;7;10;0
dep-204395;2024;86;70;5;11;0
dep-204395;2025;118;96;8;14;0
dep-204395;2026;68;55;0;13;0
dep-204396;2023;114;100;10;4;0
dep-204396;2024;86;74;3;9;0
dep-204396;2025;118;108;7;3;0
dep-204396;2026;68;58;8;2;0
dep-204398;2023;114;98;11;5;0
dep-204398;2024;86;80;5;1;0
dep-204398;2025;118;114;4;0;0
dep-204398;2026;68;68;0;0;0
dep-204404;2023;114;110;4;0;0
dep-204404;2024;86;85;1;0;0
dep-204404;2025;118;113;4;1;0
dep-204404;2026;68;66;0;2;0
dep-204406;2023;114;110;4;0;0
dep-204406;2024;86;86;0;0;0
dep-204406;2025;118;112;5;1;0
dep-204406;2026;68;66;1;1;0
dep-204407;2023;114;107;7;0;0
dep-204407;2024;86;55;31;0;0
dep-204407;2025;118;114;0;4;0
dep-204407;2026;68;67;1;0;0
dep-204408;2023;114;98;3;13;0
dep-204408;2024;86;84;0;2;0
dep-204408;2025;118;113;4;1;0
dep-204408;2026;68;68;0;0;0
dep-204409;2023;114;113;1;0;0
dep-204409;2024;86;85;1;0;0
dep-204409;2025;118;114;4;0;0
dep-204409;2026;68;65;3;0;0
dep-204410;2023;114;98;9;7;0
dep-204410;2024;86;82;4;0;0
dep-204410;2025;118;101;14;3;0
dep-204410;2026;68;67;1;0;0
dep-204411;2023;114;102;10;2;0
dep-204411;2024;86;49;37;0;0
dep-204411;2025;118;102;5;11;0
dep-204411;2026;68;58;2;8;0
dep-204412;2023;114;93;21;0;0
dep-204412;2024;86;82;4;0;0
dep-204412;2025;118;108;10;0;0
dep-204412;2026;68;63;5;0;0
dep-204416;2023;114;107;6;1;0
dep-204416;2024;86;81;5;0;0
dep-204416;2025;118;115;2;1;0
dep-204416;2026;68;68;0;0;0
dep-204419;2023;114;98;11;5;0
dep-204419;2024;86;79;4;3;0
dep-204419;2025;72;68;4;0;0
dep-204419;2026;68;62;4;2;0
dep-204422;2023;40;39;0;1;0
dep-204422;2024;86;83;2;1;0
dep-204422;2025;117;114;3;0;0
dep-204422;2026;21;19;2;0;0
dep-204423;2023;114;82;32;0;0
dep-204423;2024;86;63;23;0;0
dep-204423;2025;118;110;2;6;0
dep-204423;2026;68;66;0;2;0
dep-204425;2023;74;64;2;8;0
dep-204425;2025;2;2;0;0;0
dep-204425;2026;47;40;1;6;0
dep-204426;2023;114;114;0;0;0
dep-204426;2024;86;86;0;0;0
dep-204426;2025;118;118;0;0;0
dep-204426;2026;68;68;0;0;0
dep-204427;2023;114;102;12;0;0
dep-204427;2024;86;74;9;3;0
dep-204427;2025;118;108;9;1;0
dep-204427;2026;68;68;0;0;0
dep-204431;2023;114;107;7;0;0
dep-204431;2024;86;73;12;1;0
dep-204431;2025;118;108;6;4;0
dep-204431;2026;68;64;2;2;0
dep-204433;2023;4;4;0;0;0
dep-204433;2024;6;4;2;0;0
dep-204433;2025;3;3;0;0;0
dep-204436;2023;114;78;36;0;0
dep-204436;2024;86;52;34;0;0
dep-204436;2025;118;59;59;0;0
dep-204436;2026;68;30;38;0;0
dep-204441;2023;114;107;0;7;0
dep-204441;2024;86;82;3;1;0
dep-204441;2025;118;116;2;0;0
dep-204441;2026;68;66;0;2;0
dep-204444;2023;114;98;13;3;0
dep-204444;2024;86;82;3;1;0
dep-204444;2025;118;103;12;3;0
dep-204444;2026;68;61;0;7;0
dep-204445;2023;114;113;0;1;0
dep-204445;2024;86;86;0;0;0
dep-204445;2025;118;118;0;0;0
dep-204445;2026;68;67;0;1;0
dep-204448;2023;66;63;3;0;0
dep-204448;2025;41;41;0;0;0
dep-204448;2026;6;6;0;0;0
dep-204449;2024;59;43;14;2;0
dep-204449;2025;118;67;47;4;0
dep-204449;2026;68;43;22;3;0
dep-204450;2023;47;34;13;0;0
dep-204450;2024;86;45;41;0;0
dep-204450;2025;118;44;74;0;0
dep-204450;2026;68;17;51;0;0
dep-204453;2023;114;105;9;0;0
dep-204453;2024;86;80;6;0;0
dep-204453;2025;118;113;4;1;0
dep-204453;2026;68;64;3;1;0
dep-204455;2023;114;114;0;0;0
dep-204455;2024;86;86;0;0;0
dep-204455;2025;118;117;0;1;0
dep-204455;2026;68;67;0;1;0
dep-204456;2023;114;106;6;2;0
dep-204456;2024;86;76;9;1;0
dep-204456;2025;118;115;3;0;0
dep-204456;2026;68;67;0;1;0
dep-204457;2023;114;105;8;1;0
dep-204457;2024;86;85;1;0;0
dep-204457;2025;118;115;3;0;0
dep-204457;2026;68;68;0;0;0
dep-204459;2023;60;40;19;1;0
dep-204459;2024;86;82;0;4;0
dep-204459;2025;118;103;15;0;0
dep-204459;2026;68;68;0;0;0
dep-204460;2023;114;105;9;0;0
dep-204460;2024;54;50;4;0;0
dep-204460;2025;118;117;0;1;0
dep-204460;2026;68;68;0;0;0
dep-204462;2023;114;78;36;0;0
dep-204462;2024;86;84;1;1;0
dep-204462;2025;118;113;3;2;0
dep-204462;2026;68;68;0;0;0
dep-204464;2023;114;73;41;0;0
dep-204464;2024;86;74;10;2;0
dep-204464;2025;118;90;28;0;0
dep-204464;2026;68;63;0;5;0
dep-204472;2023;114;104;10;0;0
dep-204472;2024;86;82;4;0;0
dep-204472;2025;118;104;14;0;0
dep-204472;2026;68;68;0;0;0
dep-204473;2023;114;111;3;0;0
dep-204473;2024;86;85;1;0;0
dep-204473;2025;118;100;18;0;0
dep-204473;2026;68;67;0;1;0
dep-204474;2023;77;63;14;0;0
dep-204474;2024;57;52;5;0;0
dep-204474;2025;118;90;28;0;0
dep-204474;2026;68;61;7;0;0
dep-204476;2023;82;75;0;7;0
dep-204476;2024;86;12;2;72;0
dep-204476;2025;33;0;0;33;0
dep-204479;2023;114;85;27;2;0
dep-204479;2024;86;80;6;0;0
dep-204479;2025;118;117;1;0;0
dep-204479;2026;68;62;3;3;0
dep-204480;2023;114;114;0;0;0
dep-204480;2024;86;86;0;0;0
dep-204480;2025;118;117;1;0;0
dep-204480;2026;68;67;0;1;0
dep-204481;2023;114;100;13;1;0
dep-204481;2024;86;83;1;2;0
dep-204481;2025;118;114;2;2;0
dep-204481;2026;68;64;1;3;0
dep-204482;2023;114;95;8;11;0
dep-204482;2024;51;47;1;3;0
dep-204482;2025;74;67;2;5;0
dep-204482;2026;26;26;0;0;0
dep-204485;2023;114;110;0;4;0
dep-204485;2024;86;85;0;1;0
dep-204485;2025;118;116;0;2;0
dep-204485;2026;68;66;0;2;0
dep-204486;2023;114;113;1;0;0
dep-204486;2024;86;84;2;0;0
dep-204486;2025;118;105;13;0;0
dep-204486;2026;68;68;0;0;0
dep-204488;2023;83;73;0;10;0
dep-204488;2024;80;71;0;9;0
dep-204488;2025;118;116;0;2;0
dep-204488;2026;68;68;0;0;0
dep-204489;2023;26;22;0;4;0
dep-204489;2024;48;45;1;2;0
dep-204489;2025;118;111;2;5;0
dep-204489;2026;68;67;0;1;0
dep-204491;2023;114;113;1;0;0
dep-204491;2024;86;86;0;0;0
dep-204491;2025;118;104;14;0;0
dep-204491;2026;68;58;9;1;0
dep-204492;2023;114;109;3;2;0
dep-204492;2024;86;83;3;0;0
dep-204492;2025;118;114;4;0;0
dep-204492;2026;68;67;1;0;0
dep-204494;2023;106;83;23;0;0
dep-204494;2024;68;51;17;0;0
dep-204494;2025;118;107;11;0;0
dep-204494;2026;68;61;7;0;0
dep-204495;2023;114;105;3;6;0
dep-204495;2024;86;79;0;7;0
dep-204495;2025;118;110;4;4;0
dep-204495;2026;68;67;1;0;0
dep-204496;2023;59;50;7;2;0
dep-204496;2024;3;3;0;0;0
dep-204496;2025;2;2;0;0;0
dep-204496;2026;68;66;0;2;0
dep-204497;2023;114;107;1;6;0
dep-204497;2024;86;85;0;1;0
dep-204497;2025;118;117;0;1;0
dep-204497;2026;68;68;0;0;0
dep-204498;2023;114;92;5;17;0
dep-204498;2024;86;72;9;5;0
dep-204498;2025;118;107;2;9;0
dep-204498;2026;68;64;0;4;0
dep-204501;2023;114;109;3;2;0
dep-204501;2024;86;86;0;0;0
dep-204501;2025;118;115;1;2;0
dep-204501;2026;68;67;0;1;0
dep-204503;2023;2;2;0;0;0
dep-204503;2025;1;1;0;0;0
dep-204504;2023;114;102;0;12;0
dep-204504;2024;86;79;0;7;0
dep-204504;2025;118;113;1;4;0
dep-204504;2026;68;67;0;1;0
dep-204506;2023;114;101;13;0;0
dep-204506;2024;86;72;14;0;0
dep-204506;2025;118;108;10;0;0
dep-204506;2026;68;67;1;0;0
dep-204507;2023;114;88;25;1;0
dep-204507;2024;86;83;3;0;0
dep-204507;2025;74;29;19;26;0
dep-204508;2023;114;109;4;1;0
dep-204508;2024;86;86;0;0;0
dep-204508;2025;118;110;8;0;0
dep-204508;2026;68;68;0;0;0
dep-204511;2023;114;91;23;0;0
dep-204511;2024;86;76;8;2;0
dep-204511;2025;118;112;6;0;0
dep-204511;2026;68;63;2;3;0
dep-204512;2023;114;97;17;0;0
dep-204512;2024;86;80;6;0;0
dep-204512;2025;118;112;6;0;0
dep-204512;2026;68;67;1;0;0
dep-204514;2025;14;14;0;0;0
dep-204515;2023;114;100;14;0;0
dep-204515;2024;86;84;2;0;0
dep-204515;2025;88;77;10;1;0
dep-204515;2026;68;67;0;1;0
dep-204517;2023;114;88;26;0;0
dep-204517;2024;86;82;4;0;0
dep-204517;2025;118;98;19;1;0
dep-204517;2026;68;65;3;0;0
dep-204518;2023;114;109;1;4;0
dep-204518;2024;86;80;4;2;0
dep-204518;2025;118;115;1;2;0
dep-204518;2026;68;68;0;0;0
dep-204520;2023;114;101;13;0;0
dep-204520;2024;62;46;16;0;0
dep-204520;2025;118;116;1;1;0
dep-204520;2026;68;67;1;0;0
dep-204522;2023;79;74;1;4;0
dep-204524;2023;114;108;5;1;0
dep-204524;2024;86;78;3;5;0
dep-204524;2025;118;115;2;1;0
dep-204524;2026;68;67;1;0;0
dep-204525;2023;114;106;8;0;0
dep-204525;2024;86;80;5;1;0
dep-204525;2025;118;118;0;0;0
dep-204525;2026;68;68;0;0;0
dep-204526;2023;114;104;7;3;0
dep-204526;2024;86;79;4;3;0
dep-204526;2025;118;114;0;4;0
dep-204526;2026;68;65;0;3;0
dep-204528;2023;114;114;0;0;0
dep-204528;2024;86;86;0;0;0
dep-204528;2025;118;107;11;0;0
dep-204528;2026;68;67;0;1;0
dep-204531;2023;1;1;0;0;0
dep-204531;2024;4;4;0;0;0
dep-204531;2025;11;9;1;1;0
dep-204531;2026;68;42;25;1;0
dep-204533;2023;114;113;1;0;0
dep-204533;2024;86;79;5;2;0
dep-204533;2026;47;47;0;0;0
dep-204534;2023;114;102;10;2;0
dep-204534;2024;86;80;6;0;0
dep-204534;2025;118;114;4;0;0
dep-204534;2026;68;68;0;0;0
dep-204535;2023;114;96;17;1;0
dep-204535;2024;86;82;3;1;0
dep-204535;2025;118;114;1;3;0
dep-204535;2026;68;64;0;4;0
dep-204536;2023;114;104;6;4;0
dep-204536;2024;86;79;5;2;0
dep-204536;2025;118;112;4;2;0
dep-204536;2026;68;67;1;0;0
dep-204539;2023;114;70;34;10;0
dep-204539;2024;86;51;33;2;0
dep-204539;2025;118;83;31;4;0
dep-204539;2026;68;59;4;5;0
dep-204540;2023;114;110;4;0;0
dep-204540;2024;86;85;1;0;0
dep-204540;2025;118;108;10;0;0
dep-204540;2026;68;67;1;0;0
dep-204541;2023;79;77;1;1;0
dep-204541;2024;86;83;0;3;0
dep-204541;2025;1;1;0;0;0
dep-204541;2026;47;46;0;1;0
dep-204549;2023;114;93;14;7;0
dep-204549;2024;86;69;15;2;0
dep-204549;2025;118;101;6;11;0
dep-204549;2026;68;67;0;1;0
dep-204550;2023;114;86;22;6;0
dep-204550;2024;59;46;6;7;0
dep-204550;2025;118;88;19;11;0
dep-204550;2026;68;54;8;6;0
dep-204553;2023;114;104;5;5;0
dep-204553;2024;86;85;0;1;0
dep-204553;2025;118;117;1;0;0
dep-204553;2026;68;64;0;4;0
dep-204557;2023;114;112;2;0;0
dep-204557;2024;86;86;0;0;0
dep-204557;2025;118;116;0;2;0
dep-204557;2026;68;67;0;1;0
dep-204558;2026;46;46;0;0;0
dep-204559;2023;114;103;9;2;0
dep-204559;2024;61;53;7;1;0
dep-204559;2025;118;113;5;0;0
dep-204559;2026;68;64;3;1;0
dep-204560;2023;114;95;19;0;0
dep-204560;2024;86;69;17;0;0
dep-204560;2025;118;92;26;0;0
dep-204560;2026;68;46;19;3;0
dep-204563;2023;102;72;17;13;0
dep-204563;2024;70;55;10;5;0
dep-204563;2025;118;101;7;10;0
dep-204563;2026;18;17;0;1;0
dep-204566;2023;111;86;20;5;0
dep-204566;2024;66;53;9;4;0
dep-204566;2025;118;91;17;10;0
dep-204566;2026;20;20;0;0;0
dep-204567;2023;114;100;8;6;0
dep-204567;2024;86;77;6;3;0
dep-204567;2025;118;111;7;0;0
dep-204567;2026;68;49;18;1;0
dep-204570;2023;104;89;10;5;0
dep-204570;2024;70;66;2;2;0
dep-204570;2025;118;105;4;9;0
dep-204570;2026;68;66;0;2;0
dep-204571;2023;114;110;0;4;0
dep-204571;2024;86;85;0;1;0
dep-204571;2025;118;114;2;2;0
dep-204571;2026;22;21;0;1;0
dep-204572;2023;114;108;3;3;0
dep-204572;2024;86;82;1;3;0
dep-204572;2025;118;114;3;1;0
dep-204572;2026;68;63;1;4;0
dep-204573;2023;114;111;2;1;0
dep-204573;2024;86;78;7;1;0
dep-204573;2025;118;114;2;2;0
dep-204574;2023;104;70;10;24;0
dep-204574;2024;70;59;2;9;0
dep-204574;2025;118;111;7;0;0
dep-204574;2026;68;67;1;0;0
dep-205476;2023;102;96;6;0;0
dep-205476;2024;82;81;0;1;0
dep-205476;2025;105;105;0;0;0
dep-205476;2026;68;68;0;0;0
dep-205550;2023;114;114;0;0;0
dep-205550;2024;86;82;4;0;0
dep-205550;2025;118;115;3;0;0
dep-205550;2026;68;63;5;0;0
dep-205865;2023;86;85;0;1;0
dep-205865;2024;85;83;0;2;0
dep-205865;2025;118;108;2;8;0
dep-205865;2026;21;21;0;0;0
dep-206018;2023;114;94;18;2;0
dep-206018;2024;86;72;13;1;0
dep-206018;2025;118;98;13;7;0
dep-206018;2026;68;66;2;0;0
dep-208297;2025;44;42;1;1;0
dep-209189;2023;114;107;5;2;0
dep-209189;2024;86;83;2;1;0
dep-209189;2025;118;116;0;2;0
dep-209189;2026;68;66;1;1;0
dep-209787;2023;114;108;3;3;0
dep-209787;2024;86;83;3;0;0
dep-209787;2025;118;117;1;0;0
dep-209787;2026;68;63;3;2;0
dep-210989;2023;114;95;19;0;0
dep-210989;2024;86;74;12;0;0
dep-210989;2025;118;101;17;0;0
dep-210989;2026;68;60;8;0;0
dep-212625;2024;24;23;0;1;0
dep-213274;2023;114;103;11;0;0
dep-213274;2024;83;67;10;6;0
dep-213762;2025;118;117;1;0;0
dep-213762;2026;68;66;1;1;0
dep-214694;2023;114;111;2;1;0
dep-214694;2024;86;86;0;0;0
dep-214694;2025;78;78;0;0;0
dep-214694;2026;68;68;0;0;0
dep-215043;2023;114;95;8;11;0
dep-215043;2024;86;78;1;7;0
dep-215043;2025;118;107;5;6;0
dep-215043;2026;68;63;0;5;0
dep-217480;2023;54;53;0;1;0
dep-218086;2023;61;60;1;0;0
dep-218086;2024;86;82;4;0;0
dep-218086;2025;118;112;6;0;0
dep-218086;2026;21;21;0;0;0
dep-219585;2023;109;109;0;0;0
dep-219585;2024;85;82;0;3;0
dep-219585;2025;16;13;1;2;0
dep-220008;2024;25;24;0;1;0
dep-220526;2023;114;111;2;1;0
dep-220526;2024;86;83;3;0;0
dep-220526;2025;90;82;7;1;0
dep-220526;2026;68;53;15;0;0
dep-220527;2023;114;111;3;0;0
dep-220527;2024;86;86;0;0;0
dep-220527;2025;118;114;4;0;0
dep-220527;2026;68;65;3;0;0
dep-220528;2023;114;110;2;2;0
dep-220528;2024;86;77;4;5;0
dep-220528;2025;118;104;14;0;0
dep-220528;2026;68;62;6;0;0
dep-220529;2023;114;110;2;2;0
dep-220529;2024;86;86;0;0;0
dep-220529;2025;118;118;0;0;0
dep-220529;2026;68;67;1;0;0
dep-220530;2023;114;112;2;0;0
dep-220530;2024;86;86;0;0;0
dep-220530;2025;118;117;0;1;0
dep-220530;2026;68;68;0;0;0
dep-220531;2023;114;112;1;1;0
dep-220531;2024;86;80;2;4;0
dep-220531;2025;65;57;5;3;0
dep-220532;2023;114;105;3;6;0
dep-220532;2024;86;82;0;4;0
dep-220532;2025;118;107;10;1;0
dep-220532;2026;68;68;0;0;0
dep-220533;2023;114;114;0;0;0
dep-220533;2024;86;83;3;0;0
dep-220533;2025;118;104;13;1;0
dep-220533;2026;68;67;0;1;0
dep-220534;2023;114;110;0;4;0
dep-220534;2024;86;83;1;2;0
dep-220534;2025;118;116;0;2;0
dep-220534;2026;68;65;3;0;0
dep-220536;2023;114;106;5;3;0
dep-220536;2024;86;83;3;0;0
dep-220536;2025;118;113;4;1;0
dep-220536;2026;68;68;0;0;0
dep-220537;2023;114;92;16;6;0
dep-220537;2024;86;67;17;2;0
dep-220537;2025;118;97;15;6;0
dep-220537;2026;68;63;2;3;0
dep-220538;2023;114;106;7;1;0
dep-220538;2024;86;73;13;0;0
dep-220538;2025;118;108;9;1;0
dep-220538;2026;68;66;0;2;0
dep-220539;2023;114;104;5;5;0
dep-220539;2024;86;76;8;2;0
dep-220539;2025;118;115;2;1;0
dep-220539;2026;68;68;0;0;0
dep-220540;2023;114;97;6;11;0
dep-220540;2024;86;73;11;2;0
dep-220540;2025;118;90;19;9;0
dep-220540;2026;68;57;0;11;0
dep-220542;2023;114;96;17;1;0
dep-220542;2024;86;71;15;0;0
dep-220542;2025;118;91;26;1;0
dep-220542;2026;68;65;3;0;0
dep-220543;2023;114;114;0;0;0
dep-220543;2024;86;86;0;0;0
dep-220543;2025;118;118;0;0;0
dep-220543;2026;68;68;0;0;0
dep-220544;2023;114;93;19;2;0
dep-220544;2024;86;86;0;0;0
dep-220544;2025;118;117;1;0;0
dep-220544;2026;68;68;0;0;0
dep-220545;2023;114;111;3;0;0
dep-220545;2024;86;86;0;0;0
dep-220545;2025;118;117;1;0;0
dep-220545;2026;68;67;1;0;0
dep-220546;2023;114;111;3;0;0
dep-220546;2024;86;86;0;0;0
dep-220546;2025;118;118;0;0;0
dep-220546;2026;68;68;0;0;0
dep-220547;2023;114;106;3;5;0
dep-220547;2024;86;86;0;0;0
dep-220547;2025;118;113;3;2;0
dep-220547;2026;68;65;0;3;0
dep-220548;2023;114;104;10;0;0
dep-220548;2024;86;81;1;4;0
dep-220548;2025;118;116;2;0;0
dep-220548;2026;68;67;0;1;0
dep-220549;2023;114;108;6;0;0
dep-220549;2024;86;81;5;0;0
dep-220549;2025;118;116;2;0;0
dep-220549;2026;68;68;0;0;0
dep-220550;2023;114;113;1;0;0
dep-220550;2024;86;86;0;0;0
dep-220550;2025;118;116;0;2;0
dep-220550;2026;68;67;0;1;0
dep-220551;2023;114;104;10;0;0
dep-220551;2024;86;76;10;0;0
dep-220551;2025;118;113;5;0;0
dep-220551;2026;68;54;13;1;0
dep-220552;2023;114;113;1;0;0
dep-220552;2024;86;84;1;1;0
dep-220552;2025;118;118;0;0;0
dep-220552;2026;68;68;0;0;0
dep-220553;2023;114;113;1;0;0
dep-220553;2024;86;80;2;4;0
dep-220553;2025;118;118;0;0;0
dep-220553;2026;68;68;0;0;0
dep-220554;2023;114;108;2;4;0
dep-220554;2024;86;81;4;1;0
dep-220554;2025;118;112;4;2;0
dep-220554;2026;68;64;0;4;0
dep-220555;2023;114;91;23;0;0
dep-220555;2024;86;79;7;0;0
dep-220555;2025;118;103;15;0;0
dep-220555;2026;68;67;1;0;0
dep-220556;2023;114;109;5;0;0
dep-220556;2024;86;85;0;1;0
dep-220556;2025;118;111;6;1;0
dep-220556;2026;68;68;0;0;0
dep-220557;2023;114;109;5;0;0
dep-220557;2024;86;85;1;0;0
dep-220557;2025;118;109;6;3;0
dep-220557;2026;68;60;4;4;0
dep-220558;2023;114;112;2;0;0
dep-220558;2024;86;84;2;0;0
dep-220558;2025;118;114;4;0;0
dep-220558;2026;68;67;0;1;0
dep-220559;2023;114;112;1;1;0
dep-220559;2024;86;84;2;0;0
dep-220559;2025;118;69;47;2;0
dep-220559;2026;68;68;0;0;0
dep-220560;2023;114;113;1;0;0
dep-220560;2024;62;60;0;2;0
dep-220560;2025;118;110;6;2;0
dep-220560;2026;68;62;0;6;0
dep-220561;2023;114;106;8;0;0
dep-220561;2024;86;85;1;0;0
dep-220561;2025;118;105;13;0;0
dep-220561;2026;68;59;9;0;0
dep-220563;2023;114;103;11;0;0
dep-220563;2024;63;55;7;1;0
dep-220563;2025;118;107;10;1;0
dep-220563;2026;68;68;0;0;0
dep-220564;2023;114;101;13;0;0
dep-220564;2024;63;52;11;0;0
dep-220564;2025;118;90;26;2;0
dep-220564;2026;68;19;49;0;0
dep-220565;2023;114;113;0;1;0
dep-220565;2024;86;79;7;0;0
dep-220565;2025;118;108;9;1;0
dep-220565;2026;68;58;2;8;0
dep-220566;2023;114;112;2;0;0
dep-220566;2024;86;71;13;2;0
dep-220566;2025;118;107;8;3;0
dep-220566;2026;68;66;1;1;0
dep-220567;2023;106;92;13;1;0
dep-220567;2024;68;59;9;0;0
dep-220567;2025;118;110;8;0;0
dep-220567;2026;68;65;2;1;0
dep-220568;2023;114;103;6;5;0
dep-220568;2024;86;81;2;3;0
dep-220568;2025;118;118;0;0;0
dep-220568;2026;68;67;1;0;0
dep-220569;2023;114;101;11;2;0
dep-220569;2024;86;81;2;3;0
dep-220569;2025;118;103;10;5;0
dep-220569;2026;68;68;0;0;0
dep-220570;2023;114;109;2;3;0
dep-220570;2024;86;76;10;0;0
dep-220570;2025;118;103;9;6;0
dep-220570;2026;68;64;0;4;0
dep-220571;2023;114;114;0;0;0
dep-220571;2024;86;86;0;0;0
dep-220571;2025;118;118;0;0;0
dep-220571;2026;68;68;0;0;0
dep-220572;2023;114;110;4;0;0
dep-220572;2024;86;85;0;1;0
dep-220572;2025;118;109;4;5;0
dep-220572;2026;68;64;2;2;0
dep-220573;2023;114;90;24;0;0
dep-220573;2024;86;79;4;3;0
dep-220573;2025;118;98;16;4;0
dep-220573;2026;68;56;11;1;0
dep-220574;2023;114;114;0;0;0
dep-220574;2024;86;86;0;0;0
dep-220574;2025;118;118;0;0;0
dep-220574;2026;68;68;0;0;0
dep-220575;2023;114;86;25;3;0
dep-220575;2024;86;66;12;8;0
dep-220575;2025;65;43;19;3;0
dep-220576;2023;114;114;0;0;0
dep-220576;2024;86;86;0;0;0
dep-220576;2025;118;118;0;0;0
dep-220576;2026;68;68;0;0;0
dep-220577;2023;114;111;3;0;0
dep-220577;2024;86;75;8;3;0
dep-220577;2025;65;56;6;3;0
dep-220578;2023;114;114;0;0;0
dep-220578;2024;86;86;0;0;0
dep-220578;2025;118;118;0;0;0
dep-220578;2026;68;68;0;0;0
dep-220579;2023;114;106;7;1;0
dep-220579;2024;86;86;0;0;0
dep-220579;2025;65;47;18;0;0
dep-220580;2023;114;100;9;5;0
dep-220580;2024;86;68;17;1;0
dep-220580;2025;65;46;19;0;0
dep-220581;2023;114;113;0;1;0
dep-220581;2024;86;83;2;1;0
dep-220581;2025;118;116;0;2;0
dep-220581;2026;68;67;0;1;0
dep-220582;2023;114;92;17;5;0
dep-220582;2024;86;73;6;7;0
dep-220582;2025;118;95;8;15;0
dep-220582;2026;68;64;0;4;0
dep-220583;2023;114;114;0;0;0
dep-220583;2024;86;86;0;0;0
dep-220583;2025;118;117;0;1;0
dep-220583;2026;68;68;0;0;0
dep-220584;2023;114;98;8;8;0
dep-220584;2024;86;84;1;1;0
dep-220584;2025;118;107;9;2;0
dep-220584;2026;48;48;0;0;0
dep-220585;2023;114;104;7;3;0
dep-220585;2024;61;59;2;0;0
dep-220585;2025;118;107;5;6;0
dep-220585;2026;68;63;1;4;0
dep-220586;2023;114;109;1;4;0
dep-220586;2024;86;83;0;3;0
dep-220586;2025;118;106;6;6;0
dep-220586;2026;68;64;3;1;0
dep-220587;2023;114;113;1;0;0
dep-220587;2024;86;86;0;0;0
dep-220588;2023;114;107;7;0;0
dep-220588;2024;86;81;5;0;0
dep-220588;2025;118;114;4;0;0
dep-220588;2026;68;67;1;0;0
dep-220589;2023;108;95;13;0;0
dep-220589;2024;68;65;3;0;0
dep-220589;2025;118;112;4;2;0
dep-220589;2026;68;59;3;6;0
dep-220590;2023;114;105;9;0;0
dep-220590;2024;86;83;3;0;0
dep-220590;2025;118;117;0;1;0
dep-220590;2026;68;68;0;0;0
dep-220591;2023;114;101;13;0;0
dep-220591;2024;86;84;2;0;0
dep-220591;2025;118;108;10;0;0
dep-220591;2026;68;66;0;2;0
dep-220592;2023;114;106;8;0;0
dep-220592;2024;86;79;7;0;0
dep-220592;2025;118;114;4;0;0
dep-220592;2026;68;68;0;0;0
dep-220593;2023;114;113;0;1;0
dep-220593;2024;86;59;25;2;0
dep-220594;2023;114;113;1;0;0
dep-220594;2024;86;86;0;0;0
dep-220594;2025;118;113;5;0;0
dep-220594;2026;68;64;0;4;0
dep-220595;2023;114;103;9;2;0
dep-220595;2024;86;74;12;0;0
dep-220595;2025;118;101;11;6;0
dep-220595;2026;68;67;0;1;0
dep-220596;2023;114;113;1;0;0
dep-220596;2024;25;22;3;0;0
dep-220597;2023;114;108;6;0;0
dep-220597;2024;86;85;1;0;0
dep-220597;2025;118;99;19;0;0
dep-220597;2026;68;61;5;2;0
dep-220598;2023;114;109;5;0;0
dep-220598;2024;86;84;2;0;0
dep-220598;2025;118;110;7;1;0
dep-220598;2026;68;68;0;0;0
dep-220599;2023;114;114;0;0;0
dep-220599;2024;86;85;1;0;0
dep-220599;2025;118;114;3;1;0
dep-220599;2026;68;67;0;1;0
dep-220600;2023;114;99;15;0;0
dep-220600;2024;86;71;14;1;0
dep-220600;2025;65;58;4;3;0
dep-220601;2023;114;85;9;20;0
dep-220601;2024;86;64;12;10;0
dep-220602;2023;114;113;1;0;0
dep-220602;2024;86;85;1;0;0
dep-220602;2025;118;115;1;2;0
dep-220602;2026;68;66;1;1;0
dep-220603;2023;114;98;10;6;0
dep-220603;2024;86;73;13;0;0
dep-220603;2025;118;101;16;1;0
dep-220603;2026;68;61;6;1;0
dep-220604;2023;114;87;23;4;0
dep-220604;2024;86;73;8;5;0
dep-220604;2025;118;112;2;4;0
dep-220604;2026;68;63;0;5;0
dep-220605;2023;114;105;9;0;0
dep-220605;2024;86;83;3;0;0
dep-220605;2025;118;118;0;0;0
dep-220605;2026;68;68;0;0;0
dep-220606;2023;114;102;12;0;0
dep-220606;2024;86;85;1;0;0
dep-220606;2025;118;116;2;0;0
dep-220606;2026;68;67;0;1;0
dep-220607;2023;114;112;2;0;0
dep-220607;2024;86;86;0;0;0
dep-220607;2025;118;116;2;0;0
dep-220607;2026;68;68;0;0;0
dep-220608;2023;114;108;6;0;0
dep-220608;2024;86;86;0;0;0
dep-220608;2025;118;115;0;3;0
dep-220608;2026;68;68;0;0;0
dep-220609;2023;114;109;3;2;0
dep-220609;2024;86;84;2;0;0
dep-220609;2025;118;117;0;1;0
dep-220609;2026;68;65;0;3;0
dep-220610;2023;114;113;1;0;0
dep-220610;2024;86;79;7;0;0
dep-220610;2025;118;104;13;1;0
dep-220610;2026;68;68;0;0;0
dep-220611;2023;114;104;8;2;0
dep-220611;2024;86;82;4;0;0
dep-220611;2025;118;115;3;0;0
dep-220611;2026;68;67;1;0;0
dep-220612;2023;114;114;0;0;0
dep-220612;2024;86;86;0;0;0
dep-220612;2025;118;118;0;0;0
dep-220612;2026;68;68;0;0;0
dep-220613;2023;114;112;2;0;0
dep-220613;2024;86;86;0;0;0
dep-220613;2025;118;101;15;2;0
dep-220613;2026;68;49;19;0;0
dep-220614;2023;50;45;4;1;0
dep-220614;2024;29;29;0;0;0
dep-220614;2025;10;10;0;0;0
dep-220614;2026;47;47;0;0;0
dep-220615;2023;114;111;1;2;0
dep-220615;2024;86;86;0;0;0
dep-220615;2025;118;114;4;0;0
dep-220615;2026;68;66;2;0;0
dep-220616;2023;114;110;3;1;0
dep-220616;2024;86;74;8;4;0
dep-220616;2025;118;102;13;3;0
dep-220616;2026;48;41;3;4;0
dep-220617;2023;114;107;6;1;0
dep-220617;2024;86;84;1;1;0
dep-220617;2025;118;116;0;2;0
dep-220617;2026;68;65;0;3;0
dep-220618;2023;114;112;2;0;0
dep-220618;2024;86;71;15;0;0
dep-220618;2025;118;108;9;1;0
dep-220618;2026;68;68;0;0;0
dep-220619;2023;114;112;1;1;0
dep-220619;2024;86;85;0;1;0
dep-220619;2025;118;108;7;3;0
dep-220620;2023;114;111;2;1;0
dep-220620;2024;86;80;4;2;0
dep-220620;2025;118;113;5;0;0
dep-220620;2026;68;62;2;4;0
dep-220621;2023;114;114;0;0;0
dep-220621;2024;86;85;1;0;0
dep-220621;2025;118;114;3;1;0
dep-220621;2026;68;68;0;0;0
dep-220622;2023;114;108;6;0;0
dep-220622;2024;86;84;2;0;0
dep-220622;2025;107;103;3;1;0
dep-220622;2026;51;51;0;0;0
dep-220623;2023;114;84;30;0;0
dep-220623;2024;86;70;16;0;0
dep-220623;2025;118;109;8;1;0
dep-220623;2026;68;68;0;0;0
dep-220624;2023;114;113;1;0;0
dep-220624;2024;86;83;2;1;0
dep-220624;2025;118;115;3;0;0
dep-220624;2026;68;68;0;0;0
dep-220625;2023;114;99;15;0;0
dep-220625;2024;86;70;16;0;0
dep-220625;2025;118;95;22;1;0
dep-220625;2026;68;64;4;0;0
dep-220626;2023;114;109;5;0;0
dep-220626;2024;86;82;4;0;0
dep-220626;2025;118;106;12;0;0
dep-220626;2026;68;61;7;0;0
dep-220627;2023;114;106;6;2;0
dep-220627;2024;86;77;8;1;0
dep-220628;2023;114;90;23;1;0
dep-220628;2024;86;82;4;0;0
dep-220628;2025;118;113;3;2;0
dep-220628;2026;68;67;0;1;0
dep-220629;2023;114;100;14;0;0
dep-220629;2024;86;82;1;3;0
dep-220629;2025;118;107;7;4;0
dep-220629;2026;68;66;1;1;0
dep-220630;2023;114;96;18;0;0
dep-220630;2024;86;83;3;0;0
dep-220630;2025;102;98;4;0;0
dep-220630;2026;60;59;1;0;0
dep-220631;2023;114;111;3;0;0
dep-220631;2024;86;84;1;1;0
dep-220631;2025;118;112;2;4;0
dep-220631;2026;68;66;0;2;0
dep-220632;2023;114;105;6;3;0
dep-220632;2024;86;85;1;0;0
dep-220632;2025;118;115;3;0;0
dep-220632;2026;68;66;2;0;0
dep-220633;2023;114;95;10;9;0
dep-220633;2024;86;76;8;2;0
dep-220633;2025;118;96;19;3;0
dep-220633;2026;68;62;4;2;0
dep-220634;2023;102;102;0;0;0
dep-220635;2023;114;114;0;0;0
dep-220635;2024;86;81;5;0;0
dep-220635;2025;118;112;3;3;0
dep-220635;2026;68;68;0;0;0
dep-220636;2023;1;1;0;0;0
dep-220636;2025;1;1;0;0;0
dep-220637;2023;2;2;0;0;0
dep-220637;2026;47;47;0;0;0
dep-220638;2023;114;112;2;0;0
dep-220638;2024;86;86;0;0;0
dep-220638;2025;118;116;2;0;0
dep-220638;2026;68;68;0;0;0
dep-220639;2023;114;109;5;0;0
dep-220639;2024;86;76;5;5;0
dep-220639;2025;100;96;1;3;0
dep-220640;2023;114;109;5;0;0
dep-220640;2024;86;76;9;1;0
dep-220640;2025;118;110;7;1;0
dep-220640;2026;68;67;0;1;0
dep-220641;2023;114;111;0;3;0
dep-220641;2024;86;82;0;4;0
dep-220641;2025;118;114;4;0;0
dep-220641;2026;68;67;1;0;0
dep-220642;2023;5;3;0;2;0
dep-220642;2024;40;40;0;0;0
dep-220642;2025;118;115;3;0;0
dep-220642;2026;68;66;1;1;0
dep-220643;2023;1;1;0;0;0
dep-220643;2026;47;47;0;0;0
dep-220644;2023;114;109;3;2;0
dep-220644;2024;86;81;3;2;0
dep-220644;2025;118;107;10;1;0
dep-220644;2026;68;62;5;1;0
dep-220645;2023;114;82;30;2;0
dep-220645;2024;86;66;20;0;0
dep-220645;2025;118;110;7;1;0
dep-220645;2026;68;68;0;0;0
dep-220646;2023;112;102;7;3;0
dep-220646;2024;1;1;0;0;0
dep-220646;2025;118;109;5;4;0
dep-220646;2026;68;66;0;2;0
dep-220647;2023;114;93;11;10;0
dep-220647;2024;86;69;9;8;0
dep-220647;2025;118;107;2;9;0
dep-220647;2026;68;63;1;4;0
dep-220648;2023;114;107;6;1;0
dep-220648;2024;86;79;2;5;0
dep-220648;2025;118;108;8;2;0
dep-220648;2026;68;62;1;5;0
dep-220649;2023;114;91;11;12;0
dep-220649;2024;86;76;10;0;0
dep-220649;2025;118;106;8;4;0
dep-220649;2026;68;63;0;5;0
dep-220650;2023;114;81;33;0;0
dep-220650;2024;86;83;2;1;0
dep-220650;2025;118;118;0;0;0
dep-220650;2026;68;65;3;0;0
dep-220651;2023;114;108;6;0;0
dep-220651;2024;86;75;10;1;0
dep-220651;2025;118;92;22;4;0
dep-220651;2026;68;67;1;0;0
dep-220652;2023;114;113;1;0;0
dep-220652;2024;86;86;0;0;0
dep-220652;2025;118;112;6;0;0
dep-220652;2026;68;68;0;0;0
dep-220653;2023;114;106;4;4;0
dep-220653;2024;86;85;0;1;0
dep-220653;2025;118;116;1;1;0
dep-220653;2026;68;68;0;0;0
dep-220654;2023;114;109;5;0;0
dep-220654;2024;86;86;0;0;0
dep-220654;2025;118;118;0;0;0
dep-220654;2026;68;67;1;0;0
dep-220655;2023;113;110;3;0;0
dep-220655;2024;86;77;8;1;0
dep-220655;2025;118;100;13;5;0
dep-220655;2026;68;51;9;8;0
dep-220656;2023;114;105;9;0;0
dep-220656;2024;86;82;4;0;0
dep-220656;2025;110;102;7;1;0
dep-220656;2026;47;47;0;0;0
dep-220657;2023;114;106;6;2;0
dep-220657;2024;56;52;0;4;0
dep-220657;2025;118;115;3;0;0
dep-220657;2026;68;67;1;0;0
dep-220658;2023;114;110;1;3;0
dep-220658;2024;86;80;4;2;0
dep-220658;2025;118;111;4;3;0
dep-220658;2026;68;68;0;0;0
dep-220659;2023;114;97;15;2;0
dep-220659;2024;86;82;3;1;0
dep-220659;2025;118;103;10;5;0
dep-220659;2026;15;12;3;0;0
dep-220660;2023;76;69;7;0;0
dep-220660;2024;86;78;7;1;0
dep-220660;2025;118;117;1;0;0
dep-220660;2026;37;37;0;0;0
dep-220661;2023;114;89;20;5;0
dep-220661;2024;86;86;0;0;0
dep-220661;2025;118;117;0;1;0
dep-220661;2026;68;68;0;0;0
dep-220662;2023;114;110;0;4;0
dep-220662;2024;86;85;0;1;0
dep-220662;2025;118;118;0;0;0
dep-220662;2026;68;68;0;0;0
dep-220663;2023;114;109;5;0;0
dep-220663;2024;86;85;1;0;0
dep-220663;2025;118;107;11;0;0
dep-220663;2026;68;67;0;1;0
dep-220664;2023;114;109;3;2;0
dep-220664;2024;86;80;5;1;0
dep-220664;2025;118;108;5;5;0
dep-220664;2026;68;65;3;0;0
dep-220665;2023;114;109;3;2;0
dep-220665;2024;61;57;2;2;0
dep-220665;2025;118;116;2;0;0
dep-220665;2026;68;66;1;1;0
dep-220666;2023;114;106;7;1;0
dep-220666;2024;86;86;0;0;0
dep-220666;2025;118;115;2;1;0
dep-220666;2026;68;63;3;2;0
dep-220667;2023;114;102;10;2;0
dep-220667;2024;86;76;8;2;0
dep-220667;2025;118;110;8;0;0
dep-220667;2026;68;66;2;0;0
dep-220668;2023;114;110;3;1;0
dep-220668;2024;86;67;19;0;0
dep-220668;2025;118;106;12;0;0
dep-220668;2026;68;65;1;2;0
dep-220669;2023;114;102;12;0;0
dep-220669;2024;86;78;8;0;0
dep-220669;2025;118;115;3;0;0
dep-220669;2026;68;63;5;0;0
dep-220670;2023;114;105;9;0;0
dep-220670;2024;86;71;15;0;0
dep-220670;2025;118;97;21;0;0
dep-220670;2026;68;68;0;0;0
dep-220671;2023;114;106;7;1;0
dep-220671;2024;86;83;2;1;0
dep-220671;2025;118;116;1;1;0
dep-220671;2026;68;66;2;0;0
dep-220672;2023;114;99;12;3;0
dep-220672;2024;86;78;2;6;0
dep-220672;2025;118;115;0;3;0
dep-220672;2026;68;66;0;2;0
dep-220673;2023;114;113;1;0;0
dep-220673;2024;86;85;0;1;0
dep-220673;2025;118;117;0;1;0
dep-220673;2026;68;68;0;0;0
dep-220674;2023;114;96;15;3;0
dep-220674;2024;86;69;14;3;0
dep-220674;2025;118;108;9;1;0
dep-220674;2026;68;67;0;1;0
dep-220675;2023;114;91;19;4;0
dep-220675;2024;86;77;7;2;0
dep-220675;2025;118;112;4;2;0
dep-220675;2026;68;68;0;0;0
dep-220676;2023;114;92;17;5;0
dep-220676;2024;86;60;25;1;0
dep-220676;2025;118;112;1;5;0
dep-220676;2026;68;49;11;8;0
dep-220677;2023;114;106;6;2;0
dep-220677;2024;86;83;2;1;0
dep-220677;2025;118;109;9;0;0
dep-220677;2026;68;68;0;0;0
dep-220681;2023;114;80;34;0;0
dep-220681;2024;62;52;1;9;0
dep-220681;2025;118;105;5;8;0
dep-220681;2026;68;63;0;5;0
dep-220682;2023;114;109;4;1;0
dep-220682;2024;86;86;0;0;0
dep-220682;2025;118;118;0;0;0
dep-220682;2026;68;67;0;1;0
dep-220683;2023;114;113;0;1;0
dep-220683;2024;86;80;6;0;0
dep-220683;2025;118;106;10;2;0
dep-220683;2026;68;63;5;0;0
dep-220684;2023;114;100;10;4;0
dep-220684;2024;86;72;10;4;0
dep-220684;2025;118;98;17;3;0
dep-220684;2026;68;59;3;6;0
dep-220685;2023;114;103;9;2;0
dep-220685;2024;86;80;6;0;0
dep-220685;2025;118;114;4;0;0
dep-220685;2026;68;65;2;1;0
dep-220686;2023;114;111;3;0;0
dep-220686;2024;86;86;0;0;0
dep-220686;2025;118;118;0;0;0
dep-220686;2026;68;68;0;0;0
dep-220687;2023;114;92;14;8;0
dep-220687;2024;61;56;5;0;0
dep-220687;2025;118;106;12;0;0
dep-220687;2026;68;62;6;0;0
dep-220688;2023;114;113;1;0;0
dep-220688;2024;86;86;0;0;0
dep-220688;2025;118;117;1;0;0
dep-220688;2026;68;68;0;0;0
dep-220689;2023;102;70;22;10;0
dep-220689;2024;70;56;9;5;0
dep-220689;2025;118;100;9;9;0
dep-220689;2026;18;17;0;1;0
dep-220690;2023;114;109;5;0;0
dep-220690;2024;86;83;2;1;0
dep-220690;2025;118;118;0;0;0
dep-220690;2026;68;67;1;0;0
dep-220691;2023;114;107;3;4;0
dep-220691;2024;86;81;4;1;0
dep-220691;2025;118;108;8;2;0
dep-220691;2026;68;67;1;0;0
dep-220692;2023;114;98;6;10;0
dep-220692;2024;86;76;5;5;0
dep-220692;2025;118;111;0;7;0
dep-220692;2026;68;62;1;5;0
dep-220693;2023;114;101;11;2;0
dep-220693;2024;86;75;5;6;0
dep-220693;2025;118;105;13;0;0
dep-220693;2026;68;61;5;2;0
dep-220694;2023;114;104;7;3;0
dep-220694;2024;86;79;7;0;0
dep-220694;2025;118;117;1;0;0
dep-220694;2026;68;68;0;0;0
dep-220695;2023;114;106;8;0;0
dep-220695;2024;86;84;2;0;0
dep-220695;2025;118;115;2;1;0
dep-220695;2026;68;60;2;6;0
dep-220696;2023;114;105;9;0;0
dep-220696;2024;86;83;3;0;0
dep-220696;2025;118;118;0;0;0
dep-220696;2026;68;68;0;0;0
dep-220697;2023;114;91;9;14;0
dep-220697;2024;86;78;6;2;0
dep-220697;2025;118;114;0;4;0
dep-220697;2026;68;59;4;5;0
dep-220698;2023;33;31;1;1;0
dep-220698;2024;36;34;1;1;0
dep-220698;2026;47;47;0;0;0
dep-220699;2023;114;100;14;0;0
dep-220699;2024;86;81;5;0;0
dep-220699;2025;118;106;10;2;0
dep-220699;2026;68;66;0;2;0
dep-220700;2023;114;110;4;0;0
dep-220700;2024;86;79;6;1;0
dep-220700;2025;118;113;3;2;0
dep-220700;2026;68;64;0;4;0
dep-220701;2023;114;110;4;0;0
dep-220701;2024;86;81;5;0;0
dep-220701;2025;118;116;2;0;0
dep-220701;2026;68;66;2;0;0
dep-220702;2023;114;99;14;1;0
dep-220702;2024;51;37;12;2;0
dep-220702;2025;118;101;6;11;0
dep-220702;2026;68;63;0;5;0
dep-220703;2023;114;108;6;0;0
dep-220703;2024;86;85;1;0;0
dep-220703;2025;118;113;5;0;0
dep-220703;2026;68;68;0;0;0
dep-220704;2023;114;98;14;2;0
dep-220704;2024;86;77;7;2;0
dep-220704;2025;118;90;25;3;0
dep-220704;2026;68;56;11;1;0
dep-220705;2023;46;45;0;1;0
dep-220706;2023;114;92;21;1;0
dep-220706;2024;86;61;24;1;0
dep-220706;2025;118;101;17;0;0
dep-220706;2026;50;41;8;1;0
dep-220707;2023;114;104;10;0;0
dep-220707;2024;54;54;0;0;0
dep-220707;2025;118;68;47;3;0
dep-220707;2026;68;56;2;10;0
dep-220708;2023;114;111;0;3;0
dep-220708;2024;86;86;0;0;0
dep-220708;2025;118;117;1;0;0
dep-220708;2026;68;67;0;1;0
dep-220712;2023;114;92;18;4;0
dep-220712;2024;21;16;3;2;0
dep-220712;2025;118;102;12;4;0
dep-220712;2026;68;59;1;8;0
dep-220713;2023;114;104;2;8;0
dep-220713;2024;86;83;1;2;0
dep-220713;2025;3;3;0;0;0
dep-220713;2026;58;53;0;5;0
dep-220714;2023;114;100;11;3;0
dep-220714;2024;86;84;1;1;0
dep-220714;2025;118;118;0;0;0
dep-220714;2026;68;67;0;1;0
dep-220715;2023;114;93;18;3;0
dep-220715;2024;86;82;3;1;0
dep-220715;2025;118;100;15;3;0
dep-220715;2026;68;66;0;2;0
dep-221148;2023;111;111;0;0;0
dep-221148;2024;86;86;0;0;0
dep-221148;2025;117;116;1;0;0
dep-221148;2026;68;68;0;0;0
dep-221328;2023;113;108;4;1;0
dep-221328;2024;82;81;0;1;0
dep-221328;2025;109;107;2;0;0
dep-221328;2026;68;66;0;2;0
dep-221329;2023;86;72;11;3;0
dep-221329;2025;85;80;3;2;0
dep-221329;2026;68;65;3;0;0
dep-221338;2023;112;111;0;1;0
dep-221338;2024;86;84;0;2;0
dep-221338;2025;118;115;1;2;0
dep-221338;2026;68;67;0;1;0
dep-221339;2023;112;106;5;1;0
dep-221339;2024;86;79;2;5;0
dep-221378;2023;112;111;1;0;0
dep-221378;2024;86;84;2;0;0
dep-222142;2023;110;105;5;0;0
dep-222142;2024;46;46;0;0;0
dep-222429;2023;107;107;0;0;0
dep-222429;2024;83;80;2;1;0
dep-222429;2025;116;116;0;0;0
dep-222429;2026;19;19;0;0;0
dep-222565;2026;17;17;0;0;0
dep-223128;2023;104;104;0;0;0
dep-223128;2024;85;83;0;2;0
dep-223128;2025;118;114;4;0;0
dep-223128;2026;21;21;0;0;0
dep-223398;2024;33;31;2;0;0
dep-224117;2023;102;99;3;0;0
dep-224117;2024;86;82;3;1;0
dep-224117;2025;118;111;7;0;0
dep-224117;2026;68;67;1;0;0
dep-224333;2023;100;89;4;7;0
dep-224333;2024;86;84;1;1;0
dep-224333;2025;118;115;2;1;0
dep-224333;2026;68;67;1;0;0
dep-225386;2023;4;4;0;0;0
dep-225386;2024;35;29;6;0;0
dep-225386;2025;2;2;0;0;0
dep-225727;2023;37;35;2;0;0
dep-225730;2023;36;36;0;0;0
dep-225730;2025;117;83;29;5;0
dep-225730;2026;21;16;4;1;0
dep-225846;2026;35;35;0;0;0
dep-226075;2023;38;36;0;2;0
dep-226075;2026;7;6;0;1;0
dep-226179;2023;59;58;1;0;0
dep-226179;2024;85;83;2;0;0
dep-226179;2025;118;118;0;0;0
dep-226179;2026;21;21;0;0;0
dep-226410;2023;45;45;0;0;0
dep-226553;2023;31;30;0;1;0
dep-226708;2023;40;40;0;0;0
dep-226708;2024;83;78;4;1;0
dep-226708;2025;117;113;2;2;0
dep-226708;2026;21;18;3;0;0
dep-226837;2023;34;34;0;0;0
dep-226837;2024;86;78;3;5;0
dep-226837;2025;118;113;2;3;0
dep-226837;2026;68;68;0;0;0
dep-227275;2023;13;11;2;0;0
dep-227275;2024;16;14;2;0;0
dep-227310;2023;11;11;0;0;0
dep-227310;2024;16;16;0;0;0
dep-227310;2026;50;48;0;2;0
dep-227323;2023;10;10;0;0;0
dep-227323;2024;16;12;3;1;0
dep-227324;2023;10;10;0;0;0
dep-227324;2024;16;14;1;1;0
dep-227370;2023;8;8;0;0;0
dep-227370;2024;18;18;0;0;0
dep-227401;2023;6;6;0;0;0
dep-227401;2024;18;16;1;1;0
dep-227433;2023;2;2;0;0;0
dep-227433;2024;85;84;0;1;0
dep-227433;2025;107;102;2;3;0
dep-227433;2026;14;14;0;0;0
dep-227660;2024;79;74;3;2;0
dep-227660;2025;65;55;8;2;0
dep-227800;2024;34;33;1;0;0
dep-227991;2024;31;31;0;0;0
dep-227991;2026;68;66;2;0;0
dep-228042;2024;6;6;0;0;0
dep-228272;2024;30;27;2;1;0
dep-228616;2024;31;30;0;1;0
dep-228797;2024;32;32;0;0;0
dep-228837;2024;29;29;0;0;0
dep-228941;2024;26;25;0;1;0
dep-229069;2024;24;24;0;0;0
dep-229082;2024;25;22;3;0;0
dep-229106;2024;23;23;0;0;0
dep-229112;2024;25;25;0;0;0
dep-229225;2024;24;23;1;0;0
dep-229259;2024;23;23;0;0;0
dep-229333;2024;24;24;0;0;0
dep-229432;2024;21;19;0;2;0
dep-229432;2025;102;102;0;0;0
dep-229432;2026;1;1;0;0;0
dep-229585;2024;25;24;1;0;0
dep-229585;2026;21;21;0;0;0
dep-229939;2024;34;34;0;0;0
dep-230088;2024;28;26;2;0;0
dep-230177;2024;27;27;0;0;0
dep-230762;2025;116;84;30;2;0
dep-230764;2025;24;24;0;0;0
dep-230765;2025;118;115;3;0;0
dep-230765;2026;68;65;1;2;0
dep-230767;2025;118;113;5;0;0
dep-230767;2026;68;62;3;3;0
dep-230768;2025;118;113;2;3;0
dep-230768;2026;68;67;1;0;0
dep-230957;2025;118;114;3;1;0
dep-230957;2026;68;66;0;2;0
dep-231911;2025;105;105;0;0;0
dep-231911;2026;21;21;0;0;0
dep-233218;2025;42;39;0;3;0
dep-233592;2025;42;42;0;0;0
dep-233592;2026;47;47;0;0;0
dep-233594;2025;53;52;0;1;0
dep-233594;2026;68;66;0;2;0
dep-233598;2025;46;44;1;1;0
dep-234253;2025;12;12;0;0;0
dep-234253;2026;11;11;0;0;0
dep-234310;2025;18;16;0;2;0
dep-234310;2026;21;21;0;0;0
dep-234388;2025;16;16;0;0;0
dep-234388;2026;8;8;0;0;0
dep-234406;2025;15;15;0;0;0
dep-234406;2026;2;2;0;0;0
dep-234673;2025;8;8;0;0;0
dep-234673;2026;50;50;0;0;0
dep-234788;2025;1;1;0;0;0
dep-234788;2026;52;46;5;1;0
dep-234840;2026;10;9;1;0;0
dep-235088;2026;48;48;0;0;0
dep-235620;2026;42;41;0;1;0
dep-235712;2026;40;40;0;0;0
dep-235776;2026;40;40;0;0;0
dep-235800;2026;46;45;0;1;0
dep-235869;2026;38;38;0;0;0
dep-236284;2026;25;25;0;0;0
dep-236375;2026;21;19;0;2;0
dep-236423;2026;17;17;0;0;0
dep-236518;2026;17;15;0;2;0
dep-62881;2023;114;103;8;3;0
dep-62881;2024;86;78;5;3;0
dep-62881;2025;118;103;8;7;0
dep-62881;2026;68;62;3;3;0
dep-66385;2023;114;105;8;1;0
dep-66385;2024;86;85;0;1;0
dep-66385;2025;103;102;0;1;0
dep-66385;2026;66;58;7;1;0
dep-66828;2023;114;92;20;2;0
dep-66828;2024;86;76;9;1;0
dep-66828;2025;118;96;21;1;0
dep-66828;2026;68;64;3;1;0
dep-68720;2024;22;22;0;0;0
dep-69871;2023;114;107;7;0;0
dep-69871;2024;86;79;3;4;0
dep-69871;2025;118;114;3;1;0
dep-69871;2026;68;68;0;0;0
dep-72442;2023;114;102;12;0;0
dep-72442;2024;86;72;8;6;0
dep-72442;2025;118;104;8;6;0
dep-72442;2026;68;68;0;0;0
dep-73433;2023;114;108;6;0;0
dep-73433;2024;86;86;0;0;0
dep-73433;2025;118;112;6;0;0
dep-73433;2026;68;66;2;0;0
dep-73441;2023;114;113;1;0;0
dep-73441;2024;86;85;1;0;0
dep-73441;2025;118;118;0;0;0
dep-73441;2026;68;66;0;2;0
dep-73486;2023;114;105;9;0;0
dep-73486;2024;86;80;6;0;0
dep-73486;2025;118;117;0;1;0
dep-73486;2026;68;66;0;2;0
dep-73531;2023;112;79;33;0;0
dep-73531;2024;86;85;1;0;0
dep-73531;2025;118;117;1;0;0
dep-73531;2026;21;21;0;0;0
dep-73579;2023;114;108;6;0;0
dep-73579;2024;86;84;1;1;0
dep-73579;2025;118;114;2;2;0
dep-73579;2026;68;68;0;0;0
dep-73604;2023;114;114;0;0;0
dep-73604;2024;62;61;1;0;0
dep-73604;2025;118;116;2;0;0
dep-73604;2026;68;67;0;1;0
dep-73692;2023;114;94;19;1;0
dep-73692;2024;86;79;5;2;0
dep-73692;2025;118;117;1;0;0
dep-73692;2026;68;63;5;0;0
dep-73701;2023;114;86;28;0;0
dep-73701;2024;86;80;5;1;0
dep-73701;2025;118;108;10;0;0
dep-73701;2026;68;68;0;0;0
dep-73768;2023;114;103;7;4;0
dep-73768;2024;86;85;0;1;0
dep-73768;2025;118;116;0;2;0
dep-73768;2026;68;68;0;0;0
dep-73778;2023;66;62;4;0;0
dep-73778;2024;86;77;9;0;0
dep-73778;2025;118;104;14;0;0
dep-73778;2026;68;68;0;0;0
dep-73788;2023;5;3;0;2;0
dep-73788;2024;1;1;0;0;0
dep-73788;2025;102;95;4;3;0
dep-73788;2026;68;68;0;0;0
dep-73801;2023;114;108;4;2;0
dep-73801;2024;86;84;0;2;0
dep-73801;2025;118;114;4;0;0
dep-73801;2026;68;64;0;4;0
dep-73806;2023;114;82;24;8;0
dep-73806;2024;54;37;15;2;0
dep-73806;2025;1;0;0;1;0
dep-73806;2026;4;4;0;0;0
dep-73808;2023;12;3;7;2;0
dep-73808;2024;4;4;0;0;0
dep-73808;2025;13;12;1;0;0
dep-73808;2026;68;66;1;1;0
dep-74041;2023;114;109;5;0;0
dep-74041;2024;86;85;1;0;0
dep-74041;2025;118;117;0;1;0
dep-74041;2026;68;68;0;0;0
dep-74043;2023;114;95;14;5;0
dep-74043;2024;86;74;7;5;0
dep-74043;2025;118;94;18;6;0
dep-74043;2026;68;59;3;6;0
dep-74044;2023;114;110;3;1;0
dep-74044;2024;61;57;4;0;0
dep-74044;2025;118;110;7;1;0
dep-74044;2026;48;46;1;1;0
dep-74052;2024;23;23;0;0;0
dep-74057;2023;114;111;3;0;0
dep-74057;2024;86;83;3;0;0
dep-74057;2025;118;117;1;0;0
dep-74057;2026;68;66;2;0;0
dep-74060;2023;114;104;9;1;0
dep-74060;2024;86;85;0;1;0
dep-74060;2025;118;115;1;2;0
dep-74060;2026;68;67;0;1;0
dep-74065;2025;26;19;7;0;0
dep-74065;2026;21;21;0;0;0
dep-74075;2023;114;81;30;3;0
dep-74075;2024;86;61;23;2;0
dep-74075;2025;118;74;41;3;0
dep-74075;2026;68;57;11;0;0
dep-74079;2023;114;95;5;14;0
dep-74079;2024;86;69;5;12;0
dep-74079;2025;118;111;3;4;0
dep-74079;2026;68;58;0;10;0
dep-74084;2023;114;114;0;0;0
dep-74084;2024;86;86;0;0;0
dep-74084;2025;118;118;0;0;0
dep-74084;2026;68;68;0;0;0
dep-74090;2023;114;99;10;5;0
dep-74090;2024;86;82;2;2;0
dep-74090;2025;118;109;2;7;0
dep-74090;2026;68;58;5;5;0
dep-74095;2024;65;65;0;0;0
dep-74095;2025;115;115;0;0;0
dep-74095;2026;10;10;0;0;0
dep-74140;2026;14;14;0;0;0
dep-74141;2023;105;95;9;1;0
dep-74141;2024;82;81;1;0;0
dep-74141;2025;117;116;1;0;0
dep-74156;2023;114;108;3;3;0
dep-74156;2024;86;84;1;1;0
dep-74156;2025;118;114;3;1;0
dep-74156;2026;68;68;0;0;0
dep-74158;2023;114;88;25;1;0
dep-74158;2024;56;51;5;0;0
dep-74158;2025;118;116;2;0;0
dep-74158;2026;68;61;6;1;0
dep-74159;2023;114;113;1;0;0
dep-74159;2024;86;85;1;0;0
dep-74159;2025;118;112;6;0;0
dep-74159;2026;43;43;0;0;0
dep-74160;2023;114;95;15;4;0
dep-74160;2024;86;84;2;0;0
dep-74160;2025;118;115;2;1;0
dep-74160;2026;68;68;0;0;0
dep-74161;2023;114;104;4;6;0
dep-74161;2024;86;81;3;2;0
dep-74161;2025;118;112;0;6;0
dep-74161;2026;68;66;0;2;0
dep-74171;2023;114;114;0;0;0
dep-74171;2024;86;86;0;0;0
dep-74171;2025;118;118;0;0;0
dep-74171;2026;68;67;0;1;0
dep-74253;2023;114;95;18;1;0
dep-74253;2024;86;73;12;1;0
dep-74253;2025;118;112;3;3;0
dep-74253;2026;68;61;3;4;0
dep-74262;2023;114;100;14;0;0
dep-74262;2024;86;78;8;0;0
dep-74262;2025;118;108;10;0;0
dep-74262;2026;68;68;0;0;0
dep-74270;2023;114;74;40;0;0
dep-74270;2024;86;64;22;0;0
dep-74270;2025;118;102;13;3;0
dep-74270;2026;68;53;15;0;0
dep-74273;2023;114;105;7;2;0
dep-74273;2024;86;81;5;0;0
dep-74273;2025;118;115;2;1;0
dep-74273;2026;68;67;1;0;0
dep-74283;2023;112;103;9;0;0
dep-74283;2024;86;84;2;0;0
dep-74283;2025;117;106;10;1;0
dep-74283;2026;21;20;1;0;0
dep-74295;2026;44;44;0;0;0
dep-74299;2023;88;87;0;1;0
dep-74299;2024;38;36;0;2;0
dep-74299;2025;118;115;3;0;0
dep-74299;2026;21;21;0;0;0
dep-74317;2023;114;104;10;0;0
dep-74317;2024;86;83;3;0;0
dep-74317;2025;118;115;1;2;0
dep-74317;2026;68;65;0;3;0
dep-74356;2023;114;98;10;6;0
dep-74356;2024;86;72;5;9;0
dep-74356;2025;118;95;11;12;0
dep-74356;2026;30;27;0;3;0
dep-74371;2023;114;106;1;7;0
dep-74371;2024;86;83;0;3;0
dep-74371;2025;118;113;0;5;0
dep-74371;2026;68;65;0;3;0
dep-74374;2023;114;109;3;2;0
dep-74374;2024;86;82;3;1;0
dep-74374;2025;118;117;1;0;0
dep-74374;2026;68;68;0;0;0
dep-74376;2023;114;102;9;3;0
dep-74376;2024;86;82;4;0;0
dep-74376;2025;118;102;13;3;0
dep-74376;2026;68;66;2;0;0
dep-74383;2023;114;109;3;2;0
dep-74383;2024;86;78;5;3;0
dep-74383;2025;118;102;16;0;0
dep-74383;2026;33;22;10;1;0
dep-74398;2023;114;90;24;0;0
dep-74398;2024;86;75;11;0;0
dep-74398;2025;118;108;8;2;0
dep-74398;2026;68;65;2;1;0
dep-74400;2023;2;2;0;0;0
dep-74400;2025;118;112;6;0;0
dep-74400;2026;68;68;0;0;0
dep-74428;2023;114;112;2;0;0
dep-74428;2024;86;79;7;0;0
dep-74428;2025;118;116;1;1;0
dep-74428;2026;68;67;0;1;0
dep-74454;2023;114;103;9;2;0
dep-74454;2024;86;85;0;1;0
dep-74454;2025;76;74;1;1;0
dep-74454;2026;68;61;6;1;0
dep-74467;2023;114;103;4;7;0
dep-74467;2024;86;76;6;4;0
dep-74467;2025;118;108;4;6;0
dep-74467;2026;68;67;0;1;0
dep-74478;2023;114;63;51;0;0
dep-74478;2024;86;45;41;0;0
dep-74478;2025;118;58;54;6;0
dep-74478;2026;68;67;0;1;0
dep-74537;2023;114;106;8;0;0
dep-74537;2024;86;80;6;0;0
dep-74537;2025;118;114;3;1;0
dep-74537;2026;68;67;1;0;0
dep-74550;2023;114;103;10;1;0
dep-74550;2024;86;77;6;3;0
dep-74550;2025;118;95;21;2;0
dep-74550;2026;23;23;0;0;0
dep-74554;2023;114;100;13;1;0
dep-74554;2024;86;72;12;2;0
dep-74554;2025;118;98;20;0;0
dep-74554;2026;68;62;6;0;0
dep-74574;2023;114;113;1;0;0
dep-74574;2024;86;86;0;0;0
dep-74574;2025;118;116;2;0;0
dep-74574;2026;68;67;1;0;0
dep-74585;2023;114;113;1;0;0
dep-74585;2024;86;86;0;0;0
dep-74585;2025;118;116;2;0;0
dep-74585;2026;68;68;0;0;0
dep-74646;2023;114;88;26;0;0
dep-74646;2024;86;68;18;0;0
dep-74646;2025;118;105;13;0;0
dep-74646;2026;68;64;4;0;0
dep-74696;2023;114;97;12;5;0
dep-74696;2024;86;57;18;11;0
dep-74784;2023;114;73;41;0;0
dep-74784;2024;86;72;13;1;0
dep-74784;2025;118;101;17;0;0
dep-74784;2026;68;67;0;1;0
dep-74848;2023;114;104;10;0;0
dep-74848;2024;86;85;1;0;0
dep-74848;2025;118;118;0;0;0
dep-74848;2026;68;67;1;0;0
dep-74856;2023;114;108;6;0;0
dep-74856;2024;86;86;0;0;0
dep-74856;2025;118;117;1;0;0
dep-74856;2026;68;68;0;0;0
dep-74858;2023;114;111;3;0;0
dep-74858;2024;86;81;0;5;0
dep-74858;2025;118;117;1;0;0
dep-74858;2026;68;68;0;0;0
dep-77003;2025;11;11;0;0;0
dep-77003;2026;17;14;3;0;0
dep-80815;2023;114;111;1;2;0
dep-80815;2024;86;86;0;0;0
dep-80815;2025;118;118;0;0;0
dep-80815;2026;54;53;0;1;0
dep-81055;2023;114;111;2;1;0
dep-81055;2024;86;83;2;1;0
dep-81055;2025;118;116;2;0;0
dep-81055;2026;68;68;0;0;0
dep-88256;2023;114;108;2;4;0
dep-88256;2024;86;77;8;1;0
dep-88256;2025;118;115;3;0;0
dep-88256;2026;68;68;0;0;0
dep-89536;2023;88;88;0;0;0
dep-91228;2023;114;107;2;5;0
dep-91228;2024;86;80;0;6;0
dep-91228;2025;118;116;0;2;0
dep-91228;2026;68;68;0;0;0
dep-92102;2023;114;97;6;11;0
dep-92102;2024;86;84;0;2;0
dep-92102;2025;118;111;2;5;0
dep-92102;2026;68;66;0;2;0
dep-92346;2023;114;94;20;0;0
dep-92346;2024;86;71;13;2;0
dep-92346;2025;71;13;1;57;0
dep-92699;2023;114;105;9;0;0
dep-92699;2024;86;80;5;1;0
dep-92699;2025;118;106;9;3;0
dep-92699;2026;68;66;2;0;0
dep-92776;2023;114;104;1;9;0
dep-92776;2024;86;73;7;6;0
dep-92776;2025;118;103;7;8;0
dep-92776;2026;68;56;7;5;0
dep-98057;2023;114;96;17;1;0
dep-98057;2024;86;80;6;0;0
dep-98057;2025;118;109;8;1;0
dep-98057;2026;68;67;1;0;0
dep-98148;2023;114;112;2;0;0
dep-98148;2024;86;86;0;0;0
dep-98148;2025;118;118;0;0;0
dep-98148;2026;68;68;0;0;0
dep-98615;2023;114;110;1;3;0
dep-98615;2024;86;79;6;1;0
dep-98615;2025;118;118;0;0;0
dep-98615;2026;68;67;0;1;0
sen-1173;2023;97;95;2;0;0
sen-1173;2024;60;57;3;0;0
sen-1173;2025;128;109;19;0;0
sen-1173;2026;59;59;0;0;0
sen-1186;2023;141;120;21;0;0
sen-1186;2024;59;55;4;0;0
sen-1186;2025;128;126;2;0;0
sen-1186;2026;59;38;21;0;0
sen-22;2023;141;141;0;0;0
sen-22;2024;95;94;1;0;0
sen-22;2025;128;127;1;0;0
sen-22;2026;59;59;0;0;0
sen-285;2023;141;119;21;1;0
sen-285;2024;95;80;15;0;0
sen-285;2025;128;82;46;0;0
sen-285;2026;59;47;12;0;0
sen-345;2023;141;126;15;0;0
sen-345;2024;95;94;1;0;0
sen-345;2025;128;84;44;0;0
sen-345;2026;59;40;19;0;0
sen-35;2023;141;78;59;4;0
sen-35;2024;95;60;22;13;0
sen-35;2025;128;64;64;0;0
sen-35;2026;59;51;8;0;0
sen-3777;2023;141;111;30;0;0
sen-3777;2024;95;93;2;0;0
sen-3777;2025;128;100;28;0;0
sen-3777;2026;59;51;8;0;0
sen-3806;2023;141;137;4;0;0
sen-3806;2024;95;72;23;0;0
sen-3806;2025;128;126;2;0;0
sen-3806;2026;59;49;10;0;0
sen-3830;2023;141;87;53;1;0
sen-3830;2024;95;93;2;0;0
sen-3830;2025;128;121;7;0;0
sen-3830;2026;59;56;3;0;0
sen-453;2025;64;64;0;0;0
sen-4531;2023;141;133;8;0;0
sen-4531;2024;95;91;4;0;0
sen-4531;2025;128;116;12;0;0
sen-4531;2026;59;59;0;0;0
sen-4560;2023;141;106;35;0;0
sen-4560;2024;95;84;11;0;0
sen-4560;2025;128;122;6;0;0
sen-4560;2026;59;47;12;0;0
sen-4605;2024;2;2;0;0;0
sen-4639;2023;141;139;2;0;0
sen-4639;2024;95;95;0;0;0
sen-4639;2025;128;121;7;0;0
sen-4639;2026;59;59;0;0;0
sen-4642;2023;141;128;13;0;0
sen-4642;2024;68;65;3;0;0
sen-4642;2025;128;126;2;0;0
sen-4642;2026;59;59;0;0;0
sen-4694;2023;141;127;14;0;0
sen-4694;2024;61;50;11;0;0
sen-4694;2025;128;126;0;2;0
sen-4694;2026;59;52;7;0;0
sen-470;2023;141;122;19;0;0
sen-470;2024;95;69;26;0;0
sen-470;2025;128;104;24;0;0
sen-470;2026;59;59;0;0;0
sen-475;2023;141;135;6;0;0
sen-475;2024;95;74;21;0;0
sen-475;2025;128;125;3;0;0
sen-475;2026;59;56;3;0;0
sen-4770;2023;141;137;4;0;0
sen-4770;2024;95;95;0;0;0
sen-4770;2025;128;128;0;0;0
sen-4770;2026;59;59;0;0;0
sen-4811;2023;141;116;17;0;8
sen-4811;2024;95;78;17;0;0
sen-4811;2025;128;120;8;0;0
sen-4811;2026;59;48;11;0;0
sen-4979;2024;13;13;0;0;0
sen-4994;2023;141;130;9;2;0
sen-4994;2024;95;85;10;0;0
sen-4994;2025;128;106;22;0;0
sen-4994;2026;59;52;7;0;0
sen-5008;2023;141;109;32;0;0
sen-5008;2024;95;84;11;0;0
sen-5008;2025;128;120;8;0;0
sen-5008;2026;59;44;15;0;0
sen-5012;2023;141;135;6;0;0
sen-5012;2024;95;95;0;0;0
sen-5012;2025;128;126;2;0;0
sen-5012;2026;59;59;0;0;0
sen-5016;2023;15;15;0;0;0
sen-5016;2026;10;10;0;0;0
sen-5070;2023;141;130;11;0;0
sen-5070;2024;95;66;29;0;0
sen-5070;2025;128;118;10;0;0
sen-5070;2026;59;59;0;0;0
sen-5207;2023;17;17;0;0;0
sen-5207;2026;53;27;25;1;0
sen-5322;2023;141;122;17;2;0
sen-5322;2024;95;93;0;2;0
sen-5322;2025;120;99;11;10;0
sen-5322;2026;48;39;0;9;0
sen-5352;2023;141;127;14;0;0
sen-5352;2024;95;94;1;0;0
sen-5352;2025;128;119;9;0;0
sen-5352;2026;59;55;4;0;0
sen-5376;2023;141;90;51;0;0
sen-5376;2024;95;26;69;0;0
sen-5376;2025;128;64;64;0;0
sen-5376;2026;59;37;22;0;0
sen-5385;2023;141;96;45;0;0
sen-5385;2024;95;43;52;0;0
sen-5385;2025;128;92;36;0;0
sen-5385;2026;59;42;17;0;0
sen-5386;2023;141;140;1;0;0
sen-5386;2024;95;94;1;0;0
sen-5386;2025;128;124;4;0;0
sen-5386;2026;59;59;0;0;0
sen-5411;2023;141;125;16;0;0
sen-5411;2024;95;90;5;0;0
sen-5411;2025;128;118;9;1;0
sen-5411;2026;59;56;3;0;0
sen-5422;2023;109;102;7;0;0
sen-5422;2024;95;83;12;0;0
sen-5422;2025;128;123;5;0;0
sen-5422;2026;59;52;7;0;0
sen-5502;2023;141;140;1;0;0
sen-5502;2024;95;94;0;0;1
sen-5502;2025;128;128;0;0;0
sen-5502;2026;59;59;0;0;0
sen-5523;2023;141;138;3;0;0
sen-5523;2024;95;95;0;0;0
sen-5523;2025;128;124;4;0;0
sen-5523;2026;59;55;4;0;0
sen-5525;2023;141;131;10;0;0
sen-5525;2024;95;84;11;0;0
sen-5525;2025;128;127;1;0;0
sen-5525;2026;59;54;5;0;0
sen-5672;2023;141;109;32;0;0
sen-5672;2024;95;91;4;0;0
sen-5672;2025;128;120;8;0;0
sen-5672;2026;59;59;0;0;0
sen-5718;2023;141;119;21;1;0
sen-5718;2024;82;65;14;3;0
sen-5718;2025;128;76;52;0;0
sen-5718;2026;59;50;9;0;0
sen-5732;2023;141;137;4;0;0
sen-5732;2024;95;89;6;0;0
sen-5732;2025;128;112;16;0;0
sen-5732;2026;59;56;3;0;0
sen-5736;2023;141;133;8;0;0
sen-5736;2024;95;89;6;0;0
sen-5736;2025;128;110;18;0;0
sen-5736;2026;59;58;1;0;0
sen-5748;2023;141;131;10;0;0
sen-5748;2024;95;82;13;0;0
sen-5748;2025;128;115;13;0;0
sen-5748;2026;59;55;4;0;0
sen-5783;2023;141;141;0;0;0
sen-5783;2024;95;95;0;0;0
sen-5783;2025;128;119;1;0;8
sen-5783;2026;59;59;0;0;0
sen-5793;2023;141;133;8;0;0
sen-5793;2024;95;93;2;0;0
sen-5793;2025;128;114;14;0;0
sen-5793;2026;59;57;2;0;0
sen-581;2023;141;140;1;0;0
sen-581;2024;95;91;4;0;0
sen-581;2025;128;82;46;0;0
sen-581;2026;59;59;0;0;0
sen-5894;2023;141;137;4;0;0
sen-5894;2024;95;95;0;0;0
sen-5894;2025;128;116;10;2;0
sen-5894;2026;59;45;4;10;0
sen-5895;2023;141;133;8;0;0
sen-5895;2024;95;95;0;0;0
sen-5895;2025;128;95;33;0;0
sen-5895;2026;59;44;15;0;0
sen-5899;2023;141;128;13;0;0
sen-5899;2024;95;91;4;0;0
sen-5899;2025;64;44;20;0;0
sen-5899;2026;59;43;16;0;0
sen-5905;2023;141;138;3;0;0
sen-5905;2024;95;80;15;0;0
sen-5906;2025;128;119;9;0;0
sen-5906;2026;59;59;0;0;0
sen-5917;2023;141;138;3;0;0
sen-5917;2024;95;76;19;0;0
sen-5917;2025;128;118;10;0;0
sen-5917;2026;59;40;19;0;0
sen-5924;2023;141;131;2;8;0
sen-5924;2024;95;81;1;13;0
sen-5924;2025;128;66;51;11;0
sen-5924;2026;59;35;11;13;0
sen-5926;2023;141;137;3;1;0
sen-5926;2024;95;91;4;0;0
sen-5926;2025;128;127;1;0;0
sen-5926;2026;59;59;0;0;0
sen-5936;2023;141;101;40;0;0
sen-5936;2024;95;86;9;0;0
sen-5936;2025;128;104;24;0;0
sen-5936;2026;59;40;19;0;0
sen-5942;2023;141;112;29;0;0
sen-5942;2024;95;48;47;0;0
sen-5942;2025;128;102;26;0;0
sen-5942;2026;59;47;12;0;0
sen-5953;2023;141;129;12;0;0
sen-5953;2024;95;92;3;0;0
sen-5953;2025;128;121;7;0;0
sen-5953;2026;59;59;0;0;0
sen-5959;2023;141;126;15;0;0
sen-5959;2024;95;83;12;0;0
sen-5959;2025;128;126;2;0;0
sen-5959;2026;59;56;3;0;0
sen-5967;2023;141;124;17;0;0
sen-5967;2024;95;92;3;0;0
sen-5967;2025;128;112;16;0;0
sen-5967;2026;59;47;12;0;0
sen-5973;2023;141;115;25;1;0
sen-5973;2024;95;52;30;13;0
sen-5973;2025;128;79;49;0;0
sen-5973;2026;59;43;16;0;0
sen-5974;2026;5;3;2;0;0
sen-5976;2023;141;141;0;0;0
sen-5976;2024;95;95;0;0;0
sen-5976;2025;128;128;0;0;0
sen-5976;2026;54;54;0;0;0
sen-5979;2023;141;138;3;0;0
sen-5979;2024;95;94;1;0;0
sen-5979;2025;128;117;4;0;7
sen-5979;2026;59;54;5;0;0
sen-5982;2023;141;123;17;1;0
sen-5982;2024;95;89;6;0;0
sen-5982;2025;128;73;55;0;0
sen-5982;2026;59;48;11;0;0
sen-5985;2023;141;101;40;0;0
sen-5985;2024;95;68;27;0;0
sen-5985;2025;128;95;33;0;0
sen-5985;2026;59;54;5;0;0
sen-5988;2023;141;112;29;0;0
sen-5988;2024;95;88;7;0;0
sen-5988;2025;128;114;14;0;0
sen-5988;2026;59;46;13;0;0
sen-5990;2023;141;123;17;1;0
sen-5990;2024;80;77;3;0;0
sen-5990;2025;128;110;18;0;0
sen-5990;2026;59;56;3;0;0
sen-5991;2024;15;15;0;0;0
sen-5998;2023;141;102;38;1;0
sen-5998;2024;95;62;33;0;0
sen-5998;2025;128;89;39;0;0
sen-5998;2026;59;23;36;0;0
sen-6008;2023;141;96;45;0;0
sen-6008;2024;95;35;60;0;0
sen-6008;2025;128;66;55;7;0
sen-6008;2026;59;36;23;0;0
sen-6009;2023;141;108;33;0;0
sen-6009;2024;95;92;3;0;0
sen-6009;2025;128;115;13;0;0
sen-6009;2026;59;33;23;3;0
sen-6010;2023;141;109;32;0;0
sen-6010;2024;76;73;3;0;0
sen-6010;2025;128;117;11;0;0
sen-6010;2026;59;50;9;0;0
sen-6011;2024;19;19;0;0;0
sen-6015;2024;36;34;2;0;0
sen-6021;2023;32;13;19;0;0
sen-6025;2026;56;56;0;0;0
sen-6027;2023;141;132;9;0;0
sen-6027;2024;95;94;1;0;0
sen-6027;2025;128;120;8;0;0
sen-6027;2026;3;3;0;0;0
sen-6295;2023;19;19;0;0;0
sen-6295;2024;8;8;0;0;0
sen-6295;2026;53;39;14;0;0
sen-6304;2023;122;122;0;0;0
sen-6304;2024;87;87;0;0;0
sen-6304;2025;97;97;0;0;0
sen-6304;2026;6;6;0;0;0
sen-6305;2025;31;31;0;0;0
sen-631;2023;141;129;12;0;0
sen-631;2024;95;52;42;1;0
sen-631;2025;128;102;24;2;0
sen-631;2026;59;57;2;0;0
sen-6331;2023;141;139;2;0;0
sen-6331;2024;95;94;1;0;0
sen-6331;2025;128;125;3;0;0
sen-6331;2026;59;59;0;0;0
sen-6335;2023;141;136;5;0;0
sen-6335;2024;95;92;3;0;0
sen-6335;2025;128;124;4;0;0
sen-6335;2026;59;59;0;0;0
sen-6336;2023;15;15;0;0;0
sen-6336;2026;53;48;5;0;0
sen-6337;2023;141;139;2;0;0
sen-6337;2024;95;95;0;0;0
sen-6337;2025;128;128;0;0;0
sen-6337;2026;59;59;0;0;0
sen-6338;2023;141;133;8;0;0
sen-6338;2024;95;76;19;0;0
sen-6338;2025;128;122;6;0;0
sen-6338;2026;59;49;10;0;0
sen-6340;2023;141;124;17;0;0
sen-6340;2024;95;89;6;0;0
sen-6340;2025;128;124;4;0;0
sen-6340;2026;59;59;0;0;0
sen-6341;2023;141;139;2;0;0
sen-6341;2024;95;95;0;0;0
sen-6341;2025;128;118;10;0;0
sen-6341;2026;59;55;4;0;0
sen-6342;2023;141;137;4;0;0
sen-6342;2024;95;90;5;0;0
sen-6342;2025;128;106;20;2;0
sen-6342;2026;36;33;3;0;0
sen-6345;2023;124;110;14;0;0
sen-6345;2024;95;89;6;0;0
sen-6345;2025;128;128;0;0;0
sen-6345;2026;6;6;0;0;0
sen-6350;2023;126;113;13;0;0
sen-6350;2024;59;58;1;0;0
sen-6350;2025;128;109;19;0;0
sen-6350;2026;6;6;0;0;0
sen-6351;2024;36;35;1;0;0
sen-6358;2023;141;133;8;0;0
sen-6358;2024;93;76;17;0;0
sen-6358;2025;128;76;52;0;0
sen-6358;2026;54;37;17;0;0
sen-6359;2026;5;5;0;0;0
sen-6362;2023;44;42;2;0;0
sen-6363;2024;35;35;0;0;0
sen-6366;2024;27;27;0;0;0
sen-6369;2023;126;116;10;0;0
sen-6369;2024;95;93;2;0;0
sen-6369;2025;128;122;6;0;0
sen-6369;2026;49;46;3;0;0
sen-6372;2025;8;8;0;0;0
sen-6372;2026;11;11;0;0;0
sen-6374;2024;34;34;0;0;0
sen-6381;2026;23;23;0;0;0
sen-70;2023;141;133;8;0;0
sen-70;2024;95;75;10;10;0
sen-70;2025;128;91;37;0;0
sen-70;2026;59;43;16;0;0
sen-739;2023;141;126;15;0;0
sen-739;2024;95;83;12;0;0
sen-739;2025;128;111;17;0;0
sen-739;2026;59;48;11;0;0
sen-742;2023;141;129;12;0;0
sen-742;2024;95;93;2;0;0
sen-742;2025;128;128;0;0;0
sen-742;2026;59;52;0;0;7
sen-825;2023;141;141;0;0;0
sen-825;2024;95;92;3;0;0
sen-825;2025;128;114;14;0;0
sen-825;2026;59;39;20;0;0
