ano,mes,matricula,nome,admissao,demissao,lotacao,categoria,valor
2025,1,001400,ANDRE KAMAI DA SILVA SOARES,2025-01-01,,,auxilios,1500.0
2025,1,001400,ANDRE KAMAI DA SILVA SOARES,2025-01-01,,,outros_rendimentos,2500.0
2025,1,001400,ANDRE KAMAI DA SILVA SOARES,2025-01-01,,,salario,19169.09
2025,1,000772,ANTONIO LIRA DE MORAIS,2025-01-01,,,auxilios,1500.0
2025,1,000772,ANTONIO LIRA DE MORAIS,2025-01-01,,,outros_rendimentos,2500.0
2025,1,000772,ANTONIO LIRA DE MORAIS,2025-01-01,,,salario,19169.09
2025,1,002284,BRUNO MORAES CARDOSO,2025-01-01,,,auxilios,1500.0
2025,1,002284,BRUNO MORAES CARDOSO,2025-01-01,,,outros_rendimentos,2500.0
2025,1,002284,BRUNO MORAES CARDOSO,2025-01-01,,,salario,19169.09
2025,1,002438,EBER SILVA MACHADO,2025-01-01,,,auxilios,1500.0
2025,1,002438,EBER SILVA MACHADO,2025-01-01,,,outros_rendimentos,2500.0
2025,1,002438,EBER SILVA MACHADO,2025-01-01,,,salario,19169.09
2025,1,002379,EDVALDO ALMEIDA DE OLIVEIRA,2025-01-01,,,auxilios,1500.0
2025,1,002379,EDVALDO ALMEIDA DE OLIVEIRA,2025-01-01,,,outros_rendimentos,2500.0
2025,1,002379,EDVALDO ALMEIDA DE OLIVEIRA,2025-01-01,,,salario,19169.09
2025,1,001109,ELZA TEIXEIRA DE MENDONCA,2025-01-01,,,auxilios,1500.0
2025,1,001109,ELZA TEIXEIRA DE MENDONCA,2025-01-01,,,outros_rendimentos,2500.0
2025,1,001109,ELZA TEIXEIRA DE MENDONCA,2025-01-01,,,salario,19169.09
2025,1,001658,FABIO DE ARAUJO FREITAS,2025-01-01,,,auxilios,1500.0
2025,1,001658,FABIO DE ARAUJO FREITAS,2025-01-01,,,outros_rendimentos,2500.0
2025,1,001658,FABIO DE ARAUJO FREITAS,2025-01-01,,,salario,19169.09
2025,1,002521,FELIPE SANDRI SCHAFER,2025-01-01,,,auxilios,1500.0
2025,1,002521,FELIPE SANDRI SCHAFER,2025-01-01,,,outros_rendimentos,2500.0
2025,1,002521,FELIPE SANDRI SCHAFER,2025-01-01,,,salario,19169.09
2025,1,002485,JOABE LIRA DE QUEIROZ,2025-01-01,,,auxilios,1500.0
2025,1,002485,JOABE LIRA DE QUEIROZ,2025-01-01,,,outros_rendimentos,2500.0
2025,1,002485,JOABE LIRA DE QUEIROZ,2025-01-01,,,salario,19169.09
2025,1,002561,JOAO PAULO SILVA E SILVA,2025-01-01,,,auxilios,1500.0
2025,1,002561,JOAO PAULO SILVA E SILVA,2025-01-01,,,outros_rendimentos,2500.0
2025,1,002561,JOAO PAULO SILVA E SILVA,2025-01-01,,,salario,19169.09
2025,1,001696,JOAQUIM FLORENCIO DA SILVA,2025-01-01,,,auxilios,1500.0
2025,1,001696,JOAQUIM FLORENCIO DA SILVA,2025-01-01,,,outros_rendimentos,2500.0
2025,1,001696,JOAQUIM FLORENCIO DA SILVA,2025-01-01,,,salario,19169.09
2025,1,002558,JOSE AUGUSTO SOARES AIACHE,2025-01-01,,,auxilios,1500.0
2025,1,002558,JOSE AUGUSTO SOARES AIACHE,2025-01-01,,,outros_rendimentos,2500.0
2025,1,002558,JOSE AUGUSTO SOARES AIACHE,2025-01-01,,,salario,19169.09
2025,1,002586,JOSE LOPES JUNIOR,2025-01-01,,,auxilios,1500.0
2025,1,002586,JOSE LOPES JUNIOR,2025-01-01,,,outros_rendimentos,2500.0
2025,1,002586,JOSE LOPES JUNIOR,2025-01-01,,,salario,19169.09
2025,1,002258,JOSE MATHEUS DO NASCIMENTO PAIVA,2025-01-01,,,auxilios,1500.0
2025,1,002258,JOSE MATHEUS DO NASCIMENTO PAIVA,2025-01-01,,,outros_rendimentos,2500.0
2025,1,002258,JOSE MATHEUS DO NASCIMENTO PAIVA,2025-01-01,,,salario,19169.09
2025,1,002327,LEONCIO TIMOTEO DE CASTRO,2025-01-01,,,auxilios,1500.0
2025,1,002327,LEONCIO TIMOTEO DE CASTRO,2025-01-01,,,outros_rendimentos,2500.0
2025,1,002327,LEONCIO TIMOTEO DE CASTRO,2025-01-01,,,salario,19169.09
2025,1,002571,LUCILENE DE SOUZA RODRIGUES VALE,2025-01-01,,,auxilios,1500.0
2025,1,002571,LUCILENE DE SOUZA RODRIGUES VALE,2025-01-01,,,outros_rendimentos,2500.0
2025,1,002571,LUCILENE DE SOUZA RODRIGUES VALE,2025-01-01,,,salario,19169.09
2025,1,002212,MARCIO MUSTAFA SILVEIRA,2025-01-01,,,auxilios,1500.0
2025,1,002212,MARCIO MUSTAFA SILVEIRA,2025-01-01,,,outros_rendimentos,2500.0
2025,1,002212,MARCIO MUSTAFA SILVEIRA,2025-01-01,,,salario,19169.09
2025,1,002206,MOACIR PEREIRA DOS SANTOS JUNIOR,2025-01-01,,,auxilios,1500.0
2025,1,002206,MOACIR PEREIRA DOS SANTOS JUNIOR,2025-01-01,,,outros_rendimentos,2500.0
2025,1,002206,MOACIR PEREIRA DOS SANTOS JUNIOR,2025-01-01,,,salario,19169.09
2025,1,001140,RAIMUNDO NONATO FERREIRA DA SILVA,2025-01-01,,,auxilios,1500.0
2025,1,001140,RAIMUNDO NONATO FERREIRA DA SILVA,2025-01-01,,,outros_rendimentos,2500.0
2025,1,001140,RAIMUNDO NONATO FERREIRA DA SILVA,2025-01-01,,,salario,19169.09
2025,1,001637,RUTENIO SA DE OLIVEIRA,2025-01-01,,,auxilios,1500.0
2025,1,001637,RUTENIO SA DE OLIVEIRA,2025-01-01,,,outros_rendimentos,2500.0
2025,1,001637,RUTENIO SA DE OLIVEIRA,2025-01-01,,,salario,19169.09
2025,1,001584,SAMIR FIGUEIREDO BESTENE,2025-01-01,,,auxilios,1500.0
2025,1,001584,SAMIR FIGUEIREDO BESTENE,2025-01-01,,,outros_rendimentos,2500.0
2025,1,001584,SAMIR FIGUEIREDO BESTENE,2025-01-01,,,salario,19169.09
2025,2,001400,ANDRE KAMAI DA SILVA SOARES,2025-01-01,,,auxilios,1500.0
2025,2,001400,ANDRE KAMAI DA SILVA SOARES,2025-01-01,,,outros_rendimentos,2500.0
2025,2,001400,ANDRE KAMAI DA SILVA SOARES,2025-01-01,,,salario,20069.09
2025,2,000772,ANTONIO LIRA DE MORAIS,2025-01-01,,,auxilios,1500.0
2025,2,000772,ANTONIO LIRA DE MORAIS,2025-01-01,,,outros_rendimentos,2500.0
2025,2,000772,ANTONIO LIRA DE MORAIS,2025-01-01,,,salario,20069.09
2025,2,002284,BRUNO MORAES CARDOSO,2025-01-01,,,auxilios,1500.0
2025,2,002284,BRUNO MORAES CARDOSO,2025-01-01,,,outros_rendimentos,2500.0
2025,2,002284,BRUNO MORAES CARDOSO,2025-01-01,,,salario,20069.09
2025,2,002438,EBER SILVA MACHADO,2025-01-01,,,auxilios,1500.0
2025,2,002438,EBER SILVA MACHADO,2025-01-01,,,outros_rendimentos,2500.0
2025,2,002438,EBER SILVA MACHADO,2025-01-01,,,salario,20069.09
2025,2,002379,EDVALDO ALMEIDA DE OLIVEIRA,2025-01-01,,,auxilios,1500.0
2025,2,002379,EDVALDO ALMEIDA DE OLIVEIRA,2025-01-01,,,outros_rendimentos,2500.0
2025,2,002379,EDVALDO ALMEIDA DE OLIVEIRA,2025-01-01,,,salario,20069.09
2025,2,001109,ELZA TEIXEIRA DE MENDONCA,2025-01-01,,,auxilios,1500.0
2025,2,001109,ELZA TEIXEIRA DE MENDONCA,2025-01-01,,,outros_rendimentos,2500.0
2025,2,001109,ELZA TEIXEIRA DE MENDONCA,2025-01-01,,,salario,20069.09
2025,2,001658,FABIO DE ARAUJO FREITAS,2025-01-01,,,auxilios,1500.0
2025,2,001658,FABIO DE ARAUJO FREITAS,2025-01-01,,,outros_rendimentos,2500.0
2025,2,001658,FABIO DE ARAUJO FREITAS,2025-01-01,,,salario,20069.09
2025,2,002521,FELIPE SANDRI SCHAFER,2025-01-01,,,auxilios,1500.0
2025,2,002521,FELIPE SANDRI SCHAFER,2025-01-01,,,outros_rendimentos,2500.0
2025,2,002521,FELIPE SANDRI SCHAFER,2025-01-01,,,salario,20069.09
2025,2,002485,JOABE LIRA DE QUEIROZ,2025-01-01,,,auxilios,1500.0
2025,2,002485,JOABE LIRA DE QUEIROZ,2025-01-01,,,outros_rendimentos,2500.0
2025,2,002485,JOABE LIRA DE QUEIROZ,2025-01-01,,,salario,20069.09
2025,2,002561,JOAO PAULO SILVA E SILVA,2025-01-01,,,auxilios,1500.0
2025,2,002561,JOAO PAULO SILVA E SILVA,2025-01-01,,,outros_rendimentos,2500.0
2025,2,002561,JOAO PAULO SILVA E SILVA,2025-01-01,,,salario,20069.09
2025,2,001696,JOAQUIM FLORENCIO DA SILVA,2025-01-01,,,auxilios,1500.0
2025,2,001696,JOAQUIM FLORENCIO DA SILVA,2025-01-01,,,outros_rendimentos,2500.0
2025,2,001696,JOAQUIM FLORENCIO DA SILVA,2025-01-01,,,salario,20069.09
2025,2,002558,JOSE AUGUSTO SOARES AIACHE,2025-01-01,,,auxilios,1500.0
2025,2,002558,JOSE AUGUSTO SOARES AIACHE,2025-01-01,,,outros_rendimentos,2500.0
2025,2,002558,JOSE AUGUSTO SOARES AIACHE,2025-01-01,,,salario,20069.09
2025,2,002586,JOSE LOPES JUNIOR,2025-01-01,,,auxilios,1500.0
2025,2,002586,JOSE LOPES JUNIOR,2025-01-01,,,outros_rendimentos,2500.0
2025,2,002586,JOSE LOPES JUNIOR,2025-01-01,,,salario,20069.09
2025,2,002258,JOSE MATHEUS DO NASCIMENTO PAIVA,2025-01-01,,,auxilios,1500.0
2025,2,002258,JOSE MATHEUS DO NASCIMENTO PAIVA,2025-01-01,,,outros_rendimentos,2500.0
2025,2,002258,JOSE MATHEUS DO NASCIMENTO PAIVA,2025-01-01,,,salario,20069.09
2025,2,002327,LEONCIO TIMOTEO DE CASTRO,2025-01-01,,,auxilios,1500.0
2025,2,002327,LEONCIO TIMOTEO DE CASTRO,2025-01-01,,,outros_rendimentos,2500.0
2025,2,002327,LEONCIO TIMOTEO DE CASTRO,2025-01-01,,,salario,20069.09
2025,2,002571,LUCILENE DE SOUZA RODRIGUES VALE,2025-01-01,,,auxilios,1500.0
2025,2,002571,LUCILENE DE SOUZA RODRIGUES VALE,2025-01-01,,,outros_rendimentos,2500.0
2025,2,002571,LUCILENE DE SOUZA RODRIGUES VALE,2025-01-01,,,salario,20069.09
2025,2,002212,MARCIO MUSTAFA SILVEIRA,2025-01-01,,,auxilios,1500.0
2025,2,002212,MARCIO MUSTAFA SILVEIRA,2025-01-01,,,outros_rendimentos,2500.0
2025,2,002212,MARCIO MUSTAFA SILVEIRA,2025-01-01,,,salario,20069.09
2025,2,002206,MOACIR PEREIRA DOS SANTOS JUNIOR,2025-01-01,,,auxilios,1500.0
2025,2,002206,MOACIR PEREIRA DOS SANTOS JUNIOR,2025-01-01,,,outros_rendimentos,2500.0
2025,2,002206,MOACIR PEREIRA DOS SANTOS JUNIOR,2025-01-01,,,salario,20069.09
2025,2,001140,RAIMUNDO NONATO FERREIRA DA SILVA,2025-01-01,,,auxilios,1500.0
2025,2,001140,RAIMUNDO NONATO FERREIRA DA SILVA,2025-01-01,,,outros_rendimentos,2500.0
2025,2,001140,RAIMUNDO NONATO FERREIRA DA SILVA,2025-01-01,,,salario,20069.09
2025,2,001637,RUTENIO SA DE OLIVEIRA,2025-01-01,,,auxilios,1500.0
2025,2,001637,RUTENIO SA DE OLIVEIRA,2025-01-01,,,outros_rendimentos,2500.0
2025,2,001637,RUTENIO SA DE OLIVEIRA,2025-01-01,,,salario,20069.09
2025,2,001584,SAMIR FIGUEIREDO BESTENE,2025-01-01,,,auxilios,1500.0
2025,2,001584,SAMIR FIGUEIREDO BESTENE,2025-01-01,,,outros_rendimentos,2500.0
2025,2,001584,SAMIR FIGUEIREDO BESTENE,2025-01-01,,,salario,20069.09
2025,3,001400,ANDRE KAMAI DA SILVA SOARES,2025-01-01,,,auxilios,1500.0
2025,3,001400,ANDRE KAMAI DA SILVA SOARES,2025-01-01,,,outros_rendimentos,2500.0
2025,3,001400,ANDRE KAMAI DA SILVA SOARES,2025-01-01,,,salario,20069.09
2025,3,000772,ANTONIO LIRA DE MORAIS,2025-01-01,,,auxilios,1500.0
2025,3,000772,ANTONIO LIRA DE MORAIS,2025-01-01,,,outros_rendimentos,2500.0
2025,3,000772,ANTONIO LIRA DE MORAIS,2025-01-01,,,salario,20069.09
2025,3,002284,BRUNO MORAES CARDOSO,2025-01-01,,,auxilios,1500.0
2025,3,002284,BRUNO MORAES CARDOSO,2025-01-01,,,outros_rendimentos,2500.0
2025,3,002284,BRUNO MORAES CARDOSO,2025-01-01,,,salario,20069.09
2025,3,002438,EBER SILVA MACHADO,2025-01-01,,,auxilios,1500.0
2025,3,002438,EBER SILVA MACHADO,2025-01-01,,,outros_rendimentos,2500.0
2025,3,002438,EBER SILVA MACHADO,2025-01-01,,,salario,20069.09
2025,3,002379,EDVALDO ALMEIDA DE OLIVEIRA,2025-01-01,,,auxilios,1500.0
2025,3,002379,EDVALDO ALMEIDA DE OLIVEIRA,2025-01-01,,,outros_rendimentos,2500.0
2025,3,002379,EDVALDO ALMEIDA DE OLIVEIRA,2025-01-01,,,salario,20069.09
2025,3,001109,ELZA TEIXEIRA DE MENDONCA,2025-01-01,,,auxilios,1500.0
2025,3,001109,ELZA TEIXEIRA DE MENDONCA,2025-01-01,,,outros_rendimentos,2500.0
2025,3,001109,ELZA TEIXEIRA DE MENDONCA,2025-01-01,,,salario,20069.09
2025,3,001658,FABIO DE ARAUJO FREITAS,2025-01-01,,,auxilios,1500.0
2025,3,001658,FABIO DE ARAUJO FREITAS,2025-01-01,,,outros_rendimentos,2500.0
2025,3,001658,FABIO DE ARAUJO FREITAS,2025-01-01,,,salario,20069.09
2025,3,002521,FELIPE SANDRI SCHAFER,2025-01-01,,,auxilios,1500.0
2025,3,002521,FELIPE SANDRI SCHAFER,2025-01-01,,,outros_rendimentos,2500.0
2025,3,002521,FELIPE SANDRI SCHAFER,2025-01-01,,,salario,20069.09
2025,3,002485,JOABE LIRA DE QUEIROZ,2025-01-01,,,auxilios,1500.0
2025,3,002485,JOABE LIRA DE QUEIROZ,2025-01-01,,,outros_rendimentos,2500.0
2025,3,002485,JOABE LIRA DE QUEIROZ,2025-01-01,,,salario,20069.09
2025,3,002561,JOAO PAULO SILVA E SILVA,2025-01-01,,,auxilios,1500.0
2025,3,002561,JOAO PAULO SILVA E SILVA,2025-01-01,,,outros_rendimentos,2500.0
2025,3,002561,JOAO PAULO SILVA E SILVA,2025-01-01,,,salario,20069.09
2025,3,001696,JOAQUIM FLORENCIO DA SILVA,2025-01-01,,,auxilios,1500.0
2025,3,001696,JOAQUIM FLORENCIO DA SILVA,2025-01-01,,,outros_rendimentos,2500.0
2025,3,001696,JOAQUIM FLORENCIO DA SILVA,2025-01-01,,,salario,20069.09
2025,3,002558,JOSE AUGUSTO SOARES AIACHE,2025-01-01,,,auxilios,1500.0
2025,3,002558,JOSE AUGUSTO SOARES AIACHE,2025-01-01,,,outros_rendimentos,2500.0
2025,3,002558,JOSE AUGUSTO SOARES AIACHE,2025-01-01,,,salario,20069.09
2025,3,002586,JOSE LOPES JUNIOR,2025-01-01,,,auxilios,1500.0
2025,3,002586,JOSE LOPES JUNIOR,2025-01-01,,,outros_rendimentos,2500.0
2025,3,002586,JOSE LOPES JUNIOR,2025-01-01,,,salario,20069.09
2025,3,002258,JOSE MATHEUS DO NASCIMENTO PAIVA,2025-01-01,,,auxilios,1500.0
2025,3,002258,JOSE MATHEUS DO NASCIMENTO PAIVA,2025-01-01,,,outros_rendimentos,2500.0
2025,3,002258,JOSE MATHEUS DO NASCIMENTO PAIVA,2025-01-01,,,salario,20069.09
2025,3,002327,LEONCIO TIMOTEO DE CASTRO,2025-01-01,,,auxilios,1500.0
2025,3,002327,LEONCIO TIMOTEO DE CASTRO,2025-01-01,,,outros_rendimentos,2500.0
2025,3,002327,LEONCIO TIMOTEO DE CASTRO,2025-01-01,,,salario,20069.09
2025,3,002571,LUCILENE DE SOUZA RODRIGUES VALE,2025-01-01,,,auxilios,1500.0
2025,3,002571,LUCILENE DE SOUZA RODRIGUES VALE,2025-01-01,,,outros_rendimentos,2500.0
2025,3,002571,LUCILENE DE SOUZA RODRIGUES VALE,2025-01-01,,,salario,20069.09
2025,3,002212,MARCIO MUSTAFA SILVEIRA,2025-01-01,,,auxilios,1500.0
2025,3,002212,MARCIO MUSTAFA SILVEIRA,2025-01-01,,,outros_rendimentos,2500.0
2025,3,002212,MARCIO MUSTAFA SILVEIRA,2025-01-01,,,salario,20069.09
2025,3,002206,MOACIR PEREIRA DOS SANTOS JUNIOR,2025-01-01,,,auxilios,1500.0
2025,3,002206,MOACIR PEREIRA DOS SANTOS JUNIOR,2025-01-01,,,outros_rendimentos,2500.0
2025,3,002206,MOACIR PEREIRA DOS SANTOS JUNIOR,2025-01-01,,,salario,20069.09
2025,3,001140,RAIMUNDO NONATO FERREIRA DA SILVA,2025-01-01,,,auxilios,1500.0
2025,3,001140,RAIMUNDO NONATO FERREIRA DA SILVA,2025-01-01,,,outros_rendimentos,2500.0
2025,3,001140,RAIMUNDO NONATO FERREIRA DA SILVA,2025-01-01,,,salario,20069.09
2025,3,001637,RUTENIO SA DE OLIVEIRA,2025-01-01,,,auxilios,1500.0
2025,3,001637,RUTENIO SA DE OLIVEIRA,2025-01-01,,,outros_rendimentos,2500.0
2025,3,001637,RUTENIO SA DE OLIVEIRA,2025-01-01,,,salario,20069.09
2025,3,001584,SAMIR FIGUEIREDO BESTENE,2025-01-01,,,auxilios,1500.0
2025,3,001584,SAMIR FIGUEIREDO BESTENE,2025-01-01,,,outros_rendimentos,2500.0
2025,3,001584,SAMIR FIGUEIREDO BESTENE,2025-01-01,,,salario,20069.09
2025,4,001400,ANDRE KAMAI DA SILVA SOARES,2025-01-01,,,auxilios,1500.0
2025,4,001400,ANDRE KAMAI DA SILVA SOARES,2025-01-01,,,outros_rendimentos,2500.0
2025,4,001400,ANDRE KAMAI DA SILVA SOARES,2025-01-01,,,salario,20069.09
2025,4,000772,ANTONIO LIRA DE MORAIS,2025-01-01,,,auxilios,1500.0
2025,4,000772,ANTONIO LIRA DE MORAIS,2025-01-01,,,outros_rendimentos,2500.0
2025,4,000772,ANTONIO LIRA DE MORAIS,2025-01-01,,,salario,20069.09
2025,4,002284,BRUNO MORAES CARDOSO,2025-01-01,,,auxilios,1500.0
2025,4,002284,BRUNO MORAES CARDOSO,2025-01-01,,,outros_rendimentos,2500.0
2025,4,002284,BRUNO MORAES CARDOSO,2025-01-01,,,salario,20069.09
2025,4,002438,EBER SILVA MACHADO,2025-01-01,,,auxilios,1500.0
2025,4,002438,EBER SILVA MACHADO,2025-01-01,,,outros_rendimentos,2500.0
2025,4,002438,EBER SILVA MACHADO,2025-01-01,,,salario,20069.09
2025,4,002379,EDVALDO ALMEIDA DE OLIVEIRA,2025-01-01,,,auxilios,1500.0
2025,4,002379,EDVALDO ALMEIDA DE OLIVEIRA,2025-01-01,,,outros_rendimentos,2500.0
2025,4,002379,EDVALDO ALMEIDA DE OLIVEIRA,2025-01-01,,,salario,20069.09
2025,4,001109,ELZA TEIXEIRA DE MENDONCA,2025-01-01,,,auxilios,1500.0
2025,4,001109,ELZA TEIXEIRA DE MENDONCA,2025-01-01,,,outros_rendimentos,2500.0
2025,4,001109,ELZA TEIXEIRA DE MENDONCA,2025-01-01,,,salario,20069.09
2025,4,001658,FABIO DE ARAUJO FREITAS,2025-01-01,,,auxilios,1500.0
2025,4,001658,FABIO DE ARAUJO FREITAS,2025-01-01,,,outros_rendimentos,2500.0
2025,4,001658,FABIO DE ARAUJO FREITAS,2025-01-01,,,salario,20069.09
2025,4,002521,FELIPE SANDRI SCHAFER,2025-01-01,,,auxilios,1500.0
2025,4,002521,FELIPE SANDRI SCHAFER,2025-01-01,,,outros_rendimentos,2500.0
2025,4,002521,FELIPE SANDRI SCHAFER,2025-01-01,,,salario,20069.09
2025,4,002485,JOABE LIRA DE QUEIROZ,2025-01-01,,,auxilios,1500.0
2025,4,002485,JOABE LIRA DE QUEIROZ,2025-01-01,,,outros_rendimentos,2500.0
2025,4,002485,JOABE LIRA DE QUEIROZ,2025-01-01,,,salario,20069.09
2025,4,002561,JOAO PAULO SILVA E SILVA,2025-01-01,,,auxilios,1500.0
2025,4,002561,JOAO PAULO SILVA E SILVA,2025-01-01,,,outros_rendimentos,2500.0
2025,4,002561,JOAO PAULO SILVA E SILVA,2025-01-01,,,salario,20069.09
2025,4,001696,JOAQUIM FLORENCIO DA SILVA,2025-01-01,,,auxilios,1500.0
2025,4,001696,JOAQUIM FLORENCIO DA SILVA,2025-01-01,,,outros_rendimentos,2500.0
2025,4,001696,JOAQUIM FLORENCIO DA SILVA,2025-01-01,,,salario,20069.09
2025,4,002558,JOSE AUGUSTO SOARES AIACHE,2025-01-01,,,auxilios,1500.0
2025,4,002558,JOSE AUGUSTO SOARES AIACHE,2025-01-01,,,outros_rendimentos,2500.0
2025,4,002558,JOSE AUGUSTO SOARES AIACHE,2025-01-01,,,salario,20069.09
2025,4,002586,JOSE LOPES JUNIOR,2025-01-01,,,auxilios,1500.0
2025,4,002586,JOSE LOPES JUNIOR,2025-01-01,,,outros_rendimentos,2500.0
2025,4,002586,JOSE LOPES JUNIOR,2025-01-01,,,salario,20069.09
2025,4,002258,JOSE MATHEUS DO NASCIMENTO PAIVA,2025-01-01,,,auxilios,1500.0
2025,4,002258,JOSE MATHEUS DO NASCIMENTO PAIVA,2025-01-01,,,outros_rendimentos,2500.0
2025,4,002258,JOSE MATHEUS DO NASCIMENTO PAIVA,2025-01-01,,,salario,20069.09
2025,4,002327,LEONCIO TIMOTEO DE CASTRO,2025-01-01,,,auxilios,1500.0
2025,4,002327,LEONCIO TIMOTEO DE CASTRO,2025-01-01,,,outros_rendimentos,2500.0
2025,4,002327,LEONCIO TIMOTEO DE CASTRO,2025-01-01,,,salario,20069.09
2025,4,002571,LUCILENE DE SOUZA RODRIGUES VALE,2025-01-01,,,auxilios,1500.0
2025,4,002571,LUCILENE DE SOUZA RODRIGUES VALE,2025-01-01,,,outros_rendimentos,2500.0
2025,4,002571,LUCILENE DE SOUZA RODRIGUES VALE,2025-01-01,,,salario,20069.09
2025,4,002212,MARCIO MUSTAFA SILVEIRA,2025-01-01,,,auxilios,1500.0
2025,4,002212,MARCIO MUSTAFA SILVEIRA,2025-01-01,,,outros_rendimentos,2500.0
2025,4,002212,MARCIO MUSTAFA SILVEIRA,2025-01-01,,,salario,20069.09
2025,4,002206,MOACIR PEREIRA DOS SANTOS JUNIOR,2025-01-01,,,auxilios,1500.0
2025,4,002206,MOACIR PEREIRA DOS SANTOS JUNIOR,2025-01-01,,,outros_rendimentos,2500.0
2025,4,002206,MOACIR PEREIRA DOS SANTOS JUNIOR,2025-01-01,,,salario,20069.09
2025,4,001140,RAIMUNDO NONATO FERREIRA DA SILVA,2025-01-01,,,auxilios,1500.0
2025,4,001140,RAIMUNDO NONATO FERREIRA DA SILVA,2025-01-01,,,outros_rendimentos,2500.0
2025,4,001140,RAIMUNDO NONATO FERREIRA DA SILVA,2025-01-01,,,salario,20069.09
2025,4,001637,RUTENIO SA DE OLIVEIRA,2025-01-01,,,auxilios,1500.0
2025,4,001637,RUTENIO SA DE OLIVEIRA,2025-01-01,,,outros_rendimentos,2500.0
2025,4,001637,RUTENIO SA DE OLIVEIRA,2025-01-01,,,salario,20069.09
2025,4,001584,SAMIR FIGUEIREDO BESTENE,2025-01-01,,,auxilios,1500.0
2025,4,001584,SAMIR FIGUEIREDO BESTENE,2025-01-01,,,outros_rendimentos,2500.0
2025,4,001584,SAMIR FIGUEIREDO BESTENE,2025-01-01,,,salario,20069.09
2025,5,001400,ANDRE KAMAI DA SILVA SOARES,2025-01-01,,,auxilios,1500.0
2025,5,001400,ANDRE KAMAI DA SILVA SOARES,2025-01-01,,,outros_rendimentos,2500.0
2025,5,001400,ANDRE KAMAI DA SILVA SOARES,2025-01-01,,,salario,20069.09
2025,5,000772,ANTONIO LIRA DE MORAIS,2025-01-01,,,auxilios,1500.0
2025,5,000772,ANTONIO LIRA DE MORAIS,2025-01-01,,,outros_rendimentos,7664.5
2025,5,000772,ANTONIO LIRA DE MORAIS,2025-01-01,,,salario,20069.09
2025,5,002284,BRUNO MORAES CARDOSO,2025-01-01,,,auxilios,1500.0
2025,5,002284,BRUNO MORAES CARDOSO,2025-01-01,,,outros_rendimentos,6725.5
2025,5,002284,BRUNO MORAES CARDOSO,2025-01-01,,,salario,20069.09
2025,5,002438,EBER SILVA MACHADO,2025-01-01,,,auxilios,1500.0
2025,5,002438,EBER SILVA MACHADO,2025-01-01,,,outros_rendimentos,2500.0
2025,5,002438,EBER SILVA MACHADO,2025-01-01,,,salario,20069.09
2025,5,002379,EDVALDO ALMEIDA DE OLIVEIRA,2025-01-01,,,auxilios,1500.0
2025,5,002379,EDVALDO ALMEIDA DE OLIVEIRA,2025-01-01,,,outros_rendimentos,2500.0
2025,5,002379,EDVALDO ALMEIDA DE OLIVEIRA,2025-01-01,,,salario,20069.09
2025,5,001109,ELZA TEIXEIRA DE MENDONCA,2025-01-01,,,auxilios,1500.0
2025,5,001109,ELZA TEIXEIRA DE MENDONCA,2025-01-01,,,outros_rendimentos,2500.0
2025,5,001109,ELZA TEIXEIRA DE MENDONCA,2025-01-01,,,salario,20069.09
2025,5,001658,FABIO DE ARAUJO FREITAS,2025-01-01,,,auxilios,1500.0
2025,5,001658,FABIO DE ARAUJO FREITAS,2025-01-01,,,outros_rendimentos,2500.0
2025,5,001658,FABIO DE ARAUJO FREITAS,2025-01-01,,,salario,20069.09
2025,5,002521,FELIPE SANDRI SCHAFER,2025-01-01,,,auxilios,1500.0
2025,5,002521,FELIPE SANDRI SCHAFER,2025-01-01,,,outros_rendimentos,6725.5
2025,5,002521,FELIPE SANDRI SCHAFER,2025-01-01,,,salario,20069.09
2025,5,002485,JOABE LIRA DE QUEIROZ,2025-01-01,,,auxilios,1500.0
2025,5,002485,JOABE LIRA DE QUEIROZ,2025-01-01,,,outros_rendimentos,2500.0
2025,5,002485,JOABE LIRA DE QUEIROZ,2025-01-01,,,salario,20069.09
2025,5,002561,JOAO PAULO SILVA E SILVA,2025-01-01,,,auxilios,1500.0
2025,5,002561,JOAO PAULO SILVA E SILVA,2025-01-01,,,outros_rendimentos,6725.5
2025,5,002561,JOAO PAULO SILVA E SILVA,2025-01-01,,,salario,20069.09
2025,5,001696,JOAQUIM FLORENCIO DA SILVA,2025-01-01,,,auxilios,1500.0
2025,5,001696,JOAQUIM FLORENCIO DA SILVA,2025-01-01,,,outros_rendimentos,7664.5
2025,5,001696,JOAQUIM FLORENCIO DA SILVA,2025-01-01,,,salario,20069.09
2025,5,002558,JOSE AUGUSTO SOARES AIACHE,2025-01-01,,,auxilios,1500.0
2025,5,002558,JOSE AUGUSTO SOARES AIACHE,2025-01-01,,,outros_rendimentos,2500.0
2025,5,002558,JOSE AUGUSTO SOARES AIACHE,2025-01-01,,,salario,20069.09
2025,5,002586,JOSE LOPES JUNIOR,2025-01-01,,,auxilios,1500.0
2025,5,002586,JOSE LOPES JUNIOR,2025-01-01,,,outros_rendimentos,2500.0
2025,5,002586,JOSE LOPES JUNIOR,2025-01-01,,,salario,20069.09
2025,5,002258,JOSE MATHEUS DO NASCIMENTO PAIVA,2025-01-01,,,auxilios,1500.0
2025,5,002258,JOSE MATHEUS DO NASCIMENTO PAIVA,2025-01-01,,,outros_rendimentos,6725.5
2025,5,002258,JOSE MATHEUS DO NASCIMENTO PAIVA,2025-01-01,,,salario,20069.09
2025,5,002327,LEONCIO TIMOTEO DE CASTRO,2025-01-01,,,auxilios,1500.0
2025,5,002327,LEONCIO TIMOTEO DE CASTRO,2025-01-01,,,outros_rendimentos,2500.0
2025,5,002327,LEONCIO TIMOTEO DE CASTRO,2025-01-01,,,salario,20069.09
2025,5,002571,LUCILENE DE SOUZA RODRIGUES VALE,2025-01-01,,,auxilios,1500.0
2025,5,002571,LUCILENE DE SOUZA RODRIGUES VALE,2025-01-01,,,outros_rendimentos,10481.5
2025,5,002571,LUCILENE DE SOUZA RODRIGUES VALE,2025-01-01,,,salario,20069.09
2025,5,002212,MARCIO MUSTAFA SILVEIRA,2025-01-01,,,auxilios,1500.0
2025,5,002212,MARCIO MUSTAFA SILVEIRA,2025-01-01,,,outros_rendimentos,2500.0
2025,5,002212,MARCIO MUSTAFA SILVEIRA,2025-01-01,,,salario,20069.09
2025,5,002206,MOACIR PEREIRA DOS SANTOS JUNIOR,2025-01-01,,,auxilios,1500.0
2025,5,002206,MOACIR PEREIRA DOS SANTOS JUNIOR,2025-01-01,,,outros_rendimentos,7664.5
2025,5,002206,MOACIR PEREIRA DOS SANTOS JUNIOR,2025-01-01,,,salario,20069.09
2025,5,001140,RAIMUNDO NONATO FERREIRA DA SILVA,2025-01-01,,,auxilios,1500.0
2025,5,001140,RAIMUNDO NONATO FERREIRA DA SILVA,2025-01-01,,,outros_rendimentos,7664.5
2025,5,001140,RAIMUNDO NONATO FERREIRA DA SILVA,2025-01-01,,,salario,20069.09
2025,5,001637,RUTENIO SA DE OLIVEIRA,2025-01-01,,,auxilios,1500.0
2025,5,001637,RUTENIO SA DE OLIVEIRA,2025-01-01,,,outros_rendimentos,7664.5
2025,5,001637,RUTENIO SA DE OLIVEIRA,2025-01-01,,,salario,20069.09
2025,5,001584,SAMIR FIGUEIREDO BESTENE,2025-01-01,,,auxilios,1500.0
2025,5,001584,SAMIR FIGUEIREDO BESTENE,2025-01-01,,,outros_rendimentos,2500.0
2025,5,001584,SAMIR FIGUEIREDO BESTENE,2025-01-01,,,salario,20069.09
2025,6,001400,ANDRE KAMAI DA SILVA SOARES,2025-01-01,,,auxilios,1500.0
2025,6,001400,ANDRE KAMAI DA SILVA SOARES,2025-01-01,,,outros_rendimentos,2500.0
2025,6,001400,ANDRE KAMAI DA SILVA SOARES,2025-01-01,,,salario,20069.09
2025,6,000772,ANTONIO LIRA DE MORAIS,2025-01-01,,,auxilios,1500.0
2025,6,000772,ANTONIO LIRA DE MORAIS,2025-01-01,,,outros_rendimentos,2500.0
2025,6,000772,ANTONIO LIRA DE MORAIS,2025-01-01,,,salario,20069.09
2025,6,002284,BRUNO MORAES CARDOSO,2025-01-01,,,auxilios,1500.0
2025,6,002284,BRUNO MORAES CARDOSO,2025-01-01,,,outros_rendimentos,2500.0
2025,6,002284,BRUNO MORAES CARDOSO,2025-01-01,,,salario,20069.09
2025,6,002438,EBER SILVA MACHADO,2025-01-01,,,auxilios,1500.0
2025,6,002438,EBER SILVA MACHADO,2025-01-01,,,outros_rendimentos,2500.0
2025,6,002438,EBER SILVA MACHADO,2025-01-01,,,salario,20069.09
2025,6,002379,EDVALDO ALMEIDA DE OLIVEIRA,2025-01-01,,,auxilios,1500.0
2025,6,002379,EDVALDO ALMEIDA DE OLIVEIRA,2025-01-01,,,outros_rendimentos,2500.0
2025,6,002379,EDVALDO ALMEIDA DE OLIVEIRA,2025-01-01,,,salario,20069.09
2025,6,001109,ELZA TEIXEIRA DE MENDONCA,2025-01-01,,,auxilios,1500.0
2025,6,001109,ELZA TEIXEIRA DE MENDONCA,2025-01-01,,,outros_rendimentos,2500.0
2025,6,001109,ELZA TEIXEIRA DE MENDONCA,2025-01-01,,,salario,20069.09
2025,6,001658,FABIO DE ARAUJO FREITAS,2025-01-01,,,auxilios,1500.0
2025,6,001658,FABIO DE ARAUJO FREITAS,2025-01-01,,,outros_rendimentos,2500.0
2025,6,001658,FABIO DE ARAUJO FREITAS,2025-01-01,,,salario,20069.09
2025,6,002521,FELIPE SANDRI SCHAFER,2025-01-01,,,auxilios,1500.0
2025,6,002521,FELIPE SANDRI SCHAFER,2025-01-01,,,outros_rendimentos,2500.0
2025,6,002521,FELIPE SANDRI SCHAFER,2025-01-01,,,salario,20069.09
2025,6,002485,JOABE LIRA DE QUEIROZ,2025-01-01,,,auxilios,1500.0
2025,6,002485,JOABE LIRA DE QUEIROZ,2025-01-01,,,outros_rendimentos,2500.0
2025,6,002485,JOABE LIRA DE QUEIROZ,2025-01-01,,,salario,20069.09
2025,6,002561,JOAO PAULO SILVA E SILVA,2025-01-01,,,auxilios,1500.0
2025,6,002561,JOAO PAULO SILVA E SILVA,2025-01-01,,,outros_rendimentos,2500.0
2025,6,002561,JOAO PAULO SILVA E SILVA,2025-01-01,,,salario,20069.09
2025,6,001696,JOAQUIM FLORENCIO DA SILVA,2025-01-01,,,auxilios,1500.0
2025,6,001696,JOAQUIM FLORENCIO DA SILVA,2025-01-01,,,outros_rendimentos,2500.0
2025,6,001696,JOAQUIM FLORENCIO DA SILVA,2025-01-01,,,salario,20069.09
2025,6,002558,JOSE AUGUSTO SOARES AIACHE,2025-01-01,,,auxilios,1500.0
2025,6,002558,JOSE AUGUSTO SOARES AIACHE,2025-01-01,,,outros_rendimentos,2500.0
2025,6,002558,JOSE AUGUSTO SOARES AIACHE,2025-01-01,,,salario,20069.09
2025,6,002586,JOSE LOPES JUNIOR,2025-01-01,,,auxilios,1500.0
2025,6,002586,JOSE LOPES JUNIOR,2025-01-01,,,outros_rendimentos,2500.0
2025,6,002586,JOSE LOPES JUNIOR,2025-01-01,,,salario,20069.09
2025,6,002258,JOSE MATHEUS DO NASCIMENTO PAIVA,2025-01-01,,,auxilios,1500.0
2025,6,002258,JOSE MATHEUS DO NASCIMENTO PAIVA,2025-01-01,,,outros_rendimentos,2500.0
2025,6,002258,JOSE MATHEUS DO NASCIMENTO PAIVA,2025-01-01,,,salario,20069.09
2025,6,002327,LEONCIO TIMOTEO DE CASTRO,2025-01-01,,,auxilios,1500.0
2025,6,002327,LEONCIO TIMOTEO DE CASTRO,2025-01-01,,,outros_rendimentos,2500.0
2025,6,002327,LEONCIO TIMOTEO DE CASTRO,2025-01-01,,,salario,20069.09
2025,6,002571,LUCILENE DE SOUZA RODRIGUES VALE,2025-01-01,,,auxilios,1500.0
2025,6,002571,LUCILENE DE SOUZA RODRIGUES VALE,2025-01-01,,,outros_rendimentos,2500.0
2025,6,002571,LUCILENE DE SOUZA RODRIGUES VALE,2025-01-01,,,salario,20069.09
2025,6,002212,MARCIO MUSTAFA SILVEIRA,2025-01-01,,,auxilios,1500.0
2025,6,002212,MARCIO MUSTAFA SILVEIRA,2025-01-01,,,outros_rendimentos,2500.0
2025,6,002212,MARCIO MUSTAFA SILVEIRA,2025-01-01,,,salario,20069.09
2025,6,002206,MOACIR PEREIRA DOS SANTOS JUNIOR,2025-01-01,,,auxilios,1500.0
2025,6,002206,MOACIR PEREIRA DOS SANTOS JUNIOR,2025-01-01,,,outros_rendimentos,2500.0
2025,6,002206,MOACIR PEREIRA DOS SANTOS JUNIOR,2025-01-01,,,salario,20069.09
2025,6,001140,RAIMUNDO NONATO FERREIRA DA SILVA,2025-01-01,,,auxilios,1500.0
2025,6,001140,RAIMUNDO NONATO FERREIRA DA SILVA,2025-01-01,,,outros_rendimentos,2500.0
2025,6,001140,RAIMUNDO NONATO FERREIRA DA SILVA,2025-01-01,,,salario,20069.09
2025,6,001637,RUTENIO SA DE OLIVEIRA,2025-01-01,,,auxilios,1500.0
2025,6,001637,RUTENIO SA DE OLIVEIRA,2025-01-01,,,outros_rendimentos,2500.0
2025,6,001637,RUTENIO SA DE OLIVEIRA,2025-01-01,,,salario,20069.09
2025,6,001584,SAMIR FIGUEIREDO BESTENE,2025-01-01,,,auxilios,1500.0
2025,6,001584,SAMIR FIGUEIREDO BESTENE,2025-01-01,,,outros_rendimentos,2500.0
2025,6,001584,SAMIR FIGUEIREDO BESTENE,2025-01-01,,,salario,20069.09
2025,7,001400,ANDRE KAMAI DA SILVA SOARES,2025-01-01,,,auxilios,1500.0
2025,7,001400,ANDRE KAMAI DA SILVA SOARES,2025-01-01,,,outros_rendimentos,2500.0
2025,7,001400,ANDRE KAMAI DA SILVA SOARES,2025-01-01,,,salario,20069.09
2025,7,000772,ANTONIO LIRA DE MORAIS,2025-01-01,,,auxilios,1500.0
2025,7,000772,ANTONIO LIRA DE MORAIS,2025-01-01,,,outros_rendimentos,2500.0
2025,7,000772,ANTONIO LIRA DE MORAIS,2025-01-01,,,salario,20069.09
2025,7,002284,BRUNO MORAES CARDOSO,2025-01-01,,,auxilios,1500.0
2025,7,002284,BRUNO MORAES CARDOSO,2025-01-01,,,outros_rendimentos,2500.0
2025,7,002284,BRUNO MORAES CARDOSO,2025-01-01,,,salario,20069.09
2025,7,002438,EBER SILVA MACHADO,2025-01-01,,,auxilios,1500.0
2025,7,002438,EBER SILVA MACHADO,2025-01-01,,,outros_rendimentos,2500.0
2025,7,002438,EBER SILVA MACHADO,2025-01-01,,,salario,20069.09
2025,7,002379,EDVALDO ALMEIDA DE OLIVEIRA,2025-01-01,,,auxilios,1500.0
2025,7,002379,EDVALDO ALMEIDA DE OLIVEIRA,2025-01-01,,,outros_rendimentos,2500.0
2025,7,002379,EDVALDO ALMEIDA DE OLIVEIRA,2025-01-01,,,salario,20069.09
2025,7,001109,ELZA TEIXEIRA DE MENDONCA,2025-01-01,,,auxilios,1500.0
2025,7,001109,ELZA TEIXEIRA DE MENDONCA,2025-01-01,,,outros_rendimentos,2500.0
2025,7,001109,ELZA TEIXEIRA DE MENDONCA,2025-01-01,,,salario,20069.09
2025,7,001658,FABIO DE ARAUJO FREITAS,2025-01-01,,,auxilios,1500.0
2025,7,001658,FABIO DE ARAUJO FREITAS,2025-01-01,,,outros_rendimentos,2500.0
2025,7,001658,FABIO DE ARAUJO FREITAS,2025-01-01,,,salario,20069.09
2025,7,002521,FELIPE SANDRI SCHAFER,2025-01-01,,,auxilios,1500.0
2025,7,002521,FELIPE SANDRI SCHAFER,2025-01-01,,,outros_rendimentos,2500.0
2025,7,002521,FELIPE SANDRI SCHAFER,2025-01-01,,,salario,20069.09
2025,7,002485,JOABE LIRA DE QUEIROZ,2025-01-01,,,auxilios,1500.0
2025,7,002485,JOABE LIRA DE QUEIROZ,2025-01-01,,,outros_rendimentos,2500.0
2025,7,002485,JOABE LIRA DE QUEIROZ,2025-01-01,,,salario,20069.09
2025,7,002561,JOAO PAULO SILVA E SILVA,2025-01-01,,,auxilios,1500.0
2025,7,002561,JOAO PAULO SILVA E SILVA,2025-01-01,,,outros_rendimentos,2500.0
2025,7,002561,JOAO PAULO SILVA E SILVA,2025-01-01,,,salario,20069.09
2025,7,001696,JOAQUIM FLORENCIO DA SILVA,2025-01-01,,,auxilios,1500.0
2025,7,001696,JOAQUIM FLORENCIO DA SILVA,2025-01-01,,,outros_rendimentos,2500.0
2025,7,001696,JOAQUIM FLORENCIO DA SILVA,2025-01-01,,,salario,20069.09
2025,7,002558,JOSE AUGUSTO SOARES AIACHE,2025-01-01,,,auxilios,1500.0
2025,7,002558,JOSE AUGUSTO SOARES AIACHE,2025-01-01,,,outros_rendimentos,2500.0
2025,7,002558,JOSE AUGUSTO SOARES AIACHE,2025-01-01,,,salario,20069.09
2025,7,002586,JOSE LOPES JUNIOR,2025-01-01,,,auxilios,1500.0
2025,7,002586,JOSE LOPES JUNIOR,2025-01-01,,,outros_rendimentos,2500.0
2025,7,002586,JOSE LOPES JUNIOR,2025-01-01,,,salario,20069.09
2025,7,002258,JOSE MATHEUS DO NASCIMENTO PAIVA,2025-01-01,,,auxilios,1500.0
2025,7,002258,JOSE MATHEUS DO NASCIMENTO PAIVA,2025-01-01,,,outros_rendimentos,2500.0
2025,7,002258,JOSE MATHEUS DO NASCIMENTO PAIVA,2025-01-01,,,salario,20069.09
2025,7,002327,LEONCIO TIMOTEO DE CASTRO,2025-01-01,,,auxilios,1500.0
2025,7,002327,LEONCIO TIMOTEO DE CASTRO,2025-01-01,,,outros_rendimentos,2500.0
2025,7,002327,LEONCIO TIMOTEO DE CASTRO,2025-01-01,,,salario,20069.09
2025,7,002571,LUCILENE DE SOUZA RODRIGUES VALE,2025-01-01,,,auxilios,1500.0
2025,7,002571,LUCILENE DE SOUZA RODRIGUES VALE,2025-01-01,,,outros_rendimentos,2500.0
2025,7,002571,LUCILENE DE SOUZA RODRIGUES VALE,2025-01-01,,,salario,20069.09
2025,7,002212,MARCIO MUSTAFA SILVEIRA,2025-01-01,,,auxilios,1500.0
2025,7,002212,MARCIO MUSTAFA SILVEIRA,2025-01-01,,,outros_rendimentos,2500.0
2025,7,002212,MARCIO MUSTAFA SILVEIRA,2025-01-01,,,salario,20069.09
2025,7,002206,MOACIR PEREIRA DOS SANTOS JUNIOR,2025-01-01,,,auxilios,1500.0
2025,7,002206,MOACIR PEREIRA DOS SANTOS JUNIOR,2025-01-01,,,outros_rendimentos,2500.0
2025,7,002206,MOACIR PEREIRA DOS SANTOS JUNIOR,2025-01-01,,,salario,20069.09
2025,7,001140,RAIMUNDO NONATO FERREIRA DA SILVA,2025-01-01,,,auxilios,1500.0
2025,7,001140,RAIMUNDO NONATO FERREIRA DA SILVA,2025-01-01,,,outros_rendimentos,2500.0
2025,7,001140,RAIMUNDO NONATO FERREIRA DA SILVA,2025-01-01,,,salario,20069.09
2025,7,001637,RUTENIO SA DE OLIVEIRA,2025-01-01,,,auxilios,1500.0
2025,7,001637,RUTENIO SA DE OLIVEIRA,2025-01-01,,,outros_rendimentos,2500.0
2025,7,001637,RUTENIO SA DE OLIVEIRA,2025-01-01,,,salario,20069.09
2025,7,001584,SAMIR FIGUEIREDO BESTENE,2025-01-01,,,auxilios,1500.0
2025,7,001584,SAMIR FIGUEIREDO BESTENE,2025-01-01,,,outros_rendimentos,2500.0
2025,7,001584,SAMIR FIGUEIREDO BESTENE,2025-01-01,,,salario,20069.09
2025,8,001400,ANDRE KAMAI DA SILVA SOARES,2025-01-01,,,auxilios,1500.0
2025,8,001400,ANDRE KAMAI DA SILVA SOARES,2025-01-01,,,outros_rendimentos,2500.0
2025,8,001400,ANDRE KAMAI DA SILVA SOARES,2025-01-01,,,salario,20069.09
2025,8,000772,ANTONIO LIRA DE MORAIS,2025-01-01,,,auxilios,1500.0
2025,8,000772,ANTONIO LIRA DE MORAIS,2025-01-01,,,outros_rendimentos,2500.0
2025,8,000772,ANTONIO LIRA DE MORAIS,2025-01-01,,,salario,20069.09
2025,8,002284,BRUNO MORAES CARDOSO,2025-01-01,,,auxilios,1500.0
2025,8,002284,BRUNO MORAES CARDOSO,2025-01-01,,,outros_rendimentos,2500.0
2025,8,002284,BRUNO MORAES CARDOSO,2025-01-01,,,salario,20069.09
2025,8,002438,EBER SILVA MACHADO,2025-01-01,,,auxilios,1500.0
2025,8,002438,EBER SILVA MACHADO,2025-01-01,,,outros_rendimentos,2500.0
2025,8,002438,EBER SILVA MACHADO,2025-01-01,,,salario,20069.09
2025,8,002379,EDVALDO ALMEIDA DE OLIVEIRA,2025-01-01,,,auxilios,1500.0
2025,8,002379,EDVALDO ALMEIDA DE OLIVEIRA,2025-01-01,,,outros_rendimentos,2500.0
2025,8,002379,EDVALDO ALMEIDA DE OLIVEIRA,2025-01-01,,,salario,20069.09
2025,8,001109,ELZA TEIXEIRA DE MENDONCA,2025-01-01,,,auxilios,1500.0
2025,8,001109,ELZA TEIXEIRA DE MENDONCA,2025-01-01,,,outros_rendimentos,2500.0
2025,8,001109,ELZA TEIXEIRA DE MENDONCA,2025-01-01,,,salario,20069.09
2025,8,001658,FABIO DE ARAUJO FREITAS,2025-01-01,,,auxilios,1500.0
2025,8,001658,FABIO DE ARAUJO FREITAS,2025-01-01,,,outros_rendimentos,2500.0
2025,8,001658,FABIO DE ARAUJO FREITAS,2025-01-01,,,salario,20069.09
2025,8,002521,FELIPE SANDRI SCHAFER,2025-01-01,,,auxilios,1500.0
2025,8,002521,FELIPE SANDRI SCHAFER,2025-01-01,,,outros_rendimentos,2500.0
2025,8,002521,FELIPE SANDRI SCHAFER,2025-01-01,,,salario,20069.09
2025,8,002485,JOABE LIRA DE QUEIROZ,2025-01-01,,,auxilios,1500.0
2025,8,002485,JOABE LIRA DE QUEIROZ,2025-01-01,,,outros_rendimentos,2500.0
2025,8,002485,JOABE LIRA DE QUEIROZ,2025-01-01,,,salario,20069.09
2025,8,002561,JOAO PAULO SILVA E SILVA,2025-01-01,,,auxilios,1500.0
2025,8,002561,JOAO PAULO SILVA E SILVA,2025-01-01,,,outros_rendimentos,2500.0
2025,8,002561,JOAO PAULO SILVA E SILVA,2025-01-01,,,salario,20069.09
2025,8,001696,JOAQUIM FLORENCIO DA SILVA,2025-01-01,,,auxilios,1500.0
2025,8,001696,JOAQUIM FLORENCIO DA SILVA,2025-01-01,,,outros_rendimentos,2500.0
2025,8,001696,JOAQUIM FLORENCIO DA SILVA,2025-01-01,,,salario,20069.09
2025,8,002558,JOSE AUGUSTO SOARES AIACHE,2025-01-01,,,auxilios,1500.0
2025,8,002558,JOSE AUGUSTO SOARES AIACHE,2025-01-01,,,outros_rendimentos,2500.0
2025,8,002558,JOSE AUGUSTO SOARES AIACHE,2025-01-01,,,salario,20069.09
2025,8,002586,JOSE LOPES JUNIOR,2025-01-01,,,auxilios,1500.0
2025,8,002586,JOSE LOPES JUNIOR,2025-01-01,,,outros_rendimentos,2500.0
2025,8,002586,JOSE LOPES JUNIOR,2025-01-01,,,salario,20069.09
2025,8,002258,JOSE MATHEUS DO NASCIMENTO PAIVA,2025-01-01,,,auxilios,1500.0
2025,8,002258,JOSE MATHEUS DO NASCIMENTO PAIVA,2025-01-01,,,outros_rendimentos,2500.0
2025,8,002258,JOSE MATHEUS DO NASCIMENTO PAIVA,2025-01-01,,,salario,20069.09
2025,8,002327,LEONCIO TIMOTEO DE CASTRO,2025-01-01,,,auxilios,1500.0
2025,8,002327,LEONCIO TIMOTEO DE CASTRO,2025-01-01,,,outros_rendimentos,2500.0
2025,8,002327,LEONCIO TIMOTEO DE CASTRO,2025-01-01,,,salario,20069.09
2025,8,002571,LUCILENE DE SOUZA RODRIGUES VALE,2025-01-01,,,auxilios,1500.0
2025,8,002571,LUCILENE DE SOUZA RODRIGUES VALE,2025-01-01,,,outros_rendimentos,2500.0
2025,8,002571,LUCILENE DE SOUZA RODRIGUES VALE,2025-01-01,,,salario,20069.09
2025,8,002212,MARCIO MUSTAFA SILVEIRA,2025-01-01,,,auxilios,1500.0
2025,8,002212,MARCIO MUSTAFA SILVEIRA,2025-01-01,,,outros_rendimentos,2500.0
2025,8,002212,MARCIO MUSTAFA SILVEIRA,2025-01-01,,,salario,20069.09
2025,8,002206,MOACIR PEREIRA DOS SANTOS JUNIOR,2025-01-01,,,auxilios,1500.0
2025,8,002206,MOACIR PEREIRA DOS SANTOS JUNIOR,2025-01-01,,,outros_rendimentos,2500.0
2025,8,002206,MOACIR PEREIRA DOS SANTOS JUNIOR,2025-01-01,,,salario,20069.09
2025,8,001140,RAIMUNDO NONATO FERREIRA DA SILVA,2025-01-01,,,auxilios,1500.0
2025,8,001140,RAIMUNDO NONATO FERREIRA DA SILVA,2025-01-01,,,outros_rendimentos,2500.0
2025,8,001140,RAIMUNDO NONATO FERREIRA DA SILVA,2025-01-01,,,salario,20069.09
2025,8,001637,RUTENIO SA DE OLIVEIRA,2025-01-01,,,auxilios,1500.0
2025,8,001637,RUTENIO SA DE OLIVEIRA,2025-01-01,,,outros_rendimentos,2500.0
2025,8,001637,RUTENIO SA DE OLIVEIRA,2025-01-01,,,salario,20069.09
2025,8,001584,SAMIR FIGUEIREDO BESTENE,2025-01-01,,,auxilios,1500.0
2025,8,001584,SAMIR FIGUEIREDO BESTENE,2025-01-01,,,outros_rendimentos,2500.0
2025,8,001584,SAMIR FIGUEIREDO BESTENE,2025-01-01,,,salario,20069.09
2025,9,001400,ANDRE KAMAI DA SILVA SOARES,2025-01-01,,,auxilios,1500.0
2025,9,001400,ANDRE KAMAI DA SILVA SOARES,2025-01-01,,,outros_rendimentos,2500.0
2025,9,001400,ANDRE KAMAI DA SILVA SOARES,2025-01-01,,,salario,20069.09
2025,9,000772,ANTONIO LIRA DE MORAIS,2025-01-01,,,auxilios,1500.0
2025,9,000772,ANTONIO LIRA DE MORAIS,2025-01-01,,,outros_rendimentos,2500.0
2025,9,000772,ANTONIO LIRA DE MORAIS,2025-01-01,,,salario,20069.09
2025,9,002284,BRUNO MORAES CARDOSO,2025-01-01,,,auxilios,1500.0
2025,9,002284,BRUNO MORAES CARDOSO,2025-01-01,,,outros_rendimentos,2500.0
2025,9,002284,BRUNO MORAES CARDOSO,2025-01-01,,,salario,20069.09
2025,9,002438,EBER SILVA MACHADO,2025-01-01,,,auxilios,1500.0
2025,9,002438,EBER SILVA MACHADO,2025-01-01,,,outros_rendimentos,2500.0
2025,9,002438,EBER SILVA MACHADO,2025-01-01,,,salario,20069.09
2025,9,002379,EDVALDO ALMEIDA DE OLIVEIRA,2025-01-01,,,auxilios,1500.0
2025,9,002379,EDVALDO ALMEIDA DE OLIVEIRA,2025-01-01,,,outros_rendimentos,2500.0
2025,9,002379,EDVALDO ALMEIDA DE OLIVEIRA,2025-01-01,,,salario,20069.09
2025,9,001109,ELZA TEIXEIRA DE MENDONCA,2025-01-01,,,auxilios,1500.0
2025,9,001109,ELZA TEIXEIRA DE MENDONCA,2025-01-01,,,outros_rendimentos,2500.0
2025,9,001109,ELZA TEIXEIRA DE MENDONCA,2025-01-01,,,salario,20069.09
2025,9,001658,FABIO DE ARAUJO FREITAS,2025-01-01,,,auxilios,1500.0
2025,9,001658,FABIO DE ARAUJO FREITAS,2025-01-01,,,outros_rendimentos,2500.0
2025,9,001658,FABIO DE ARAUJO FREITAS,2025-01-01,,,salario,20069.09
2025,9,002521,FELIPE SANDRI SCHAFER,2025-01-01,,,auxilios,1500.0
2025,9,002521,FELIPE SANDRI SCHAFER,2025-01-01,,,outros_rendimentos,2500.0
2025,9,002521,FELIPE SANDRI SCHAFER,2025-01-01,,,salario,20069.09
2025,9,002485,JOABE LIRA DE QUEIROZ,2025-01-01,,,auxilios,1500.0
2025,9,002485,JOABE LIRA DE QUEIROZ,2025-01-01,,,outros_rendimentos,2500.0
2025,9,002485,JOABE LIRA DE QUEIROZ,2025-01-01,,,salario,20069.09
2025,9,002561,JOAO PAULO SILVA E SILVA,2025-01-01,,,auxilios,1500.0
2025,9,002561,JOAO PAULO SILVA E SILVA,2025-01-01,,,outros_rendimentos,2500.0
2025,9,002561,JOAO PAULO SILVA E SILVA,2025-01-01,,,salario,20069.09
2025,9,001696,JOAQUIM FLORENCIO DA SILVA,2025-01-01,,,auxilios,1500.0
2025,9,001696,JOAQUIM FLORENCIO DA SILVA,2025-01-01,,,outros_rendimentos,2500.0
2025,9,001696,JOAQUIM FLORENCIO DA SILVA,2025-01-01,,,salario,20069.09
2025,9,002558,JOSE AUGUSTO SOARES AIACHE,2025-01-01,,,auxilios,1500.0
2025,9,002558,JOSE AUGUSTO SOARES AIACHE,2025-01-01,,,outros_rendimentos,2500.0
2025,9,002558,JOSE AUGUSTO SOARES AIACHE,2025-01-01,,,salario,20069.09
2025,9,002586,JOSE LOPES JUNIOR,2025-01-01,,,auxilios,1500.0
2025,9,002586,JOSE LOPES JUNIOR,2025-01-01,,,outros_rendimentos,2500.0
2025,9,002586,JOSE LOPES JUNIOR,2025-01-01,,,salario,20069.09
2025,9,002258,JOSE MATHEUS DO NASCIMENTO PAIVA,2025-01-01,,,auxilios,1500.0
2025,9,002258,JOSE MATHEUS DO NASCIMENTO PAIVA,2025-01-01,,,outros_rendimentos,2500.0
2025,9,002258,JOSE MATHEUS DO NASCIMENTO PAIVA,2025-01-01,,,salario,20069.09
2025,9,002327,LEONCIO TIMOTEO DE CASTRO,2025-01-01,,,auxilios,1500.0
2025,9,002327,LEONCIO TIMOTEO DE CASTRO,2025-01-01,,,outros_rendimentos,2500.0
2025,9,002327,LEONCIO TIMOTEO DE CASTRO,2025-01-01,,,salario,20069.09
2025,9,002571,LUCILENE DE SOUZA RODRIGUES VALE,2025-01-01,,,auxilios,1500.0
2025,9,002571,LUCILENE DE SOUZA RODRIGUES VALE,2025-01-01,,,outros_rendimentos,2500.0
2025,9,002571,LUCILENE DE SOUZA RODRIGUES VALE,2025-01-01,,,salario,20069.09
2025,9,002212,MARCIO MUSTAFA SILVEIRA,2025-01-01,,,auxilios,1500.0
2025,9,002212,MARCIO MUSTAFA SILVEIRA,2025-01-01,,,outros_rendimentos,2500.0
2025,9,002212,MARCIO MUSTAFA SILVEIRA,2025-01-01,,,salario,20069.09
2025,9,002206,MOACIR PEREIRA DOS SANTOS JUNIOR,2025-01-01,,,auxilios,1500.0
2025,9,002206,MOACIR PEREIRA DOS SANTOS JUNIOR,2025-01-01,,,outros_rendimentos,2500.0
2025,9,002206,MOACIR PEREIRA DOS SANTOS JUNIOR,2025-01-01,,,salario,20069.09
2025,9,001140,RAIMUNDO NONATO FERREIRA DA SILVA,2025-01-01,,,auxilios,1500.0
2025,9,001140,RAIMUNDO NONATO FERREIRA DA SILVA,2025-01-01,,,outros_rendimentos,2500.0
2025,9,001140,RAIMUNDO NONATO FERREIRA DA SILVA,2025-01-01,,,salario,20069.09
2025,9,001637,RUTENIO SA DE OLIVEIRA,2025-01-01,,,auxilios,1500.0
2025,9,001637,RUTENIO SA DE OLIVEIRA,2025-01-01,,,outros_rendimentos,2500.0
2025,9,001637,RUTENIO SA DE OLIVEIRA,2025-01-01,,,salario,20069.09
2025,9,001584,SAMIR FIGUEIREDO BESTENE,2025-01-01,,,auxilios,1500.0
2025,9,001584,SAMIR FIGUEIREDO BESTENE,2025-01-01,,,outros_rendimentos,2500.0
2025,9,001584,SAMIR FIGUEIREDO BESTENE,2025-01-01,,,salario,20069.09
2025,10,001400,ANDRE KAMAI DA SILVA SOARES,2025-01-01,,,auxilios,1500.0
2025,10,001400,ANDRE KAMAI DA SILVA SOARES,2025-01-01,,,outros_rendimentos,2500.0
2025,10,001400,ANDRE KAMAI DA SILVA SOARES,2025-01-01,,,salario,20069.09
2025,10,000772,ANTONIO LIRA DE MORAIS,2025-01-01,,,auxilios,1500.0
2025,10,000772,ANTONIO LIRA DE MORAIS,2025-01-01,,,outros_rendimentos,2500.0
2025,10,000772,ANTONIO LIRA DE MORAIS,2025-01-01,,,salario,20069.09
2025,10,002284,BRUNO MORAES CARDOSO,2025-01-01,,,auxilios,1500.0
2025,10,002284,BRUNO MORAES CARDOSO,2025-01-01,,,outros_rendimentos,2500.0
2025,10,002284,BRUNO MORAES CARDOSO,2025-01-01,,,salario,20069.09
2025,10,002438,EBER SILVA MACHADO,2025-01-01,,,auxilios,1500.0
2025,10,002438,EBER SILVA MACHADO,2025-01-01,,,outros_rendimentos,2500.0
2025,10,002438,EBER SILVA MACHADO,2025-01-01,,,salario,20069.09
2025,10,002379,EDVALDO ALMEIDA DE OLIVEIRA,2025-01-01,,,auxilios,1500.0
2025,10,002379,EDVALDO ALMEIDA DE OLIVEIRA,2025-01-01,,,outros_rendimentos,2500.0
2025,10,002379,EDVALDO ALMEIDA DE OLIVEIRA,2025-01-01,,,salario,20069.09
2025,10,001109,ELZA TEIXEIRA DE MENDONCA,2025-01-01,,,auxilios,1500.0
2025,10,001109,ELZA TEIXEIRA DE MENDONCA,2025-01-01,,,outros_rendimentos,2500.0
2025,10,001109,ELZA TEIXEIRA DE MENDONCA,2025-01-01,,,salario,20069.09
2025,10,001658,FABIO DE ARAUJO FREITAS,2025-01-01,,,auxilios,1500.0
2025,10,001658,FABIO DE ARAUJO FREITAS,2025-01-01,,,outros_rendimentos,2500.0
2025,10,001658,FABIO DE ARAUJO FREITAS,2025-01-01,,,salario,20069.09
2025,10,002521,FELIPE SANDRI SCHAFER,2025-01-01,,,auxilios,1500.0
2025,10,002521,FELIPE SANDRI SCHAFER,2025-01-01,,,outros_rendimentos,2500.0
2025,10,002521,FELIPE SANDRI SCHAFER,2025-01-01,,,salario,20069.09
2025,10,002485,JOABE LIRA DE QUEIROZ,2025-01-01,,,auxilios,1500.0
2025,10,002485,JOABE LIRA DE QUEIROZ,2025-01-01,,,outros_rendimentos,2500.0
2025,10,002485,JOABE LIRA DE QUEIROZ,2025-01-01,,,salario,20069.09
2025,10,002561,JOAO PAULO SILVA E SILVA,2025-01-01,,,auxilios,1500.0
2025,10,002561,JOAO PAULO SILVA E SILVA,2025-01-01,,,outros_rendimentos,2500.0
2025,10,002561,JOAO PAULO SILVA E SILVA,2025-01-01,,,salario,20069.09
2025,10,001696,JOAQUIM FLORENCIO DA SILVA,2025-01-01,,,auxilios,1500.0
2025,10,001696,JOAQUIM FLORENCIO DA SILVA,2025-01-01,,,outros_rendimentos,2500.0
2025,10,001696,JOAQUIM FLORENCIO DA SILVA,2025-01-01,,,salario,20069.09
2025,10,002558,JOSE AUGUSTO SOARES AIACHE,2025-01-01,,,auxilios,1500.0
2025,10,002558,JOSE AUGUSTO SOARES AIACHE,2025-01-01,,,outros_rendimentos,2500.0
2025,10,002558,JOSE AUGUSTO SOARES AIACHE,2025-01-01,,,salario,20069.09
2025,10,002586,JOSE LOPES JUNIOR,2025-01-01,,,auxilios,1500.0
2025,10,002586,JOSE LOPES JUNIOR,2025-01-01,,,outros_rendimentos,2500.0
2025,10,002586,JOSE LOPES JUNIOR,2025-01-01,,,salario,20069.09
2025,10,002258,JOSE MATHEUS DO NASCIMENTO PAIVA,2025-01-01,,,auxilios,1500.0
2025,10,002258,JOSE MATHEUS DO NASCIMENTO PAIVA,2025-01-01,,,outros_rendimentos,2500.0
2025,10,002258,JOSE MATHEUS DO NASCIMENTO PAIVA,2025-01-01,,,salario,20069.09
2025,10,002327,LEONCIO TIMOTEO DE CASTRO,2025-01-01,,,auxilios,1500.0
2025,10,002327,LEONCIO TIMOTEO DE CASTRO,2025-01-01,,,outros_rendimentos,2500.0
2025,10,002327,LEONCIO TIMOTEO DE CASTRO,2025-01-01,,,salario,20069.09
2025,10,002571,LUCILENE DE SOUZA RODRIGUES VALE,2025-01-01,,,auxilios,1500.0
2025,10,002571,LUCILENE DE SOUZA RODRIGUES VALE,2025-01-01,,,outros_rendimentos,2500.0
2025,10,002571,LUCILENE DE SOUZA RODRIGUES VALE,2025-01-01,,,salario,20069.09
2025,10,002212,MARCIO MUSTAFA SILVEIRA,2025-01-01,,,auxilios,1500.0
2025,10,002212,MARCIO MUSTAFA SILVEIRA,2025-01-01,,,outros_rendimentos,2500.0
2025,10,002212,MARCIO MUSTAFA SILVEIRA,2025-01-01,,,salario,20069.09
2025,10,002206,MOACIR PEREIRA DOS SANTOS JUNIOR,2025-01-01,,,auxilios,1500.0
2025,10,002206,MOACIR PEREIRA DOS SANTOS JUNIOR,2025-01-01,,,outros_rendimentos,2500.0
2025,10,002206,MOACIR PEREIRA DOS SANTOS JUNIOR,2025-01-01,,,salario,20069.09
2025,10,001140,RAIMUNDO NONATO FERREIRA DA SILVA,2025-01-01,,,auxilios,1500.0
2025,10,001140,RAIMUNDO NONATO FERREIRA DA SILVA,2025-01-01,,,outros_rendimentos,2500.0
2025,10,001140,RAIMUNDO NONATO FERREIRA DA SILVA,2025-01-01,,,salario,20069.09
2025,10,001637,RUTENIO SA DE OLIVEIRA,2025-01-01,,,auxilios,1500.0
2025,10,001637,RUTENIO SA DE OLIVEIRA,2025-01-01,,,outros_rendimentos,2500.0
2025,10,001637,RUTENIO SA DE OLIVEIRA,2025-01-01,,,salario,20069.09
2025,10,001584,SAMIR FIGUEIREDO BESTENE,2025-01-01,,,auxilios,1500.0
2025,10,001584,SAMIR FIGUEIREDO BESTENE,2025-01-01,,,outros_rendimentos,2500.0
2025,10,001584,SAMIR FIGUEIREDO BESTENE,2025-01-01,,,salario,20069.09
2025,11,001400,ANDRE KAMAI DA SILVA SOARES,2025-01-01,,,auxilios,1500.0
2025,11,001400,ANDRE KAMAI DA SILVA SOARES,2025-01-01,,,outros_rendimentos,2500.0
2025,11,001400,ANDRE KAMAI DA SILVA SOARES,2025-01-01,,,salario,20069.09
2025,11,000772,ANTONIO LIRA DE MORAIS,2025-01-01,,,auxilios,1500.0
2025,11,000772,ANTONIO LIRA DE MORAIS,2025-01-01,,,outros_rendimentos,2500.0
2025,11,000772,ANTONIO LIRA DE MORAIS,2025-01-01,,,salario,20069.09
2025,11,002284,BRUNO MORAES CARDOSO,2025-01-01,,,auxilios,1500.0
2025,11,002284,BRUNO MORAES CARDOSO,2025-01-01,,,outros_rendimentos,2500.0
2025,11,002284,BRUNO MORAES CARDOSO,2025-01-01,,,salario,20069.09
2025,11,002438,EBER SILVA MACHADO,2025-01-01,,,auxilios,1500.0
2025,11,002438,EBER SILVA MACHADO,2025-01-01,,,outros_rendimentos,2500.0
2025,11,002438,EBER SILVA MACHADO,2025-01-01,,,salario,20069.09
2025,11,002379,EDVALDO ALMEIDA DE OLIVEIRA,2025-01-01,,,auxilios,1500.0
2025,11,002379,EDVALDO ALMEIDA DE OLIVEIRA,2025-01-01,,,outros_rendimentos,2500.0
2025,11,002379,EDVALDO ALMEIDA DE OLIVEIRA,2025-01-01,,,salario,20069.09
2025,11,001109,ELZA TEIXEIRA DE MENDONCA,2025-01-01,,,auxilios,1500.0
2025,11,001109,ELZA TEIXEIRA DE MENDONCA,2025-01-01,,,outros_rendimentos,2500.0
2025,11,001109,ELZA TEIXEIRA DE MENDONCA,2025-01-01,,,salario,20069.09
2025,11,001658,FABIO DE ARAUJO FREITAS,2025-01-01,,,auxilios,1500.0
2025,11,001658,FABIO DE ARAUJO FREITAS,2025-01-01,,,outros_rendimentos,2500.0
2025,11,001658,FABIO DE ARAUJO FREITAS,2025-01-01,,,salario,20069.09
2025,11,002521,FELIPE SANDRI SCHAFER,2025-01-01,,,auxilios,1500.0
2025,11,002521,FELIPE SANDRI SCHAFER,2025-01-01,,,outros_rendimentos,2500.0
2025,11,002521,FELIPE SANDRI SCHAFER,2025-01-01,,,salario,20069.09
2025,11,002485,JOABE LIRA DE QUEIROZ,2025-01-01,,,auxilios,1500.0
2025,11,002485,JOABE LIRA DE QUEIROZ,2025-01-01,,,outros_rendimentos,2500.0
2025,11,002485,JOABE LIRA DE QUEIROZ,2025-01-01,,,salario,20069.09
2025,11,002561,JOAO PAULO SILVA E SILVA,2025-01-01,,,auxilios,1500.0
2025,11,002561,JOAO PAULO SILVA E SILVA,2025-01-01,,,outros_rendimentos,2500.0
2025,11,002561,JOAO PAULO SILVA E SILVA,2025-01-01,,,salario,20069.09
2025,11,001696,JOAQUIM FLORENCIO DA SILVA,2025-01-01,,,auxilios,1500.0
2025,11,001696,JOAQUIM FLORENCIO DA SILVA,2025-01-01,,,outros_rendimentos,2500.0
2025,11,001696,JOAQUIM FLORENCIO DA SILVA,2025-01-01,,,salario,20069.09
2025,11,002558,JOSE AUGUSTO SOARES AIACHE,2025-01-01,,,auxilios,1500.0
2025,11,002558,JOSE AUGUSTO SOARES AIACHE,2025-01-01,,,outros_rendimentos,2500.0
2025,11,002558,JOSE AUGUSTO SOARES AIACHE,2025-01-01,,,salario,20069.09
2025,11,002586,JOSE LOPES JUNIOR,2025-01-01,,,auxilios,1500.0
2025,11,002586,JOSE LOPES JUNIOR,2025-01-01,,,outros_rendimentos,2500.0
2025,11,002586,JOSE LOPES JUNIOR,2025-01-01,,,salario,20069.09
2025,11,002258,JOSE MATHEUS DO NASCIMENTO PAIVA,2025-01-01,,,auxilios,1500.0
2025,11,002258,JOSE MATHEUS DO NASCIMENTO PAIVA,2025-01-01,,,outros_rendimentos,2500.0
2025,11,002258,JOSE MATHEUS DO NASCIMENTO PAIVA,2025-01-01,,,salario,20069.09
2025,11,002327,LEONCIO TIMOTEO DE CASTRO,2025-01-01,,,auxilios,1500.0
2025,11,002327,LEONCIO TIMOTEO DE CASTRO,2025-01-01,,,outros_rendimentos,2500.0
2025,11,002327,LEONCIO TIMOTEO DE CASTRO,2025-01-01,,,salario,20069.09
2025,11,002571,LUCILENE DE SOUZA RODRIGUES VALE,2025-01-01,,,auxilios,1500.0
2025,11,002571,LUCILENE DE SOUZA RODRIGUES VALE,2025-01-01,,,outros_rendimentos,2500.0
2025,11,002571,LUCILENE DE SOUZA RODRIGUES VALE,2025-01-01,,,salario,20069.09
2025,11,002212,MARCIO MUSTAFA SILVEIRA,2025-01-01,,,auxilios,1500.0
2025,11,002212,MARCIO MUSTAFA SILVEIRA,2025-01-01,,,outros_rendimentos,2500.0
2025,11,002212,MARCIO MUSTAFA SILVEIRA,2025-01-01,,,salario,20069.09
2025,11,002206,MOACIR PEREIRA DOS SANTOS JUNIOR,2025-01-01,,,auxilios,1500.0
2025,11,002206,MOACIR PEREIRA DOS SANTOS JUNIOR,2025-01-01,,,outros_rendimentos,2500.0
2025,11,002206,MOACIR PEREIRA DOS SANTOS JUNIOR,2025-01-01,,,salario,20069.09
2025,11,001140,RAIMUNDO NONATO FERREIRA DA SILVA,2025-01-01,,,auxilios,1500.0
2025,11,001140,RAIMUNDO NONATO FERREIRA DA SILVA,2025-01-01,,,outros_rendimentos,2500.0
2025,11,001140,RAIMUNDO NONATO FERREIRA DA SILVA,2025-01-01,,,salario,20069.09
2025,11,001637,RUTENIO SA DE OLIVEIRA,2025-01-01,,,auxilios,1500.0
2025,11,001637,RUTENIO SA DE OLIVEIRA,2025-01-01,,,outros_rendimentos,2500.0
2025,11,001637,RUTENIO SA DE OLIVEIRA,2025-01-01,,,salario,20069.09
2025,11,001584,SAMIR FIGUEIREDO BESTENE,2025-01-01,,,auxilios,1500.0
2025,11,001584,SAMIR FIGUEIREDO BESTENE,2025-01-01,,,outros_rendimentos,2500.0
2025,11,001584,SAMIR FIGUEIREDO BESTENE,2025-01-01,,,salario,20069.09
2025,12,001400,ANDRE KAMAI DA SILVA SOARES,2025-01-01,,,auxilios,3000.0
2025,12,001400,ANDRE KAMAI DA SILVA SOARES,2025-01-01,,,decimo_terceiro,20069.09
2025,12,001400,ANDRE KAMAI DA SILVA SOARES,2025-01-01,,,outros_rendimentos,2500.0
2025,12,001400,ANDRE KAMAI DA SILVA SOARES,2025-01-01,,,salario,20069.09
2025,12,000772,ANTONIO LIRA DE MORAIS,2025-01-01,,,auxilios,3000.0
2025,12,000772,ANTONIO LIRA DE MORAIS,2025-01-01,,,decimo_terceiro,20069.09
2025,12,000772,ANTONIO LIRA DE MORAIS,2025-01-01,,,outros_rendimentos,2500.0
2025,12,000772,ANTONIO LIRA DE MORAIS,2025-01-01,,,salario,20069.09
2025,12,002284,BRUNO MORAES CARDOSO,2025-01-01,,,auxilios,3000.0
2025,12,002284,BRUNO MORAES CARDOSO,2025-01-01,,,decimo_terceiro,20069.09
2025,12,002284,BRUNO MORAES CARDOSO,2025-01-01,,,outros_rendimentos,2500.0
2025,12,002284,BRUNO MORAES CARDOSO,2025-01-01,,,salario,20069.09
2025,12,002438,EBER SILVA MACHADO,2025-01-01,,,auxilios,3000.0
2025,12,002438,EBER SILVA MACHADO,2025-01-01,,,decimo_terceiro,20069.09
2025,12,002438,EBER SILVA MACHADO,2025-01-01,,,outros_rendimentos,2500.0
2025,12,002438,EBER SILVA MACHADO,2025-01-01,,,salario,20069.09
2025,12,002379,EDVALDO ALMEIDA DE OLIVEIRA,2025-01-01,,,auxilios,3000.0
2025,12,002379,EDVALDO ALMEIDA DE OLIVEIRA,2025-01-01,,,decimo_terceiro,20069.09
2025,12,002379,EDVALDO ALMEIDA DE OLIVEIRA,2025-01-01,,,outros_rendimentos,2500.0
2025,12,002379,EDVALDO ALMEIDA DE OLIVEIRA,2025-01-01,,,salario,20069.09
2025,12,001109,ELZA TEIXEIRA DE MENDONCA,2025-01-01,,,auxilios,3000.0
2025,12,001109,ELZA TEIXEIRA DE MENDONCA,2025-01-01,,,decimo_terceiro,20069.09
2025,12,001109,ELZA TEIXEIRA DE MENDONCA,2025-01-01,,,outros_rendimentos,2500.0
2025,12,001109,ELZA TEIXEIRA DE MENDONCA,2025-01-01,,,salario,20069.09
2025,12,001658,FABIO DE ARAUJO FREITAS,2025-01-01,,,auxilios,3000.0
2025,12,001658,FABIO DE ARAUJO FREITAS,2025-01-01,,,decimo_terceiro,20069.09
2025,12,001658,FABIO DE ARAUJO FREITAS,2025-01-01,,,outros_rendimentos,2500.0
2025,12,001658,FABIO DE ARAUJO FREITAS,2025-01-01,,,salario,20069.09
2025,12,002521,FELIPE SANDRI SCHAFER,2025-01-01,,,auxilios,3000.0
2025,12,002521,FELIPE SANDRI SCHAFER,2025-01-01,,,decimo_terceiro,20069.09
2025,12,002521,FELIPE SANDRI SCHAFER,2025-01-01,,,outros_rendimentos,2500.0
2025,12,002521,FELIPE SANDRI SCHAFER,2025-01-01,,,salario,20069.09
2025,12,002485,JOABE LIRA DE QUEIROZ,2025-01-01,,,auxilios,3000.0
2025,12,002485,JOABE LIRA DE QUEIROZ,2025-01-01,,,decimo_terceiro,20069.09
2025,12,002485,JOABE LIRA DE QUEIROZ,2025-01-01,,,outros_rendimentos,2500.0
2025,12,002485,JOABE LIRA DE QUEIROZ,2025-01-01,,,salario,20069.09
2025,12,002561,JOAO PAULO SILVA E SILVA,2025-01-01,,,auxilios,3000.0
2025,12,002561,JOAO PAULO SILVA E SILVA,2025-01-01,,,decimo_terceiro,20069.09
2025,12,002561,JOAO PAULO SILVA E SILVA,2025-01-01,,,outros_rendimentos,2500.0
2025,12,002561,JOAO PAULO SILVA E SILVA,2025-01-01,,,salario,20069.09
2025,12,001696,JOAQUIM FLORENCIO DA SILVA,2025-01-01,,,auxilios,3000.0
2025,12,001696,JOAQUIM FLORENCIO DA SILVA,2025-01-01,,,decimo_terceiro,20069.09
2025,12,001696,JOAQUIM FLORENCIO DA SILVA,2025-01-01,,,outros_rendimentos,2500.0
2025,12,001696,JOAQUIM FLORENCIO DA SILVA,2025-01-01,,,salario,20069.09
2025,12,002558,JOSE AUGUSTO SOARES AIACHE,2025-01-01,,,auxilios,3000.0
2025,12,002558,JOSE AUGUSTO SOARES AIACHE,2025-01-01,,,decimo_terceiro,20069.09
2025,12,002558,JOSE AUGUSTO SOARES AIACHE,2025-01-01,,,outros_rendimentos,2500.0
2025,12,002558,JOSE AUGUSTO SOARES AIACHE,2025-01-01,,,salario,20069.09
2025,12,002586,JOSE LOPES JUNIOR,2025-01-01,,,auxilios,3000.0
2025,12,002586,JOSE LOPES JUNIOR,2025-01-01,,,decimo_terceiro,20069.09
2025,12,002586,JOSE LOPES JUNIOR,2025-01-01,,,outros_rendimentos,2500.0
2025,12,002586,JOSE LOPES JUNIOR,2025-01-01,,,salario,20069.09
2025,12,002258,JOSE MATHEUS DO NASCIMENTO PAIVA,2025-01-01,,,auxilios,3000.0
2025,12,002258,JOSE MATHEUS DO NASCIMENTO PAIVA,2025-01-01,,,decimo_terceiro,20069.09
2025,12,002258,JOSE MATHEUS DO NASCIMENTO PAIVA,2025-01-01,,,outros_rendimentos,2500.0
2025,12,002258,JOSE MATHEUS DO NASCIMENTO PAIVA,2025-01-01,,,salario,20069.09
2025,12,002327,LEONCIO TIMOTEO DE CASTRO,2025-01-01,,,auxilios,3000.0
2025,12,002327,LEONCIO TIMOTEO DE CASTRO,2025-01-01,,,decimo_terceiro,20069.09
2025,12,002327,LEONCIO TIMOTEO DE CASTRO,2025-01-01,,,outros_rendimentos,2500.0
2025,12,002327,LEONCIO TIMOTEO DE CASTRO,2025-01-01,,,salario,20069.09
2025,12,002571,LUCILENE DE SOUZA RODRIGUES VALE,2025-01-01,,,auxilios,3000.0
2025,12,002571,LUCILENE DE SOUZA RODRIGUES VALE,2025-01-01,,,decimo_terceiro,20069.09
2025,12,002571,LUCILENE DE SOUZA RODRIGUES VALE,2025-01-01,,,outros_rendimentos,2500.0
2025,12,002571,LUCILENE DE SOUZA RODRIGUES VALE,2025-01-01,,,salario,20069.09
2025,12,002212,MARCIO MUSTAFA SILVEIRA,2025-01-01,,,auxilios,3000.0
2025,12,002212,MARCIO MUSTAFA SILVEIRA,2025-01-01,,,decimo_terceiro,20069.09
2025,12,002212,MARCIO MUSTAFA SILVEIRA,2025-01-01,,,outros_rendimentos,2500.0
2025,12,002212,MARCIO MUSTAFA SILVEIRA,2025-01-01,,,salario,20069.09
2025,12,002206,MOACIR PEREIRA DOS SANTOS JUNIOR,2025-01-01,,,auxilios,3000.0
2025,12,002206,MOACIR PEREIRA DOS SANTOS JUNIOR,2025-01-01,,,decimo_terceiro,20069.09
2025,12,002206,MOACIR PEREIRA DOS SANTOS JUNIOR,2025-01-01,,,outros_rendimentos,2500.0
2025,12,002206,MOACIR PEREIRA DOS SANTOS JUNIOR,2025-01-01,,,salario,20069.09
2025,12,001140,RAIMUNDO NONATO FERREIRA DA SILVA,2025-01-01,,,auxilios,3000.0
2025,12,001140,RAIMUNDO NONATO FERREIRA DA SILVA,2025-01-01,,,decimo_terceiro,20069.09
2025,12,001140,RAIMUNDO NONATO FERREIRA DA SILVA,2025-01-01,,,outros_rendimentos,2500.0
2025,12,001140,RAIMUNDO NONATO FERREIRA DA SILVA,2025-01-01,,,salario,20069.09
2025,12,001637,RUTENIO SA DE OLIVEIRA,2025-01-01,,,auxilios,3000.0
2025,12,001637,RUTENIO SA DE OLIVEIRA,2025-01-01,,,decimo_terceiro,20069.09
2025,12,001637,RUTENIO SA DE OLIVEIRA,2025-01-01,,,outros_rendimentos,2500.0
2025,12,001637,RUTENIO SA DE OLIVEIRA,2025-01-01,,,salario,20069.09
2025,12,001584,SAMIR FIGUEIREDO BESTENE,2025-01-01,,,auxilios,3000.0
2025,12,001584,SAMIR FIGUEIREDO BESTENE,2025-01-01,,,decimo_terceiro,20069.09
2025,12,001584,SAMIR FIGUEIREDO BESTENE,2025-01-01,,,outros_rendimentos,2500.0
2025,12,001584,SAMIR FIGUEIREDO BESTENE,2025-01-01,,,salario,20069.09
2026,1,001400,ANDRE KAMAI DA SILVA SOARES,2025-01-01,,,auxilios,1500.0
2026,1,001400,ANDRE KAMAI DA SILVA SOARES,2025-01-01,,,outros_rendimentos,2500.0
2026,1,001400,ANDRE KAMAI DA SILVA SOARES,2025-01-01,,,salario,20069.09
2026,1,000772,ANTONIO LIRA DE MORAIS,2025-01-01,,,auxilios,1500.0
2026,1,000772,ANTONIO LIRA DE MORAIS,2025-01-01,,,outros_rendimentos,2500.0
2026,1,000772,ANTONIO LIRA DE MORAIS,2025-01-01,,,salario,20069.09
2026,1,002284,BRUNO MORAES CARDOSO,2025-01-01,,,auxilios,1500.0
2026,1,002284,BRUNO MORAES CARDOSO,2025-01-01,,,outros_rendimentos,2500.0
2026,1,002284,BRUNO MORAES CARDOSO,2025-01-01,,,salario,20069.09
2026,1,002438,EBER SILVA MACHADO,2025-01-01,,,auxilios,1500.0
2026,1,002438,EBER SILVA MACHADO,2025-01-01,,,outros_rendimentos,2500.0
2026,1,002438,EBER SILVA MACHADO,2025-01-01,,,salario,20069.09
2026,1,002379,EDVALDO ALMEIDA DE OLIVEIRA,2025-01-01,,,auxilios,1500.0
2026,1,002379,EDVALDO ALMEIDA DE OLIVEIRA,2025-01-01,,,outros_rendimentos,2500.0
2026,1,002379,EDVALDO ALMEIDA DE OLIVEIRA,2025-01-01,,,salario,20069.09
2026,1,001109,ELZA TEIXEIRA DE MENDONCA,2025-01-01,,,auxilios,1500.0
2026,1,001109,ELZA TEIXEIRA DE MENDONCA,2025-01-01,,,outros_rendimentos,2500.0
2026,1,001109,ELZA TEIXEIRA DE MENDONCA,2025-01-01,,,salario,20069.09
2026,1,001658,FABIO DE ARAUJO FREITAS,2025-01-01,,,auxilios,1500.0
2026,1,001658,FABIO DE ARAUJO FREITAS,2025-01-01,,,outros_rendimentos,2500.0
2026,1,001658,FABIO DE ARAUJO FREITAS,2025-01-01,,,salario,20069.09
2026,1,002521,FELIPE SANDRI SCHAFER,2025-01-01,,,auxilios,1500.0
2026,1,002521,FELIPE SANDRI SCHAFER,2025-01-01,,,outros_rendimentos,2500.0
2026,1,002521,FELIPE SANDRI SCHAFER,2025-01-01,,,salario,20069.09
2026,1,002485,JOABE LIRA DE QUEIROZ,2025-01-01,,,auxilios,1500.0
2026,1,002485,JOABE LIRA DE QUEIROZ,2025-01-01,,,outros_rendimentos,2500.0
2026,1,002485,JOABE LIRA DE QUEIROZ,2025-01-01,,,salario,20069.09
2026,1,002561,JOAO PAULO SILVA E SILVA,2025-01-01,,,auxilios,1500.0
2026,1,002561,JOAO PAULO SILVA E SILVA,2025-01-01,,,outros_rendimentos,2500.0
2026,1,002561,JOAO PAULO SILVA E SILVA,2025-01-01,,,salario,20069.09
2026,1,001696,JOAQUIM FLORENCIO DA SILVA,2025-01-01,,,auxilios,1500.0
2026,1,001696,JOAQUIM FLORENCIO DA SILVA,2025-01-01,,,outros_rendimentos,2500.0
2026,1,001696,JOAQUIM FLORENCIO DA SILVA,2025-01-01,,,salario,20069.09
2026,1,002558,JOSE AUGUSTO SOARES AIACHE,2025-01-01,,,auxilios,1500.0
2026,1,002558,JOSE AUGUSTO SOARES AIACHE,2025-01-01,,,outros_rendimentos,2500.0
2026,1,002558,JOSE AUGUSTO SOARES AIACHE,2025-01-01,,,salario,20069.09
2026,1,002586,JOSE LOPES JUNIOR,2025-01-01,,,auxilios,1500.0
2026,1,002586,JOSE LOPES JUNIOR,2025-01-01,,,outros_rendimentos,2500.0
2026,1,002586,JOSE LOPES JUNIOR,2025-01-01,,,salario,20069.09
2026,1,002258,JOSE MATHEUS DO NASCIMENTO PAIVA,2025-01-01,,,auxilios,1500.0
2026,1,002258,JOSE MATHEUS DO NASCIMENTO PAIVA,2025-01-01,,,outros_rendimentos,2500.0
2026,1,002258,JOSE MATHEUS DO NASCIMENTO PAIVA,2025-01-01,,,salario,20069.09
2026,1,002327,LEONCIO TIMOTEO DE CASTRO,2025-01-01,,,auxilios,1500.0
2026,1,002327,LEONCIO TIMOTEO DE CASTRO,2025-01-01,,,outros_rendimentos,2500.0
2026,1,002327,LEONCIO TIMOTEO DE CASTRO,2025-01-01,,,salario,20069.09
2026,1,002571,LUCILENE DE SOUZA RODRIGUES VALE,2025-01-01,,,auxilios,1500.0
2026,1,002571,LUCILENE DE SOUZA RODRIGUES VALE,2025-01-01,,,outros_rendimentos,2500.0
2026,1,002571,LUCILENE DE SOUZA RODRIGUES VALE,2025-01-01,,,salario,20069.09
2026,1,002212,MARCIO MUSTAFA SILVEIRA,2025-01-01,,,auxilios,1500.0
2026,1,002212,MARCIO MUSTAFA SILVEIRA,2025-01-01,,,outros_rendimentos,2500.0
2026,1,002212,MARCIO MUSTAFA SILVEIRA,2025-01-01,,,salario,20069.09
2026,1,002206,MOACIR PEREIRA DOS SANTOS JUNIOR,2025-01-01,,,auxilios,1500.0
2026,1,002206,MOACIR PEREIRA DOS SANTOS JUNIOR,2025-01-01,,,outros_rendimentos,2500.0
2026,1,002206,MOACIR PEREIRA DOS SANTOS JUNIOR,2025-01-01,,,salario,20069.09
2026,1,001140,RAIMUNDO NONATO FERREIRA DA SILVA,2025-01-01,,,auxilios,1500.0
2026,1,001140,RAIMUNDO NONATO FERREIRA DA SILVA,2025-01-01,,,outros_rendimentos,2500.0
2026,1,001140,RAIMUNDO NONATO FERREIRA DA SILVA,2025-01-01,,,salario,20069.09
2026,1,001637,RUTENIO SA DE OLIVEIRA,2025-01-01,,,auxilios,1500.0
2026,1,001637,RUTENIO SA DE OLIVEIRA,2025-01-01,,,outros_rendimentos,2500.0
2026,1,001637,RUTENIO SA DE OLIVEIRA,2025-01-01,,,salario,20069.09
2026,1,001584,SAMIR FIGUEIREDO BESTENE,2025-01-01,,,auxilios,1500.0
2026,1,001584,SAMIR FIGUEIREDO BESTENE,2025-01-01,,,outros_rendimentos,2500.0
2026,1,001584,SAMIR FIGUEIREDO BESTENE,2025-01-01,,,salario,20069.09
2026,2,001400,ANDRE KAMAI DA SILVA SOARES,2025-01-01,,,auxilios,1500.0
2026,2,001400,ANDRE KAMAI DA SILVA SOARES,2025-01-01,,,outros_rendimentos,2500.0
2026,2,001400,ANDRE KAMAI DA SILVA SOARES,2025-01-01,,,salario,20864.78
2026,2,000772,ANTONIO LIRA DE MORAIS,2025-01-01,,,auxilios,1500.0
2026,2,000772,ANTONIO LIRA DE MORAIS,2025-01-01,,,outros_rendimentos,2500.0
2026,2,000772,ANTONIO LIRA DE MORAIS,2025-01-01,,,salario,20864.78
2026,2,002284,BRUNO MORAES CARDOSO,2025-01-01,,,auxilios,1500.0
2026,2,002284,BRUNO MORAES CARDOSO,2025-01-01,,,outros_rendimentos,2500.0
2026,2,002284,BRUNO MORAES CARDOSO,2025-01-01,,,salario,20864.78
2026,2,002438,EBER SILVA MACHADO,2025-01-01,,,auxilios,1500.0
2026,2,002438,EBER SILVA MACHADO,2025-01-01,,,outros_rendimentos,2500.0
2026,2,002438,EBER SILVA MACHADO,2025-01-01,,,salario,20864.78
2026,2,002379,EDVALDO ALMEIDA DE OLIVEIRA,2025-01-01,,,auxilios,1500.0
2026,2,002379,EDVALDO ALMEIDA DE OLIVEIRA,2025-01-01,,,outros_rendimentos,2500.0
2026,2,002379,EDVALDO ALMEIDA DE OLIVEIRA,2025-01-01,,,salario,20864.78
2026,2,001109,ELZA TEIXEIRA DE MENDONCA,2025-01-01,,,auxilios,1500.0
2026,2,001109,ELZA TEIXEIRA DE MENDONCA,2025-01-01,,,outros_rendimentos,2500.0
2026,2,001109,ELZA TEIXEIRA DE MENDONCA,2025-01-01,,,salario,20864.78
2026,2,001658,FABIO DE ARAUJO FREITAS,2025-01-01,,,auxilios,1500.0
2026,2,001658,FABIO DE ARAUJO FREITAS,2025-01-01,,,outros_rendimentos,2500.0
2026,2,001658,FABIO DE ARAUJO FREITAS,2025-01-01,,,salario,20864.78
2026,2,002521,FELIPE SANDRI SCHAFER,2025-01-01,,,auxilios,1500.0
2026,2,002521,FELIPE SANDRI SCHAFER,2025-01-01,,,outros_rendimentos,2500.0
2026,2,002521,FELIPE SANDRI SCHAFER,2025-01-01,,,salario,20864.78
2026,2,002485,JOABE LIRA DE QUEIROZ,2025-01-01,,,auxilios,1500.0
2026,2,002485,JOABE LIRA DE QUEIROZ,2025-01-01,,,outros_rendimentos,2500.0
2026,2,002485,JOABE LIRA DE QUEIROZ,2025-01-01,,,salario,20864.78
2026,2,002561,JOAO PAULO SILVA E SILVA,2025-01-01,,,auxilios,1500.0
2026,2,002561,JOAO PAULO SILVA E SILVA,2025-01-01,,,outros_rendimentos,2500.0
2026,2,002561,JOAO PAULO SILVA E SILVA,2025-01-01,,,salario,20864.78
2026,2,001696,JOAQUIM FLORENCIO DA SILVA,2025-01-01,,,auxilios,1500.0
2026,2,001696,JOAQUIM FLORENCIO DA SILVA,2025-01-01,,,outros_rendimentos,2500.0
2026,2,001696,JOAQUIM FLORENCIO DA SILVA,2025-01-01,,,salario,20864.78
2026,2,002558,JOSE AUGUSTO SOARES AIACHE,2025-01-01,,,auxilios,1500.0
2026,2,002558,JOSE AUGUSTO SOARES AIACHE,2025-01-01,,,outros_rendimentos,2500.0
2026,2,002558,JOSE AUGUSTO SOARES AIACHE,2025-01-01,,,salario,20864.78
2026,2,002586,JOSE LOPES JUNIOR,2025-01-01,,,auxilios,1500.0
2026,2,002586,JOSE LOPES JUNIOR,2025-01-01,,,outros_rendimentos,2500.0
2026,2,002586,JOSE LOPES JUNIOR,2025-01-01,,,salario,20864.78
2026,2,002258,JOSE MATHEUS DO NASCIMENTO PAIVA,2025-01-01,,,auxilios,1500.0
2026,2,002258,JOSE MATHEUS DO NASCIMENTO PAIVA,2025-01-01,,,outros_rendimentos,2500.0
2026,2,002258,JOSE MATHEUS DO NASCIMENTO PAIVA,2025-01-01,,,salario,20864.78
2026,2,002327,LEONCIO TIMOTEO DE CASTRO,2025-01-01,,,auxilios,1500.0
2026,2,002327,LEONCIO TIMOTEO DE CASTRO,2025-01-01,,,outros_rendimentos,2500.0
2026,2,002327,LEONCIO TIMOTEO DE CASTRO,2025-01-01,,,salario,20864.78
2026,2,002571,LUCILENE DE SOUZA RODRIGUES VALE,2025-01-01,,,auxilios,1500.0
2026,2,002571,LUCILENE DE SOUZA RODRIGUES VALE,2025-01-01,,,outros_rendimentos,2500.0
2026,2,002571,LUCILENE DE SOUZA RODRIGUES VALE,2025-01-01,,,salario,20864.78
2026,2,002212,MARCIO MUSTAFA SILVEIRA,2025-01-01,,,auxilios,1500.0
2026,2,002212,MARCIO MUSTAFA SILVEIRA,2025-01-01,,,outros_rendimentos,2500.0
2026,2,002212,MARCIO MUSTAFA SILVEIRA,2025-01-01,,,salario,20864.78
2026,2,002206,MOACIR PEREIRA DOS SANTOS JUNIOR,2025-01-01,,,auxilios,1500.0
2026,2,002206,MOACIR PEREIRA DOS SANTOS JUNIOR,2025-01-01,,,outros_rendimentos,2500.0
2026,2,002206,MOACIR PEREIRA DOS SANTOS JUNIOR,2025-01-01,,,salario,20864.78
2026,2,001140,RAIMUNDO NONATO FERREIRA DA SILVA,2025-01-01,,,auxilios,1500.0
2026,2,001140,RAIMUNDO NONATO FERREIRA DA SILVA,2025-01-01,,,outros_rendimentos,2500.0
2026,2,001140,RAIMUNDO NONATO FERREIRA DA SILVA,2025-01-01,,,salario,20864.78
2026,2,001637,RUTENIO SA DE OLIVEIRA,2025-01-01,,,auxilios,1500.0
2026,2,001637,RUTENIO SA DE OLIVEIRA,2025-01-01,,,outros_rendimentos,2500.0
2026,2,001637,RUTENIO SA DE OLIVEIRA,2025-01-01,,,salario,20864.78
2026,2,001584,SAMIR FIGUEIREDO BESTENE,2025-01-01,,,auxilios,1500.0
2026,2,001584,SAMIR FIGUEIREDO BESTENE,2025-01-01,,,outros_rendimentos,2500.0
2026,2,001584,SAMIR FIGUEIREDO BESTENE,2025-01-01,,,salario,20864.78
2026,3,001400,ANDRE KAMAI DA SILVA SOARES,2025-01-01,,,auxilios,1500.0
2026,3,001400,ANDRE KAMAI DA SILVA SOARES,2025-01-01,,,outros_rendimentos,2500.0
2026,3,001400,ANDRE KAMAI DA SILVA SOARES,2025-01-01,,,salario,20864.78
2026,3,000772,ANTONIO LIRA DE MORAIS,2025-01-01,,,auxilios,1500.0
2026,3,000772,ANTONIO LIRA DE MORAIS,2025-01-01,,,outros_rendimentos,2500.0
2026,3,000772,ANTONIO LIRA DE MORAIS,2025-01-01,,,salario,20864.78
2026,3,002284,BRUNO MORAES CARDOSO,2025-01-01,,,auxilios,1500.0
2026,3,002284,BRUNO MORAES CARDOSO,2025-01-01,,,outros_rendimentos,2500.0
2026,3,002284,BRUNO MORAES CARDOSO,2025-01-01,,,salario,20864.78
2026,3,002438,EBER SILVA MACHADO,2025-01-01,,,auxilios,1500.0
2026,3,002438,EBER SILVA MACHADO,2025-01-01,,,outros_rendimentos,2500.0
2026,3,002438,EBER SILVA MACHADO,2025-01-01,,,salario,20864.78
2026,3,002379,EDVALDO ALMEIDA DE OLIVEIRA,2025-01-01,,,auxilios,1500.0
2026,3,002379,EDVALDO ALMEIDA DE OLIVEIRA,2025-01-01,,,outros_rendimentos,2500.0
2026,3,002379,EDVALDO ALMEIDA DE OLIVEIRA,2025-01-01,,,salario,20864.78
2026,3,001109,ELZA TEIXEIRA DE MENDONCA,2025-01-01,,,auxilios,1500.0
2026,3,001109,ELZA TEIXEIRA DE MENDONCA,2025-01-01,,,outros_rendimentos,2500.0
2026,3,001109,ELZA TEIXEIRA DE MENDONCA,2025-01-01,,,salario,20864.78
2026,3,001658,FABIO DE ARAUJO FREITAS,2025-01-01,,,auxilios,1500.0
2026,3,001658,FABIO DE ARAUJO FREITAS,2025-01-01,,,outros_rendimentos,2500.0
2026,3,001658,FABIO DE ARAUJO FREITAS,2025-01-01,,,salario,20864.78
2026,3,002521,FELIPE SANDRI SCHAFER,2025-01-01,,,auxilios,1500.0
2026,3,002521,FELIPE SANDRI SCHAFER,2025-01-01,,,outros_rendimentos,2500.0
2026,3,002521,FELIPE SANDRI SCHAFER,2025-01-01,,,salario,20864.78
2026,3,002485,JOABE LIRA DE QUEIROZ,2025-01-01,,,auxilios,1500.0
2026,3,002485,JOABE LIRA DE QUEIROZ,2025-01-01,,,outros_rendimentos,2500.0
2026,3,002485,JOABE LIRA DE QUEIROZ,2025-01-01,,,salario,20864.78
2026,3,002561,JOAO PAULO SILVA E SILVA,2025-01-01,,,auxilios,1500.0
2026,3,002561,JOAO PAULO SILVA E SILVA,2025-01-01,,,outros_rendimentos,2500.0
2026,3,002561,JOAO PAULO SILVA E SILVA,2025-01-01,,,salario,20864.78
2026,3,001696,JOAQUIM FLORENCIO DA SILVA,2025-01-01,,,auxilios,1500.0
2026,3,001696,JOAQUIM FLORENCIO DA SILVA,2025-01-01,,,outros_rendimentos,2500.0
2026,3,001696,JOAQUIM FLORENCIO DA SILVA,2025-01-01,,,salario,20864.78
2026,3,002558,JOSE AUGUSTO SOARES AIACHE,2025-01-01,,,auxilios,1500.0
2026,3,002558,JOSE AUGUSTO SOARES AIACHE,2025-01-01,,,outros_rendimentos,2500.0
2026,3,002558,JOSE AUGUSTO SOARES AIACHE,2025-01-01,,,salario,20864.78
2026,3,002586,JOSE LOPES JUNIOR,2025-01-01,,,auxilios,1500.0
2026,3,002586,JOSE LOPES JUNIOR,2025-01-01,,,outros_rendimentos,2500.0
2026,3,002586,JOSE LOPES JUNIOR,2025-01-01,,,salario,20864.78
2026,3,002258,JOSE MATHEUS DO NASCIMENTO PAIVA,2025-01-01,,,auxilios,1500.0
2026,3,002258,JOSE MATHEUS DO NASCIMENTO PAIVA,2025-01-01,,,outros_rendimentos,6725.5
2026,3,002258,JOSE MATHEUS DO NASCIMENTO PAIVA,2025-01-01,,,salario,20864.78
2026,3,002327,LEONCIO TIMOTEO DE CASTRO,2025-01-01,,,auxilios,1500.0
2026,3,002327,LEONCIO TIMOTEO DE CASTRO,2025-01-01,,,outros_rendimentos,2500.0
2026,3,002327,LEONCIO TIMOTEO DE CASTRO,2025-01-01,,,salario,20864.78
2026,3,002571,LUCILENE DE SOUZA RODRIGUES VALE,2025-01-01,,,auxilios,1500.0
2026,3,002571,LUCILENE DE SOUZA RODRIGUES VALE,2025-01-01,,,outros_rendimentos,7664.5
2026,3,002571,LUCILENE DE SOUZA RODRIGUES VALE,2025-01-01,,,salario,20864.78
2026,3,002212,MARCIO MUSTAFA SILVEIRA,2025-01-01,,,auxilios,1500.0
2026,3,002212,MARCIO MUSTAFA SILVEIRA,2025-01-01,,,outros_rendimentos,2500.0
2026,3,002212,MARCIO MUSTAFA SILVEIRA,2025-01-01,,,salario,20864.78
2026,3,002206,MOACIR PEREIRA DOS SANTOS JUNIOR,2025-01-01,,,auxilios,1500.0
2026,3,002206,MOACIR PEREIRA DOS SANTOS JUNIOR,2025-01-01,,,outros_rendimentos,2500.0
2026,3,002206,MOACIR PEREIRA DOS SANTOS JUNIOR,2025-01-01,,,salario,20864.78
2026,3,001140,RAIMUNDO NONATO FERREIRA DA SILVA,2025-01-01,,,auxilios,1500.0
2026,3,001140,RAIMUNDO NONATO FERREIRA DA SILVA,2025-01-01,,,outros_rendimentos,2500.0
2026,3,001140,RAIMUNDO NONATO FERREIRA DA SILVA,2025-01-01,,,salario,20864.78
2026,3,001637,RUTENIO SA DE OLIVEIRA,2025-01-01,,,auxilios,1500.0
2026,3,001637,RUTENIO SA DE OLIVEIRA,2025-01-01,,,outros_rendimentos,2500.0
2026,3,001637,RUTENIO SA DE OLIVEIRA,2025-01-01,,,salario,20864.78
2026,3,001584,SAMIR FIGUEIREDO BESTENE,2025-01-01,,,auxilios,1500.0
2026,3,001584,SAMIR FIGUEIREDO BESTENE,2025-01-01,,,outros_rendimentos,2500.0
2026,3,001584,SAMIR FIGUEIREDO BESTENE,2025-01-01,,,salario,20864.78
2026,4,001400,ANDRE KAMAI DA SILVA SOARES,2025-01-01,,,auxilios,1500.0
2026,4,001400,ANDRE KAMAI DA SILVA SOARES,2025-01-01,,,outros_rendimentos,2500.0
2026,4,001400,ANDRE KAMAI DA SILVA SOARES,2025-01-01,,,salario,20864.78
2026,4,000772,ANTONIO LIRA DE MORAIS,2025-01-01,,,auxilios,1500.0
2026,4,000772,ANTONIO LIRA DE MORAIS,2025-01-01,,,outros_rendimentos,2500.0
2026,4,000772,ANTONIO LIRA DE MORAIS,2025-01-01,,,salario,20864.78
2026,4,002284,BRUNO MORAES CARDOSO,2025-01-01,,,auxilios,1500.0
2026,4,002284,BRUNO MORAES CARDOSO,2025-01-01,,,outros_rendimentos,2500.0
2026,4,002284,BRUNO MORAES CARDOSO,2025-01-01,,,salario,20864.78
2026,4,002438,EBER SILVA MACHADO,2025-01-01,,,auxilios,1500.0
2026,4,002438,EBER SILVA MACHADO,2025-01-01,,,outros_rendimentos,6725.5
2026,4,002438,EBER SILVA MACHADO,2025-01-01,,,salario,20864.78
2026,4,002379,EDVALDO ALMEIDA DE OLIVEIRA,2025-01-01,,,auxilios,1500.0
2026,4,002379,EDVALDO ALMEIDA DE OLIVEIRA,2025-01-01,,,outros_rendimentos,2500.0
2026,4,002379,EDVALDO ALMEIDA DE OLIVEIRA,2025-01-01,,,salario,20864.78
2026,4,001109,ELZA TEIXEIRA DE MENDONCA,2025-01-01,,,auxilios,1500.0
2026,4,001109,ELZA TEIXEIRA DE MENDONCA,2025-01-01,,,outros_rendimentos,2500.0
2026,4,001109,ELZA TEIXEIRA DE MENDONCA,2025-01-01,,,salario,20864.78
2026,4,001658,FABIO DE ARAUJO FREITAS,2025-01-01,,,auxilios,1500.0
2026,4,001658,FABIO DE ARAUJO FREITAS,2025-01-01,,,outros_rendimentos,5786.5
2026,4,001658,FABIO DE ARAUJO FREITAS,2025-01-01,,,salario,20864.78
2026,4,002521,FELIPE SANDRI SCHAFER,2025-01-01,,,auxilios,1500.0
2026,4,002521,FELIPE SANDRI SCHAFER,2025-01-01,,,outros_rendimentos,6725.5
2026,4,002521,FELIPE SANDRI SCHAFER,2025-01-01,,,salario,20864.78
2026,4,002485,JOABE LIRA DE QUEIROZ,2025-01-01,,,auxilios,1500.0
2026,4,002485,JOABE LIRA DE QUEIROZ,2025-01-01,,,outros_rendimentos,6725.5
2026,4,002485,JOABE LIRA DE QUEIROZ,2025-01-01,,,salario,20864.78
2026,4,002561,JOAO PAULO SILVA E SILVA,2025-01-01,,,auxilios,400.0
2026,4,002561,JOAO PAULO SILVA E SILVA,2025-01-01,,,outros_rendimentos,666.67
2026,4,002561,JOAO PAULO SILVA E SILVA,2025-01-01,,,salario,5563.94
2026,4,001696,JOAQUIM FLORENCIO DA SILVA,2025-01-01,,,auxilios,1500.0
2026,4,001696,JOAQUIM FLORENCIO DA SILVA,2025-01-01,,,outros_rendimentos,2500.0
2026,4,001696,JOAQUIM FLORENCIO DA SILVA,2025-01-01,,,salario,20864.78
2026,4,002558,JOSE AUGUSTO SOARES AIACHE,2025-01-01,,,auxilios,1500.0
2026,4,002558,JOSE AUGUSTO SOARES AIACHE,2025-01-01,,,outros_rendimentos,2500.0
2026,4,002558,JOSE AUGUSTO SOARES AIACHE,2025-01-01,,,salario,20864.78
2026,4,002586,JOSE LOPES JUNIOR,2025-01-01,,,auxilios,1500.0
2026,4,002586,JOSE LOPES JUNIOR,2025-01-01,,,outros_rendimentos,2500.0
2026,4,002586,JOSE LOPES JUNIOR,2025-01-01,,,salario,20864.78
2026,4,002258,JOSE MATHEUS DO NASCIMENTO PAIVA,2025-01-01,,,auxilios,1500.0
2026,4,002258,JOSE MATHEUS DO NASCIMENTO PAIVA,2025-01-01,,,outros_rendimentos,2500.0
2026,4,002258,JOSE MATHEUS DO NASCIMENTO PAIVA,2025-01-01,,,salario,20864.78
2026,4,002327,LEONCIO TIMOTEO DE CASTRO,2025-01-01,,,auxilios,1500.0
2026,4,002327,LEONCIO TIMOTEO DE CASTRO,2025-01-01,,,outros_rendimentos,2500.0
2026,4,002327,LEONCIO TIMOTEO DE CASTRO,2025-01-01,,,salario,20864.78
2026,4,002571,LUCILENE DE SOUZA RODRIGUES VALE,2025-01-01,,,auxilios,1500.0
2026,4,002571,LUCILENE DE SOUZA RODRIGUES VALE,2025-01-01,,,outros_rendimentos,2500.0
2026,4,002571,LUCILENE DE SOUZA RODRIGUES VALE,2025-01-01,,,salario,20864.78
2026,4,002212,MARCIO MUSTAFA SILVEIRA,2025-01-01,,,auxilios,1500.0
2026,4,002212,MARCIO MUSTAFA SILVEIRA,2025-01-01,,,outros_rendimentos,2500.0
2026,4,002212,MARCIO MUSTAFA SILVEIRA,2025-01-01,,,salario,20864.78
2026,4,002206,MOACIR PEREIRA DOS SANTOS JUNIOR,2025-01-01,,,auxilios,1500.0
2026,4,002206,MOACIR PEREIRA DOS SANTOS JUNIOR,2025-01-01,,,outros_rendimentos,2500.0
2026,4,002206,MOACIR PEREIRA DOS SANTOS JUNIOR,2025-01-01,,,salario,20864.78
2026,4,001140,RAIMUNDO NONATO FERREIRA DA SILVA,2025-01-01,,,auxilios,1500.0
2026,4,001140,RAIMUNDO NONATO FERREIRA DA SILVA,2025-01-01,,,outros_rendimentos,2500.0
2026,4,001140,RAIMUNDO NONATO FERREIRA DA SILVA,2025-01-01,,,salario,20864.78
2026,4,001637,RUTENIO SA DE OLIVEIRA,2025-01-01,,,auxilios,1500.0
2026,4,001637,RUTENIO SA DE OLIVEIRA,2025-01-01,,,outros_rendimentos,2500.0
2026,4,001637,RUTENIO SA DE OLIVEIRA,2025-01-01,,,salario,20864.78
2026,4,001584,SAMIR FIGUEIREDO BESTENE,2025-01-01,,,auxilios,1500.0
2026,4,001584,SAMIR FIGUEIREDO BESTENE,2025-01-01,,,outros_rendimentos,2500.0
2026,4,001584,SAMIR FIGUEIREDO BESTENE,2025-01-01,,,salario,20864.78
2026,5,001400,ANDRE KAMAI DA SILVA SOARES,2025-01-01,,,auxilios,1500.0
2026,5,001400,ANDRE KAMAI DA SILVA SOARES,2025-01-01,,,outros_rendimentos,2500.0
2026,5,001400,ANDRE KAMAI DA SILVA SOARES,2025-01-01,,,salario,20864.78
2026,5,000772,ANTONIO LIRA DE MORAIS,2025-01-01,,,auxilios,1500.0
2026,5,000772,ANTONIO LIRA DE MORAIS,2025-01-01,,,outros_rendimentos,2500.0
2026,5,000772,ANTONIO LIRA DE MORAIS,2025-01-01,,,salario,20864.78
2026,5,002284,BRUNO MORAES CARDOSO,2025-01-01,,,auxilios,1500.0
2026,5,002284,BRUNO MORAES CARDOSO,2025-01-01,,,outros_rendimentos,2500.0
2026,5,002284,BRUNO MORAES CARDOSO,2025-01-01,,,salario,20864.78
2026,5,002438,EBER SILVA MACHADO,2025-01-01,,,auxilios,1500.0
2026,5,002438,EBER SILVA MACHADO,2025-01-01,,,outros_rendimentos,2500.0
2026,5,002438,EBER SILVA MACHADO,2025-01-01,,,salario,20864.78
2026,5,002379,EDVALDO ALMEIDA DE OLIVEIRA,2025-01-01,,,auxilios,1500.0
2026,5,002379,EDVALDO ALMEIDA DE OLIVEIRA,2025-01-01,,,outros_rendimentos,2500.0
2026,5,002379,EDVALDO ALMEIDA DE OLIVEIRA,2025-01-01,,,salario,20864.78
2026,5,001109,ELZA TEIXEIRA DE MENDONCA,2025-01-01,,,auxilios,1500.0
2026,5,001109,ELZA TEIXEIRA DE MENDONCA,2025-01-01,,,outros_rendimentos,2500.0
2026,5,001109,ELZA TEIXEIRA DE MENDONCA,2025-01-01,,,salario,20864.78
2026,5,001658,FABIO DE ARAUJO FREITAS,2025-01-01,,,auxilios,1500.0
2026,5,001658,FABIO DE ARAUJO FREITAS,2025-01-01,,,outros_rendimentos,2500.0
2026,5,001658,FABIO DE ARAUJO FREITAS,2025-01-01,,,salario,20864.78
2026,5,002521,FELIPE SANDRI SCHAFER,2025-01-01,,,auxilios,1500.0
2026,5,002521,FELIPE SANDRI SCHAFER,2025-01-01,,,outros_rendimentos,2500.0
2026,5,002521,FELIPE SANDRI SCHAFER,2025-01-01,,,salario,20864.78
2026,5,001610,HILDEGARD GONDIM NOGUEIRA,2026-05-01,,,auxilios,1500.0
2026,5,001610,HILDEGARD GONDIM NOGUEIRA,2026-05-01,,,outros_rendimentos,2500.0
2026,5,001610,HILDEGARD GONDIM NOGUEIRA,2026-05-01,,,salario,20864.78
2026,5,002485,JOABE LIRA DE QUEIROZ,2025-01-01,,,auxilios,1500.0
2026,5,002485,JOABE LIRA DE QUEIROZ,2025-01-01,,,outros_rendimentos,2500.0
2026,5,002485,JOABE LIRA DE QUEIROZ,2025-01-01,,,salario,20864.78
2026,5,001696,JOAQUIM FLORENCIO DA SILVA,2025-01-01,,,auxilios,1500.0
2026,5,001696,JOAQUIM FLORENCIO DA SILVA,2025-01-01,,,outros_rendimentos,2500.0
2026,5,001696,JOAQUIM FLORENCIO DA SILVA,2025-01-01,,,salario,20864.78
2026,5,002558,JOSE AUGUSTO SOARES AIACHE,2025-01-01,,,auxilios,1500.0
2026,5,002558,JOSE AUGUSTO SOARES AIACHE,2025-01-01,,,outros_rendimentos,2500.0
2026,5,002558,JOSE AUGUSTO SOARES AIACHE,2025-01-01,,,salario,20864.78
2026,5,002586,JOSE LOPES JUNIOR,2025-01-01,,,auxilios,1500.0
2026,5,002586,JOSE LOPES JUNIOR,2025-01-01,,,outros_rendimentos,2500.0
2026,5,002586,JOSE LOPES JUNIOR,2025-01-01,,,salario,20864.78
2026,5,002258,JOSE MATHEUS DO NASCIMENTO PAIVA,2025-01-01,,,auxilios,1500.0
2026,5,002258,JOSE MATHEUS DO NASCIMENTO PAIVA,2025-01-01,,,outros_rendimentos,2500.0
2026,5,002258,JOSE MATHEUS DO NASCIMENTO PAIVA,2025-01-01,,,salario,20864.78
2026,5,002327,LEONCIO TIMOTEO DE CASTRO,2025-01-01,,,auxilios,1500.0
2026,5,002327,LEONCIO TIMOTEO DE CASTRO,2025-01-01,,,outros_rendimentos,2500.0
2026,5,002327,LEONCIO TIMOTEO DE CASTRO,2025-01-01,,,salario,20864.78
2026,5,002571,LUCILENE DE SOUZA RODRIGUES VALE,2025-01-01,,,auxilios,1500.0
2026,5,002571,LUCILENE DE SOUZA RODRIGUES VALE,2025-01-01,,,outros_rendimentos,2500.0
2026,5,002571,LUCILENE DE SOUZA RODRIGUES VALE,2025-01-01,,,salario,20864.78
2026,5,002212,MARCIO MUSTAFA SILVEIRA,2025-01-01,,,auxilios,1500.0
2026,5,002212,MARCIO MUSTAFA SILVEIRA,2025-01-01,,,outros_rendimentos,2500.0
2026,5,002212,MARCIO MUSTAFA SILVEIRA,2025-01-01,,,salario,20864.78
2026,5,002206,MOACIR PEREIRA DOS SANTOS JUNIOR,2025-01-01,,,auxilios,1500.0
2026,5,002206,MOACIR PEREIRA DOS SANTOS JUNIOR,2025-01-01,,,outros_rendimentos,2500.0
2026,5,002206,MOACIR PEREIRA DOS SANTOS JUNIOR,2025-01-01,,,salario,20864.78
2026,5,001140,RAIMUNDO NONATO FERREIRA DA SILVA,2025-01-01,,,auxilios,1500.0
2026,5,001140,RAIMUNDO NONATO FERREIRA DA SILVA,2025-01-01,,,outros_rendimentos,2500.0
2026,5,001140,RAIMUNDO NONATO FERREIRA DA SILVA,2025-01-01,,,salario,20864.78
2026,5,001637,RUTENIO SA DE OLIVEIRA,2025-01-01,,,auxilios,1500.0
2026,5,001637,RUTENIO SA DE OLIVEIRA,2025-01-01,,,outros_rendimentos,2500.0
2026,5,001637,RUTENIO SA DE OLIVEIRA,2025-01-01,,,salario,20864.78
2026,5,001584,SAMIR FIGUEIREDO BESTENE,2025-01-01,,,auxilios,1500.0
2026,5,001584,SAMIR FIGUEIREDO BESTENE,2025-01-01,,,outros_rendimentos,2500.0
2026,5,001584,SAMIR FIGUEIREDO BESTENE,2025-01-01,,,salario,20864.78
2026,6,001400,ANDRE KAMAI DA SILVA SOARES,2025-01-01,,,auxilios,1500.0
2026,6,001400,ANDRE KAMAI DA SILVA SOARES,2025-01-01,,,outros_rendimentos,2500.0
2026,6,001400,ANDRE KAMAI DA SILVA SOARES,2025-01-01,,,salario,20864.78
2026,6,000772,ANTONIO LIRA DE MORAIS,2025-01-01,,,auxilios,1500.0
2026,6,000772,ANTONIO LIRA DE MORAIS,2025-01-01,,,outros_rendimentos,2500.0
2026,6,000772,ANTONIO LIRA DE MORAIS,2025-01-01,,,salario,20864.78
2026,6,002284,BRUNO MORAES CARDOSO,2025-01-01,,,auxilios,1500.0
2026,6,002284,BRUNO MORAES CARDOSO,2025-01-01,,,outros_rendimentos,2500.0
2026,6,002284,BRUNO MORAES CARDOSO,2025-01-01,,,salario,20864.78
2026,6,002438,EBER SILVA MACHADO,2025-01-01,,,auxilios,1500.0
2026,6,002438,EBER SILVA MACHADO,2025-01-01,,,outros_rendimentos,2500.0
2026,6,002438,EBER SILVA MACHADO,2025-01-01,,,salario,20864.78
2026,6,002379,EDVALDO ALMEIDA DE OLIVEIRA,2025-01-01,,,auxilios,1500.0
2026,6,002379,EDVALDO ALMEIDA DE OLIVEIRA,2025-01-01,,,outros_rendimentos,2500.0
2026,6,002379,EDVALDO ALMEIDA DE OLIVEIRA,2025-01-01,,,salario,20864.78
2026,6,001109,ELZA TEIXEIRA DE MENDONCA,2025-01-01,,,auxilios,1500.0
2026,6,001109,ELZA TEIXEIRA DE MENDONCA,2025-01-01,,,outros_rendimentos,2500.0
2026,6,001109,ELZA TEIXEIRA DE MENDONCA,2025-01-01,,,salario,20864.78
2026,6,001658,FABIO DE ARAUJO FREITAS,2025-01-01,,,auxilios,1500.0
2026,6,001658,FABIO DE ARAUJO FREITAS,2025-01-01,,,outros_rendimentos,2500.0
2026,6,001658,FABIO DE ARAUJO FREITAS,2025-01-01,,,salario,20864.78
2026,6,002521,FELIPE SANDRI SCHAFER,2025-01-01,,,auxilios,1500.0
2026,6,002521,FELIPE SANDRI SCHAFER,2025-01-01,,,outros_rendimentos,2500.0
2026,6,002521,FELIPE SANDRI SCHAFER,2025-01-01,,,salario,20864.78
2026,6,001610,HILDEGARD GONDIM NOGUEIRA,2026-05-01,,,auxilios,1500.0
2026,6,001610,HILDEGARD GONDIM NOGUEIRA,2026-05-01,,,outros_rendimentos,2500.0
2026,6,001610,HILDEGARD GONDIM NOGUEIRA,2026-05-01,,,salario,20864.78
2026,6,002485,JOABE LIRA DE QUEIROZ,2025-01-01,,,auxilios,1500.0
2026,6,002485,JOABE LIRA DE QUEIROZ,2025-01-01,,,outros_rendimentos,2500.0
2026,6,002485,JOABE LIRA DE QUEIROZ,2025-01-01,,,salario,20864.78
2026,6,001696,JOAQUIM FLORENCIO DA SILVA,2025-01-01,,,auxilios,1500.0
2026,6,001696,JOAQUIM FLORENCIO DA SILVA,2025-01-01,,,outros_rendimentos,2500.0
2026,6,001696,JOAQUIM FLORENCIO DA SILVA,2025-01-01,,,salario,20864.78
2026,6,002558,JOSE AUGUSTO SOARES AIACHE,2025-01-01,,,auxilios,1500.0
2026,6,002558,JOSE AUGUSTO SOARES AIACHE,2025-01-01,,,outros_rendimentos,2500.0
2026,6,002558,JOSE AUGUSTO SOARES AIACHE,2025-01-01,,,salario,20864.78
2026,6,002586,JOSE LOPES JUNIOR,2025-01-01,,,auxilios,1500.0
2026,6,002586,JOSE LOPES JUNIOR,2025-01-01,,,outros_rendimentos,2500.0
2026,6,002586,JOSE LOPES JUNIOR,2025-01-01,,,salario,20864.78
2026,6,002258,JOSE MATHEUS DO NASCIMENTO PAIVA,2025-01-01,,,auxilios,1500.0
2026,6,002258,JOSE MATHEUS DO NASCIMENTO PAIVA,2025-01-01,,,outros_rendimentos,6725.5
2026,6,002258,JOSE MATHEUS DO NASCIMENTO PAIVA,2025-01-01,,,salario,20864.78
2026,6,002327,LEONCIO TIMOTEO DE CASTRO,2025-01-01,,,auxilios,1500.0
2026,6,002327,LEONCIO TIMOTEO DE CASTRO,2025-01-01,,,outros_rendimentos,2500.0
2026,6,002327,LEONCIO TIMOTEO DE CASTRO,2025-01-01,,,salario,20864.78
2026,6,002571,LUCILENE DE SOUZA RODRIGUES VALE,2025-01-01,,,auxilios,1500.0
2026,6,002571,LUCILENE DE SOUZA RODRIGUES VALE,2025-01-01,,,outros_rendimentos,2500.0
2026,6,002571,LUCILENE DE SOUZA RODRIGUES VALE,2025-01-01,,,salario,20864.78
2026,6,002212,MARCIO MUSTAFA SILVEIRA,2025-01-01,,,auxilios,1500.0
2026,6,002212,MARCIO MUSTAFA SILVEIRA,2025-01-01,,,outros_rendimentos,2500.0
2026,6,002212,MARCIO MUSTAFA SILVEIRA,2025-01-01,,,salario,20864.78
2026,6,002206,MOACIR PEREIRA DOS SANTOS JUNIOR,2025-01-01,,,auxilios,1500.0
2026,6,002206,MOACIR PEREIRA DOS SANTOS JUNIOR,2025-01-01,,,outros_rendimentos,2500.0
2026,6,002206,MOACIR PEREIRA DOS SANTOS JUNIOR,2025-01-01,,,salario,20864.78
2026,6,001140,RAIMUNDO NONATO FERREIRA DA SILVA,2025-01-01,,,auxilios,1500.0
2026,6,001140,RAIMUNDO NONATO FERREIRA DA SILVA,2025-01-01,,,outros_rendimentos,2500.0
2026,6,001140,RAIMUNDO NONATO FERREIRA DA SILVA,2025-01-01,,,salario,20864.78
2026,6,001637,RUTENIO SA DE OLIVEIRA,2025-01-01,,,auxilios,1500.0
2026,6,001637,RUTENIO SA DE OLIVEIRA,2025-01-01,,,outros_rendimentos,2500.0
2026,6,001637,RUTENIO SA DE OLIVEIRA,2025-01-01,,,salario,20864.78
2026,6,001584,SAMIR FIGUEIREDO BESTENE,2025-01-01,,,auxilios,1500.0
2026,6,001584,SAMIR FIGUEIREDO BESTENE,2025-01-01,,,outros_rendimentos,2500.0
2026,6,001584,SAMIR FIGUEIREDO BESTENE,2025-01-01,,,salario,20864.78
2026,7,001400,ANDRE KAMAI DA SILVA SOARES,2025-01-01,,,auxilios,1500.0
2026,7,001400,ANDRE KAMAI DA SILVA SOARES,2025-01-01,,,outros_rendimentos,5500.0
2026,7,001400,ANDRE KAMAI DA SILVA SOARES,2025-01-01,,,salario,20864.78
2026,7,000772,ANTONIO LIRA DE MORAIS,2025-01-01,,,auxilios,1500.0
2026,7,000772,ANTONIO LIRA DE MORAIS,2025-01-01,,,outros_rendimentos,5500.0
2026,7,000772,ANTONIO LIRA DE MORAIS,2025-01-01,,,salario,20864.78
2026,7,002284,BRUNO MORAES CARDOSO,2025-01-01,,,auxilios,1500.0
2026,7,002284,BRUNO MORAES CARDOSO,2025-01-01,,,outros_rendimentos,5500.0
2026,7,002284,BRUNO MORAES CARDOSO,2025-01-01,,,salario,20864.78
2026,7,002438,EBER SILVA MACHADO,2025-01-01,,,auxilios,1500.0
2026,7,002438,EBER SILVA MACHADO,2025-01-01,,,outros_rendimentos,5500.0
2026,7,002438,EBER SILVA MACHADO,2025-01-01,,,salario,20864.78
2026,7,002379,EDVALDO ALMEIDA DE OLIVEIRA,2025-01-01,,,auxilios,1500.0
2026,7,002379,EDVALDO ALMEIDA DE OLIVEIRA,2025-01-01,,,outros_rendimentos,5500.0
2026,7,002379,EDVALDO ALMEIDA DE OLIVEIRA,2025-01-01,,,salario,20864.78
2026,7,001109,ELZA TEIXEIRA DE MENDONCA,2025-01-01,,,auxilios,1500.0
2026,7,001109,ELZA TEIXEIRA DE MENDONCA,2025-01-01,,,outros_rendimentos,5500.0
2026,7,001109,ELZA TEIXEIRA DE MENDONCA,2025-01-01,,,salario,20864.78
2026,7,001658,FABIO DE ARAUJO FREITAS,2025-01-01,,,auxilios,1500.0
2026,7,001658,FABIO DE ARAUJO FREITAS,2025-01-01,,,outros_rendimentos,5500.0
2026,7,001658,FABIO DE ARAUJO FREITAS,2025-01-01,,,salario,20864.78
2026,7,002521,FELIPE SANDRI SCHAFER,2025-01-01,,,auxilios,1500.0
2026,7,002521,FELIPE SANDRI SCHAFER,2025-01-01,,,outros_rendimentos,9725.5
2026,7,002521,FELIPE SANDRI SCHAFER,2025-01-01,,,salario,20864.78
2026,7,001610,HILDEGARD GONDIM NOGUEIRA,2026-05-01,,,auxilios,1500.0
2026,7,001610,HILDEGARD GONDIM NOGUEIRA,2026-05-01,,,outros_rendimentos,5500.0
2026,7,001610,HILDEGARD GONDIM NOGUEIRA,2026-05-01,,,salario,20864.78
2026,7,002485,JOABE LIRA DE QUEIROZ,2025-01-01,,,auxilios,1500.0
2026,7,002485,JOABE LIRA DE QUEIROZ,2025-01-01,,,outros_rendimentos,9725.5
2026,7,002485,JOABE LIRA DE QUEIROZ,2025-01-01,,,salario,20864.78
2026,7,001696,JOAQUIM FLORENCIO DA SILVA,2025-01-01,,,auxilios,1500.0
2026,7,001696,JOAQUIM FLORENCIO DA SILVA,2025-01-01,,,outros_rendimentos,5500.0
2026,7,001696,JOAQUIM FLORENCIO DA SILVA,2025-01-01,,,salario,20864.78
2026,7,002558,JOSE AUGUSTO SOARES AIACHE,2025-01-01,,,auxilios,1500.0
2026,7,002558,JOSE AUGUSTO SOARES AIACHE,2025-01-01,,,outros_rendimentos,5500.0
2026,7,002558,JOSE AUGUSTO SOARES AIACHE,2025-01-01,,,salario,20864.78
2026,7,002586,JOSE LOPES JUNIOR,2025-01-01,,,auxilios,1500.0
2026,7,002586,JOSE LOPES JUNIOR,2025-01-01,,,outros_rendimentos,5500.0
2026,7,002586,JOSE LOPES JUNIOR,2025-01-01,,,salario,20864.78
2026,7,002258,JOSE MATHEUS DO NASCIMENTO PAIVA,2025-01-01,,,auxilios,1500.0
2026,7,002258,JOSE MATHEUS DO NASCIMENTO PAIVA,2025-01-01,,,outros_rendimentos,5500.0
2026,7,002258,JOSE MATHEUS DO NASCIMENTO PAIVA,2025-01-01,,,salario,20864.78
2026,7,002327,LEONCIO TIMOTEO DE CASTRO,2025-01-01,,,auxilios,1500.0
2026,7,002327,LEONCIO TIMOTEO DE CASTRO,2025-01-01,,,outros_rendimentos,5500.0
2026,7,002327,LEONCIO TIMOTEO DE CASTRO,2025-01-01,,,salario,20864.78
2026,7,002571,LUCILENE DE SOUZA RODRIGUES VALE,2025-01-01,,,auxilios,1500.0
2026,7,002571,LUCILENE DE SOUZA RODRIGUES VALE,2025-01-01,,,outros_rendimentos,5500.0
2026,7,002571,LUCILENE DE SOUZA RODRIGUES VALE,2025-01-01,,,salario,20864.78
2026,7,002212,MARCIO MUSTAFA SILVEIRA,2025-01-01,,,auxilios,1500.0
2026,7,002212,MARCIO MUSTAFA SILVEIRA,2025-01-01,,,outros_rendimentos,5500.0
2026,7,002212,MARCIO MUSTAFA SILVEIRA,2025-01-01,,,salario,20864.78
2026,7,002206,MOACIR PEREIRA DOS SANTOS JUNIOR,2025-01-01,,,auxilios,1500.0
2026,7,002206,MOACIR PEREIRA DOS SANTOS JUNIOR,2025-01-01,,,outros_rendimentos,5500.0
2026,7,002206,MOACIR PEREIRA DOS SANTOS JUNIOR,2025-01-01,,,salario,20864.78
2026,7,001140,RAIMUNDO NONATO FERREIRA DA SILVA,2025-01-01,,,auxilios,1500.0
2026,7,001140,RAIMUNDO NONATO FERREIRA DA SILVA,2025-01-01,,,outros_rendimentos,5500.0
2026,7,001140,RAIMUNDO NONATO FERREIRA DA SILVA,2025-01-01,,,salario,20864.78
2026,7,001637,RUTENIO SA DE OLIVEIRA,2025-01-01,,,auxilios,1500.0
2026,7,001637,RUTENIO SA DE OLIVEIRA,2025-01-01,,,outros_rendimentos,5500.0
2026,7,001637,RUTENIO SA DE OLIVEIRA,2025-01-01,,,salario,20864.78
2026,7,001584,SAMIR FIGUEIREDO BESTENE,2025-01-01,,,auxilios,1500.0
2026,7,001584,SAMIR FIGUEIREDO BESTENE,2025-01-01,,,outros_rendimentos,5500.0
2026,7,001584,SAMIR FIGUEIREDO BESTENE,2025-01-01,,,salario,20864.78
2026,8,001400,ANDRE KAMAI DA SILVA SOARES,2025-01-01,,,auxilios,1500.0
2026,8,001400,ANDRE KAMAI DA SILVA SOARES,2025-01-01,,,outros_rendimentos,5500.0
2026,8,001400,ANDRE KAMAI DA SILVA SOARES,2025-01-01,,,salario,20864.78
2026,8,000772,ANTONIO LIRA DE MORAIS,2025-01-01,,,auxilios,1500.0
2026,8,000772,ANTONIO LIRA DE MORAIS,2025-01-01,,,outros_rendimentos,5500.0
2026,8,000772,ANTONIO LIRA DE MORAIS,2025-01-01,,,salario,20864.78
2026,8,002284,BRUNO MORAES CARDOSO,2025-01-01,,,auxilios,1500.0
2026,8,002284,BRUNO MORAES CARDOSO,2025-01-01,,,outros_rendimentos,5500.0
2026,8,002284,BRUNO MORAES CARDOSO,2025-01-01,,,salario,20864.78
2026,8,002438,EBER SILVA MACHADO,2025-01-01,,,auxilios,1500.0
2026,8,002438,EBER SILVA MACHADO,2025-01-01,,,outros_rendimentos,5500.0
2026,8,002438,EBER SILVA MACHADO,2025-01-01,,,salario,20864.78
2026,8,002379,EDVALDO ALMEIDA DE OLIVEIRA,2025-01-01,,,auxilios,1500.0
2026,8,002379,EDVALDO ALMEIDA DE OLIVEIRA,2025-01-01,,,outros_rendimentos,5500.0
2026,8,002379,EDVALDO ALMEIDA DE OLIVEIRA,2025-01-01,,,salario,20864.78
2026,8,001109,ELZA TEIXEIRA DE MENDONCA,2025-01-01,,,auxilios,1500.0
2026,8,001109,ELZA TEIXEIRA DE MENDONCA,2025-01-01,,,outros_rendimentos,10664.5
2026,8,001109,ELZA TEIXEIRA DE MENDONCA,2025-01-01,,,salario,20864.78
2026,8,001658,FABIO DE ARAUJO FREITAS,2025-01-01,,,auxilios,1500.0
2026,8,001658,FABIO DE ARAUJO FREITAS,2025-01-01,,,outros_rendimentos,5500.0
2026,8,001658,FABIO DE ARAUJO FREITAS,2025-01-01,,,salario,20864.78
2026,8,002521,FELIPE SANDRI SCHAFER,2025-01-01,,,auxilios,1500.0
2026,8,002521,FELIPE SANDRI SCHAFER,2025-01-01,,,outros_rendimentos,5500.0
2026,8,002521,FELIPE SANDRI SCHAFER,2025-01-01,,,salario,20864.78
2026,8,001610,HILDEGARD GONDIM NOGUEIRA,2026-05-01,,,auxilios,1500.0
2026,8,001610,HILDEGARD GONDIM NOGUEIRA,2026-05-01,,,outros_rendimentos,5500.0
2026,8,001610,HILDEGARD GONDIM NOGUEIRA,2026-05-01,,,salario,20864.78
2026,8,002485,JOABE LIRA DE QUEIROZ,2025-01-01,,,auxilios,1500.0
2026,8,002485,JOABE LIRA DE QUEIROZ,2025-01-01,,,outros_rendimentos,5500.0
2026,8,002485,JOABE LIRA DE QUEIROZ,2025-01-01,,,salario,20864.78
2026,8,001696,JOAQUIM FLORENCIO DA SILVA,2025-01-01,,,auxilios,1500.0
2026,8,001696,JOAQUIM FLORENCIO DA SILVA,2025-01-01,,,outros_rendimentos,5500.0
2026,8,001696,JOAQUIM FLORENCIO DA SILVA,2025-01-01,,,salario,20864.78
2026,8,002558,JOSE AUGUSTO SOARES AIACHE,2025-01-01,,,auxilios,1500.0
2026,8,002558,JOSE AUGUSTO SOARES AIACHE,2025-01-01,,,outros_rendimentos,7847.5
2026,8,002558,JOSE AUGUSTO SOARES AIACHE,2025-01-01,,,salario,20864.78
2026,8,002586,JOSE LOPES JUNIOR,2025-01-01,,,auxilios,1500.0
2026,8,002586,JOSE LOPES JUNIOR,2025-01-01,,,outros_rendimentos,5500.0
2026,8,002586,JOSE LOPES JUNIOR,2025-01-01,,,salario,20864.78
2026,8,002258,JOSE MATHEUS DO NASCIMENTO PAIVA,2025-01-01,,,auxilios,1500.0
2026,8,002258,JOSE MATHEUS DO NASCIMENTO PAIVA,2025-01-01,,,outros_rendimentos,7378.0
2026,8,002258,JOSE MATHEUS DO NASCIMENTO PAIVA,2025-01-01,,,salario,20864.78
2026,8,002327,LEONCIO TIMOTEO DE CASTRO,2025-01-01,,,auxilios,1500.0
2026,8,002327,LEONCIO TIMOTEO DE CASTRO,2025-01-01,,,outros_rendimentos,5500.0
2026,8,002327,LEONCIO TIMOTEO DE CASTRO,2025-01-01,,,salario,20864.78
2026,8,002571,LUCILENE DE SOUZA RODRIGUES VALE,2025-01-01,,,auxilios,1500.0
2026,8,002571,LUCILENE DE SOUZA RODRIGUES VALE,2025-01-01,,,outros_rendimentos,5500.0
2026,8,002571,LUCILENE DE SOUZA RODRIGUES VALE,2025-01-01,,,salario,20864.78
2026,8,002212,MARCIO MUSTAFA SILVEIRA,2025-01-01,,,auxilios,1500.0
2026,8,002212,MARCIO MUSTAFA SILVEIRA,2025-01-01,,,outros_rendimentos,5500.0
2026,8,002212,MARCIO MUSTAFA SILVEIRA,2025-01-01,,,salario,20864.78
2026,8,002206,MOACIR PEREIRA DOS SANTOS JUNIOR,2025-01-01,,,auxilios,1500.0
2026,8,002206,MOACIR PEREIRA DOS SANTOS JUNIOR,2025-01-01,,,outros_rendimentos,7847.5
2026,8,002206,MOACIR PEREIRA DOS SANTOS JUNIOR,2025-01-01,,,salario,20864.78
2026,8,001140,RAIMUNDO NONATO FERREIRA DA SILVA,2025-01-01,,,auxilios,1500.0
2026,8,001140,RAIMUNDO NONATO FERREIRA DA SILVA,2025-01-01,,,outros_rendimentos,5500.0
2026,8,001140,RAIMUNDO NONATO FERREIRA DA SILVA,2025-01-01,,,salario,20864.78
2026,8,001637,RUTENIO SA DE OLIVEIRA,2025-01-01,,,auxilios,1500.0
2026,8,001637,RUTENIO SA DE OLIVEIRA,2025-01-01,,,outros_rendimentos,5500.0
2026,8,001637,RUTENIO SA DE OLIVEIRA,2025-01-01,,,salario,20864.78
2026,8,001584,SAMIR FIGUEIREDO BESTENE,2025-01-01,,,auxilios,1500.0
2026,8,001584,SAMIR FIGUEIREDO BESTENE,2025-01-01,,,outros_rendimentos,5500.0
2026,8,001584,SAMIR FIGUEIREDO BESTENE,2025-01-01,,,salario,20864.78
2026,9,001400,ANDRE KAMAI DA SILVA SOARES,2025-01-01,,,auxilios,1500.0
2026,9,001400,ANDRE KAMAI DA SILVA SOARES,2025-01-01,,,outros_rendimentos,5500.0
2026,9,001400,ANDRE KAMAI DA SILVA SOARES,2025-01-01,,,salario,20864.78
2026,9,000772,ANTONIO LIRA DE MORAIS,2025-01-01,,,auxilios,1500.0
2026,9,000772,ANTONIO LIRA DE MORAIS,2025-01-01,,,outros_rendimentos,5500.0
2026,9,000772,ANTONIO LIRA DE MORAIS,2025-01-01,,,salario,20864.78
2026,9,002284,BRUNO MORAES CARDOSO,2025-01-01,,,auxilios,1500.0
2026,9,002284,BRUNO MORAES CARDOSO,2025-01-01,,,outros_rendimentos,5500.0
2026,9,002284,BRUNO MORAES CARDOSO,2025-01-01,,,salario,20864.78
2026,9,002438,EBER SILVA MACHADO,2025-01-01,,,auxilios,1500.0
2026,9,002438,EBER SILVA MACHADO,2025-01-01,,,outros_rendimentos,5500.0
2026,9,002438,EBER SILVA MACHADO,2025-01-01,,,salario,20864.78
2026,9,002379,EDVALDO ALMEIDA DE OLIVEIRA,2025-01-01,,,auxilios,1500.0
2026,9,002379,EDVALDO ALMEIDA DE OLIVEIRA,2025-01-01,,,outros_rendimentos,5500.0
2026,9,002379,EDVALDO ALMEIDA DE OLIVEIRA,2025-01-01,,,salario,20864.78
2026,9,001109,ELZA TEIXEIRA DE MENDONCA,2025-01-01,,,auxilios,1500.0
2026,9,001109,ELZA TEIXEIRA DE MENDONCA,2025-01-01,,,outros_rendimentos,5500.0
2026,9,001109,ELZA TEIXEIRA DE MENDONCA,2025-01-01,,,salario,20864.78
2026,9,001658,FABIO DE ARAUJO FREITAS,2025-01-01,,,auxilios,1500.0
2026,9,001658,FABIO DE ARAUJO FREITAS,2025-01-01,,,outros_rendimentos,5500.0
2026,9,001658,FABIO DE ARAUJO FREITAS,2025-01-01,,,salario,20864.78
2026,9,002521,FELIPE SANDRI SCHAFER,2025-01-01,,,auxilios,1500.0
2026,9,002521,FELIPE SANDRI SCHAFER,2025-01-01,,,outros_rendimentos,5500.0
2026,9,002521,FELIPE SANDRI SCHAFER,2025-01-01,,,salario,20864.78
2026,9,001610,HILDEGARD GONDIM NOGUEIRA,2026-05-01,,,auxilios,1500.0
2026,9,001610,HILDEGARD GONDIM NOGUEIRA,2026-05-01,,,outros_rendimentos,5500.0
2026,9,001610,HILDEGARD GONDIM NOGUEIRA,2026-05-01,,,salario,20864.78
2026,9,002485,JOABE LIRA DE QUEIROZ,2025-01-01,,,auxilios,1500.0
2026,9,002485,JOABE LIRA DE QUEIROZ,2025-01-01,,,outros_rendimentos,5500.0
2026,9,002485,JOABE LIRA DE QUEIROZ,2025-01-01,,,salario,20864.78
2026,9,001696,JOAQUIM FLORENCIO DA SILVA,2025-01-01,,,auxilios,1500.0
2026,9,001696,JOAQUIM FLORENCIO DA SILVA,2025-01-01,,,outros_rendimentos,5500.0
2026,9,001696,JOAQUIM FLORENCIO DA SILVA,2025-01-01,,,salario,20864.78
2026,9,002558,JOSE AUGUSTO SOARES AIACHE,2025-01-01,,,auxilios,1500.0
2026,9,002558,JOSE AUGUSTO SOARES AIACHE,2025-01-01,,,outros_rendimentos,5500.0
2026,9,002558,JOSE AUGUSTO SOARES AIACHE,2025-01-01,,,salario,20864.78
2026,9,002586,JOSE LOPES JUNIOR,2025-01-01,,,auxilios,1500.0
2026,9,002586,JOSE LOPES JUNIOR,2025-01-01,,,outros_rendimentos,5500.0
2026,9,002586,JOSE LOPES JUNIOR,2025-01-01,,,salario,20864.78
2026,9,002258,JOSE MATHEUS DO NASCIMENTO PAIVA,2025-01-01,,,auxilios,1500.0
2026,9,002258,JOSE MATHEUS DO NASCIMENTO PAIVA,2025-01-01,,,outros_rendimentos,5500.0
2026,9,002258,JOSE MATHEUS DO NASCIMENTO PAIVA,2025-01-01,,,salario,20864.78
2026,9,002327,LEONCIO TIMOTEO DE CASTRO,2025-01-01,,,auxilios,1500.0
2026,9,002327,LEONCIO TIMOTEO DE CASTRO,2025-01-01,,,outros_rendimentos,5500.0
2026,9,002327,LEONCIO TIMOTEO DE CASTRO,2025-01-01,,,salario,20864.78
2026,9,002571,LUCILENE DE SOUZA RODRIGUES VALE,2025-01-01,,,auxilios,1500.0
2026,9,002571,LUCILENE DE SOUZA RODRIGUES VALE,2025-01-01,,,outros_rendimentos,5500.0
2026,9,002571,LUCILENE DE SOUZA RODRIGUES VALE,2025-01-01,,,salario,20864.78
2026,9,002212,MARCIO MUSTAFA SILVEIRA,2025-01-01,,,auxilios,1500.0
2026,9,002212,MARCIO MUSTAFA SILVEIRA,2025-01-01,,,outros_rendimentos,5500.0
2026,9,002212,MARCIO MUSTAFA SILVEIRA,2025-01-01,,,salario,20864.78
2026,9,002206,MOACIR PEREIRA DOS SANTOS JUNIOR,2025-01-01,,,auxilios,1500.0
2026,9,002206,MOACIR PEREIRA DOS SANTOS JUNIOR,2025-01-01,,,outros_rendimentos,5500.0
2026,9,002206,MOACIR PEREIRA DOS SANTOS JUNIOR,2025-01-01,,,salario,20864.78
2026,9,001140,RAIMUNDO NONATO FERREIRA DA SILVA,2025-01-01,,,auxilios,1500.0
2026,9,001140,RAIMUNDO NONATO FERREIRA DA SILVA,2025-01-01,,,outros_rendimentos,5500.0
2026,9,001140,RAIMUNDO NONATO FERREIRA DA SILVA,2025-01-01,,,salario,20864.78
2026,9,001637,RUTENIO SA DE OLIVEIRA,2025-01-01,,,auxilios,1500.0
2026,9,001637,RUTENIO SA DE OLIVEIRA,2025-01-01,,,outros_rendimentos,5500.0
2026,9,001637,RUTENIO SA DE OLIVEIRA,2025-01-01,,,salario,20864.78
2026,9,001584,SAMIR FIGUEIREDO BESTENE,2025-01-01,,,auxilios,1500.0
2026,9,001584,SAMIR FIGUEIREDO BESTENE,2025-01-01,,,outros_rendimentos,5500.0
2026,9,001584,SAMIR FIGUEIREDO BESTENE,2025-01-01,,,salario,20864.78
