aaaamm,tp,nome,cargo,salario,decimo,ferias,beneficios,outros,redutor,bruto
202501,gov,JERONIMO R*** S***,Governador,36894.89,0.0,0.0,0.0,0.0,0.0,36894.89
202501,vice,GERALDO A*** F*** J***,Vice Governador,35050.14,0.0,0.0,0.0,0.0,0.0,35050.14
202502,gov,JERONIMO R*** S***,Governador,36894.89,0.0,0.0,0.0,0.0,0.0,36894.89
202502,vice,GERALDO A*** F*** J***,Vice Governador,35050.14,0.0,0.0,0.0,0.0,0.0,35050.14
202503,gov,JERONIMO R*** S***,Governador,36894.89,0.0,0.0,0.0,0.0,0.0,36894.89
202503,vice,GERALDO A*** F*** J***,Vice Governador,35050.14,0.0,0.0,0.0,0.0,0.0,35050.14
202504,gov,JERONIMO R*** S***,Governador,36894.89,0.0,0.0,0.0,0.0,0.0,36894.89
202504,vice,GERALDO A*** F*** J***,Vice Governador,35050.14,0.0,0.0,0.0,0.0,0.0,35050.14
202505,gov,JERONIMO R*** S***,Governador,36894.89,0.0,0.0,0.0,0.0,0.0,36894.89
202505,vice,GERALDO A*** F*** J***,Vice Governador,35050.14,17525.07,0.0,0.0,0.0,0.0,52575.21
202506,gov,JERONIMO R*** S***,Governador,36894.89,0.0,0.0,0.0,0.0,0.0,36894.89
202506,vice,GERALDO A*** F*** J***,Vice Governador,35050.14,0.0,0.0,0.0,0.0,0.0,35050.14
202507,gov,JERONIMO R*** S***,Governador,36894.89,0.0,0.0,0.0,0.0,0.0,36894.89
202507,vice,GERALDO A*** F*** J***,Vice Governador,35050.14,0.0,0.0,0.0,0.0,0.0,35050.14
202508,gov,JERONIMO R*** S***,Governador,36894.89,0.0,0.0,0.0,0.0,0.0,36894.89
202508,vice,GERALDO A*** F*** J***,Vice Governador,35050.14,0.0,0.0,0.0,0.0,0.0,35050.14
202509,gov,JERONIMO R*** S***,Governador,36894.89,0.0,0.0,0.0,0.0,0.0,36894.89
202509,vice,GERALDO A*** F*** J***,Vice Governador,35050.14,0.0,0.0,0.0,0.0,0.0,35050.14
202510,gov,JERONIMO R*** S***,Governador,36894.89,0.0,0.0,0.0,0.0,0.0,36894.89
202510,vice,GERALDO A*** F*** J***,Vice Governador,35050.14,0.0,0.0,0.0,0.0,0.0,35050.14
202511,gov,JERONIMO R*** S***,Governador,36894.89,0.0,0.0,0.0,0.0,0.0,36894.89
202511,vice,GERALDO A*** F*** J***,Vice Governador,35050.14,0.0,0.0,0.0,0.0,0.0,35050.14
202512,gov,JERONIMO R*** S***,Governador,36894.89,0.0,0.0,0.0,0.0,0.0,36894.89
202512,vice,GERALDO A*** F*** J***,Vice Governador,35050.14,0.0,0.0,0.0,0.0,0.0,35050.14
202601,gov,JERONIMO R*** S***,Governador,36894.89,0.0,0.0,0.0,0.0,0.0,36894.89
202601,vice,GERALDO A*** F*** J***,Vice Governador,35050.14,0.0,0.0,0.0,0.0,0.0,35050.14
202602,gov,JERONIMO R*** S***,Governador,36894.89,0.0,0.0,0.0,0.0,0.0,36894.89
202602,vice,GERALDO A*** F*** J***,Vice Governador,35050.14,0.0,0.0,0.0,0.0,0.0,35050.14
202603,gov,JERONIMO R*** S***,Governador,36894.89,0.0,0.0,0.0,0.0,0.0,36894.89
202603,vice,GERALDO A*** F*** J***,Vice Governador,35050.14,0.0,0.0,0.0,0.0,0.0,35050.14
202604,gov,JERONIMO R*** S***,Governador,36894.89,0.0,0.0,0.0,0.0,0.0,36894.89
202604,vice,GERALDO A*** F*** J***,Vice Governador,35050.14,0.0,0.0,0.0,0.0,0.0,35050.14
202605,gov,JERONIMO R*** S***,Governador,36894.89,0.0,0.0,0.0,0.0,0.0,36894.89
202605,vice,GERALDO A*** F*** J***,Vice Governador,35050.14,17525.07,0.0,0.0,0.0,0.0,52575.21
202606,gov,JERONIMO R*** S***,Governador,36894.89,0.0,0.0,0.0,0.0,0.0,36894.89
202606,vice,GERALDO A*** F*** J***,Vice Governador,35050.14,0.0,0.0,0.0,0.0,0.0,35050.14
202607,gov,JERONIMO R*** S***,Governador,36894.89,0.0,0.0,0.0,0.0,0.0,36894.89
202607,vice,GERALDO A*** F*** J***,Vice Governador,35050.14,0.0,0.0,0.0,0.0,0.0,35050.14
202608,gov,JERONIMO R*** S***,Governador,36894.89,0.0,0.0,0.0,0.0,0.0,36894.89
202608,vice,GERALDO A*** F*** J***,Vice Governador,35050.14,0.0,0.0,0.0,0.0,0.0,35050.14
