id,inicio,fim,nome,cargo,destino,diarias,passagens,outros,devolucoes,obs,fonte
am-586397,2025-01-30,,WILSON MIRANDA LIMA,GOVERNADOR DE ESTADO,MANAUS,0.0,0.0,0.0,0.0,voo da Casa Militar (sem custo publicado),https://www.transparencia.am.gov.br/diarias-e-passagens/
am-587410,2025-02-10,2025-02-11,WILSON MIRANDA LIMA,GOVERNADOR DE ESTADO,BRASILIA/MANAUS,4542.66,0.0,0.0,0.0,voo da Casa Militar (sem custo publicado),https://www.transparencia.am.gov.br/diarias-e-passagens/
am-589741,2025-03-11,2025-03-12,WILSON MIRANDA LIMA,GOVERNADOR DE ESTADO,BRASILIA/MANAUS,4542.66,0.0,0.0,0.0,voo da Casa Militar (sem custo publicado),https://www.transparencia.am.gov.br/diarias-e-passagens/
am-590660,2025-03-20,2025-03-20,WILSON MIRANDA LIMA,GOVERNADOR DE ESTADO,BRASILIA/MANAUS,2271.33,0.0,0.0,0.0,voo da Casa Militar (sem custo publicado),https://www.transparencia.am.gov.br/diarias-e-passagens/
am-590755,2025-03-26,2025-03-28,TADEU DE SOUZA SILVA,PROCURADOR DO ESTADO 3A CLASSE,BRASILIA/MANAUS,0.0,5491.66,0.0,0.0,,https://www.transparencia.am.gov.br/diarias-e-passagens/
am-592842,2025-03-26,2025-03-28,TADEU DE SOUZA SILVA,PROCURADOR DO ESTADO 3A CLASSE,BRASILIA/MANAUS,5366.65,0.0,0.0,0.0,,https://www.transparencia.am.gov.br/diarias-e-passagens/
am-590768,2025-04-02,2025-04-04,TADEU DE SOUZA SILVA,PROCURADOR DO ESTADO 3A CLASSE,GUARULHOS/MANAUS,0.0,3136.25,0.0,0.0,,https://www.transparencia.am.gov.br/diarias-e-passagens/
am-595503,2025-05-07,2025-05-08,WILSON MIRANDA LIMA,GOVERNADOR DE ESTADO,BRASILIA/MANAUS,2271.33,0.0,0.0,0.0,voo da Casa Militar (sem custo publicado),https://www.transparencia.am.gov.br/diarias-e-passagens/
am-600465,2025-06-09,2025-06-11,WILSON MIRANDA LIMA,GOVERNADOR DE ESTADO,SAO PAULO/MANAUS,6813.99,0.0,0.0,0.0,voo da Casa Militar (sem custo publicado),https://www.transparencia.am.gov.br/diarias-e-passagens/
am-608049,2025-08-12,2025-08-13,WILSON MIRANDA LIMA,GOVERNADOR DE ESTADO,BELEM/MANAUS,4542.66,0.0,0.0,0.0,voo da Casa Militar (sem custo publicado),https://www.transparencia.am.gov.br/diarias-e-passagens/
am-608714,2025-09-03,2025-09-04,TADEU DE SOUZA SILVA,PROCURADOR DO ESTADO 3A CLASSE,BRASILIA/MANAUS,0.0,5404.58,0.0,0.0,,https://www.transparencia.am.gov.br/diarias-e-passagens/
am-610638,2025-09-05,2025-09-05,TADEU DE SOUZA SILVA,PROCURADOR DO ESTADO 3A CLASSE,MANAUS,0.0,3894.54,0.0,0.0,,https://www.transparencia.am.gov.br/diarias-e-passagens/
am-612456,2025-09-23,2025-09-26,TADEU DE SOUZA SILVA,PROCURADOR DO ESTADO 3A CLASSE,BRASILIA/SAO PAULO/MANAUS,0.0,4237.69,0.0,0.0,,https://www.transparencia.am.gov.br/diarias-e-passagens/
am-613518,2025-09-29,2025-09-29,WILSON MIRANDA LIMA,GOVERNADOR DE ESTADO,BRASILIA/MANAUS,2271.33,0.0,0.0,0.0,voo da Casa Militar (sem custo publicado),https://www.transparencia.am.gov.br/diarias-e-passagens/
am-617872,2025-11-04,2025-11-05,WILSON MIRANDA LIMA,GOVERNADOR DE ESTADO,BRASILIA/MANAUS,4542.66,0.0,0.0,0.0,voo da Casa Militar (sem custo publicado),https://www.transparencia.am.gov.br/diarias-e-passagens/
am-618379,2025-11-10,2025-11-11,WILSON MIRANDA LIMA,GOVERNADOR DE ESTADO,BELEM/MANAUS,4542.66,0.0,0.0,0.0,voo da Casa Militar (sem custo publicado),https://www.transparencia.am.gov.br/diarias-e-passagens/
am-618540,2025-11-19,2025-11-20,TADEU DE SOUZA SILVA,PROCURADOR DO ESTADO 3A CLASSE,TABATINGA/MANAUS,0.0,4391.06,0.0,0.0,,https://www.transparencia.am.gov.br/diarias-e-passagens/
am-622830,2026-01-22,2026-01-25,WILSON MIRANDA LIMA,GOVERNADOR DE ESTADO,SAO PAULO/MANAUS,9085.32,0.0,0.0,0.0,voo da Casa Militar (sem custo publicado),https://www.transparencia.am.gov.br/diarias-e-passagens/
am-624468,2026-02-10,2026-02-11,TADEU DE SOUZA SILVA,PROCURADOR DO ESTADO 3A CLASSE,BRASILIA/MANAUS,0.0,6178.0,0.0,0.0,,https://www.transparencia.am.gov.br/diarias-e-passagens/
am-624706,2026-02-12,2026-02-12,TADEU DE SOUZA SILVA,PROCURADOR DO ESTADO 3A CLASSE,MANAUS,0.0,681.81,0.0,0.0,,https://www.transparencia.am.gov.br/diarias-e-passagens/
am-627603,2026-03-16,2026-03-18,TADEU DE SOUZA SILVA,PROCURADOR DO ESTADO 3A CLASSE,SAO PAULO/MANAUS,0.0,8252.6,0.0,0.0,,https://www.transparencia.am.gov.br/diarias-e-passagens/
am-628350,2026-03-19,2026-03-20,TADEU DE SOUZA SILVA,PROCURADOR DO ESTADO 3A CLASSE,MANAUS,0.0,3143.25,0.0,0.0,,https://www.transparencia.am.gov.br/diarias-e-passagens/
am-639765,2026-07-13,2026-07-16,SERAFIM FERNANDES CORREA,VICE-GOVERNADOR,BRASILIA/MANAUS,0.0,3869.5,0.0,0.0,,https://www.transparencia.am.gov.br/diarias-e-passagens/
am-639507,2026-07-17,2026-07-20,SERAFIM FERNANDES CORREA,VICE-GOVERNADOR,BRASILIA/MANAUS,6439.98,0.0,0.0,0.0,,https://www.transparencia.am.gov.br/diarias-e-passagens/
am-640858,2026-07-28,2026-07-30,SERAFIM FERNANDES CORREA,VICE-GOVERNADOR,BRASILIA/MANAUS,5366.65,0.0,0.0,0.0,,https://www.transparencia.am.gov.br/diarias-e-passagens/
am-641047,2026-07-28,2026-07-30,SERAFIM FERNANDES CORREA,VICE-GOVERNADOR,BRASILIA/MANAUS,0.0,6139.52,0.0,0.0,,https://www.transparencia.am.gov.br/diarias-e-passagens/
am-645424,2026-09-07,2026-09-09,SERAFIM FERNANDES CORREA,VICE-GOVERNADOR,BRASILIA/MANAUS,0.0,5714.18,0.0,0.0,,https://www.transparencia.am.gov.br/diarias-e-passagens/
am-645326,2026-09-10,2026-09-12,SERAFIM FERNANDES CORREA,VICE-GOVERNADOR,BRASILIA/MANAUS,4293.32,0.0,0.0,0.0,,https://www.transparencia.am.gov.br/diarias-e-passagens/
