ano,mes,nome,cargo,remuneracao,abono,eventuais
2025,10,ALDO ROBERTO DA ROCHA LOUREIRO,VEREADOR,18991.68,0.0,0.0
2025,10,ALLAN PIERRE VASCONCELOS,VEREADOR,18991.68,0.0,0.0
2025,10,CAIO LUIZ DOS SANTOS TEIXEIRA,VEREADOR,24056.13,0.0,0.0
2025,10,CLAUDIO MOREIRA DA SILVA,VEREADOR,18991.68,0.0,0.0
2025,10,CLAUDIO PEREIRA DE ANDRADE NETO,VEREADOR,24056.13,0.0,0.0
2025,10,DAVID CABRAL DAVINO,VEREADOR,18991.68,0.0,0.0
2025,10,FRANCISCO HOLANDA COSTA FILHO,VEREADOR,18991.68,0.0,0.0
2025,10,GALBA NOVAIS DE CASTRO NETTO,VEREADOR,18991.68,0.0,0.0
2025,10,JEANNYNE BELTRAO LIMA SIQUEIRA,VEREADOR,18991.68,0.0,0.0
2025,10,JONATAS JOSE OLIVEIRA DE OMENA,VEREADOR,18991.68,0.0,0.0
2025,10,JOSE MARCIO DE MEDEIROS MAIA JUNIOR,VEREADOR,18991.68,0.0,0.0
2025,10,JOSE SIDERLANE ARAUJO DE MENDONCA,VEREADOR,18991.68,0.0,0.0
2025,10,KELMANN VIEIRA DE OLIVEIRA,VEREADOR,18991.68,0.0,0.0
2025,10,LEONARDO DA FONSECA DIAS,VEREADOR,18991.68,0.0,0.0
2025,10,LUCIANO MARINHO DA SILVA,VEREADOR,18991.68,0.0,0.0
2025,10,MARCELO PALMEIRA CAVALCANTE,VEREADOR,18991.68,0.0,0.0
2025,10,MARIA DE FATIMA GALINA FORTES FERREIRA SANTIAGO,VEREADOR,18991.68,0.0,0.0
2025,10,MILTON LUNA BARROS NETO,VEREADOR,18991.68,0.0,0.0
2025,10,OLIVIA COIMBRA TENORIO VILACA,VEREADOR,18991.68,0.0,0.0
2025,10,RUI SOARES PALMEIRA,VEREADOR,18991.68,0.0,0.0
2025,10,SAMYR MALTA AMARAL,VEREADOR,18991.68,0.0,0.0
2025,10,SILVANIA BATINGA DE OLIVEIRA BARBOSA,VEREADOR,18991.68,0.0,0.0
2025,10,SILVIO SAMPAIO CAMELO,VEREADOR,18991.68,0.0,0.0
2025,10,TEREZA NELMA PORTO VIANA SOARES,VEREADOR,18991.68,0.0,0.0
2025,10,THALES LUIZ PEIXOTO CAVALCANTE,VEREADOR,18991.68,0.0,0.0
2025,10,THIAGO PRADO OLIVEIRA SILVEIRA,VEREADOR,18991.68,0.0,0.0
2025,10,WARLLEN DAVID BEZERRA NASCIMENTO MESQUITA,VEREADOR,18991.68,0.0,0.0
2025,11,ALDO ROBERTO DA ROCHA LOUREIRO,VEREADOR,18991.68,0.0,0.0
2025,11,ALLAN PIERRE VASCONCELOS,VEREADOR,18991.68,0.0,0.0
2025,11,CAIO LUIZ DOS SANTOS TEIXEIRA,VEREADOR,18991.68,0.0,0.0
2025,11,CLAUDIO MOREIRA DA SILVA,VEREADOR,18991.68,0.0,0.0
2025,11,CLAUDIO PEREIRA DE ANDRADE NETO,VEREADOR,18991.68,0.0,0.0
2025,11,DAVID CABRAL DAVINO,VEREADOR,18991.68,0.0,0.0
2025,11,FRANCISCO HOLANDA COSTA FILHO,VEREADOR,18991.68,0.0,0.0
2025,11,GALBA NOVAIS DE CASTRO NETTO,VEREADOR,18991.68,0.0,0.0
2025,11,JEANNYNE BELTRAO LIMA SIQUEIRA,VEREADOR,18991.68,0.0,0.0
2025,11,JONATAS JOSE OLIVEIRA DE OMENA,VEREADOR,18991.68,0.0,0.0
2025,11,JOSE MARCIO DE MEDEIROS MAIA JUNIOR,VEREADOR,18991.68,0.0,0.0
2025,11,JOSE SIDERLANE ARAUJO DE MENDONCA,VEREADOR,18991.68,0.0,0.0
2025,11,KELMANN VIEIRA DE OLIVEIRA,VEREADOR,18991.68,0.0,0.0
2025,11,LEONARDO DA FONSECA DIAS,VEREADOR,18991.68,0.0,0.0
2025,11,LUCIANO MARINHO DA SILVA,VEREADOR,18991.68,0.0,0.0
2025,11,MARCELO PALMEIRA CAVALCANTE,VEREADOR,18991.68,0.0,0.0
2025,11,MARIA DE FATIMA GALINA FORTES FERREIRA SANTIAGO,VEREADOR,18991.68,0.0,0.0
2025,11,MILTON LUNA BARROS NETO,VEREADOR,18991.68,0.0,0.0
2025,11,OLIVIA COIMBRA TENORIO VILACA,VEREADOR,18991.68,0.0,0.0
2025,11,RUI SOARES PALMEIRA,VEREADOR,18991.68,0.0,0.0
2025,11,SAMYR MALTA AMARAL,VEREADOR,18991.68,0.0,0.0
2025,11,SILVANIA BATINGA DE OLIVEIRA BARBOSA,VEREADOR,18991.68,0.0,0.0
2025,11,SILVIO SAMPAIO CAMELO,VEREADOR,18991.68,0.0,0.0
2025,11,TEREZA NELMA PORTO VIANA SOARES,VEREADOR,18991.68,0.0,0.0
2025,11,THALES LUIZ PEIXOTO CAVALCANTE,VEREADOR,18991.68,0.0,0.0
2025,11,THIAGO PRADO OLIVEIRA SILVEIRA,VEREADOR,18991.68,0.0,0.0
2025,11,WARLLEN DAVID BEZERRA NASCIMENTO MESQUITA,VEREADOR,18991.68,0.0,0.0
2025,12,ALDO ROBERTO DA ROCHA LOUREIRO,VEREADOR,18991.68,0.0,0.0
2025,12,ALLAN PIERRE VASCONCELOS,VEREADOR,18991.68,0.0,0.0
2025,12,CAIO LUIZ DOS SANTOS TEIXEIRA,VEREADOR,18991.68,0.0,0.0
2025,12,CLAUDIO MOREIRA DA SILVA,VEREADOR,18991.68,0.0,0.0
2025,12,CLAUDIO PEREIRA DE ANDRADE NETO,VEREADOR,18991.68,0.0,0.0
2025,12,DAVID CABRAL DAVINO,VEREADOR,18991.68,0.0,0.0
2025,12,FRANCISCO HOLANDA COSTA FILHO,VEREADOR,18991.68,0.0,0.0
2025,12,GALBA NOVAIS DE CASTRO NETTO,VEREADOR,18991.68,0.0,0.0
2025,12,JEANNYNE BELTRAO LIMA SIQUEIRA,VEREADOR,18991.68,0.0,0.0
2025,12,JONATAS JOSE OLIVEIRA DE OMENA,VEREADOR,18991.68,0.0,0.0
2025,12,JOSE MARCIO DE MEDEIROS MAIA JUNIOR,VEREADOR,18991.68,0.0,0.0
2025,12,JOSE SIDERLANE ARAUJO DE MENDONCA,VEREADOR,18991.68,0.0,0.0
2025,12,KELMANN VIEIRA DE OLIVEIRA,VEREADOR,18991.68,0.0,0.0
2025,12,LEONARDO DA FONSECA DIAS,VEREADOR,18991.68,0.0,0.0
2025,12,LUCIANO MARINHO DA SILVA,VEREADOR,18991.68,0.0,0.0
2025,12,MARCELO PALMEIRA CAVALCANTE,VEREADOR,18991.68,0.0,0.0
2025,12,MARIA DE FATIMA GALINA FORTES FERREIRA SANTIAGO,VEREADOR,18991.68,0.0,0.0
2025,12,MILTON LUNA BARROS NETO,VEREADOR,18991.68,0.0,0.0
2025,12,OLIVIA COIMBRA TENORIO VILACA,VEREADOR,18991.68,0.0,0.0
2025,12,RUI SOARES PALMEIRA,VEREADOR,18991.68,0.0,0.0
2025,12,SAMYR MALTA AMARAL,VEREADOR,18991.68,0.0,0.0
2025,12,SILVANIA BATINGA DE OLIVEIRA BARBOSA,VEREADOR,18991.68,0.0,0.0
2025,12,SILVIO SAMPAIO CAMELO,VEREADOR,18991.68,0.0,0.0
2025,12,TEREZA NELMA PORTO VIANA SOARES,VEREADOR,18991.68,0.0,0.0
2025,12,THALES LUIZ PEIXOTO CAVALCANTE,VEREADOR,18991.68,0.0,0.0
2025,12,THIAGO PRADO OLIVEIRA SILVEIRA,VEREADOR,18991.68,0.0,0.0
2025,12,WARLLEN DAVID BEZERRA NASCIMENTO MESQUITA,VEREADOR,18991.68,0.0,0.0
2025,13,ALDO ROBERTO DA ROCHA LOUREIRO,VEREADOR,18991.68,0.0,0.0
2025,13,ALLAN PIERRE VASCONCELOS,VEREADOR,18991.68,0.0,0.0
2025,13,BRIVALDO MARQUES SILVA NETO,VEREADOR,14243.76,0.0,0.0
2025,13,CAIO LUIZ DOS SANTOS TEIXEIRA,VEREADOR,4747.92,0.0,0.0
2025,13,CLAUDIO MOREIRA DA SILVA,VEREADOR,18991.68,0.0,0.0
2025,13,CLAUDIO PEREIRA DE ANDRADE NETO,VEREADOR,4747.92,0.0,0.0
2025,13,DAVID CABRAL DAVINO,VEREADOR,18991.68,0.0,0.0
2025,13,FRANCISCO HOLANDA COSTA FILHO,VEREADOR,18991.68,0.0,0.0
2025,13,GALBA NOVAIS DE CASTRO NETTO,VEREADOR,18991.68,0.0,0.0
2025,13,JEANNYNE BELTRAO LIMA SIQUEIRA,VEREADOR,18991.68,0.0,0.0
2025,13,JONATAS JOSE OLIVEIRA DE OMENA,VEREADOR,18991.68,0.0,0.0
2025,13,JOSE EDUARDO ACCIOLY CANUTO,VEREADOR,14243.76,0.0,0.0
2025,13,JOSE MARCIO DE MEDEIROS MAIA JUNIOR,VEREADOR,18991.68,0.0,0.0
2025,13,JOSE SIDERLANE ARAUJO DE MENDONCA,VEREADOR,18991.68,0.0,0.0
2025,13,KELMANN VIEIRA DE OLIVEIRA,VEREADOR,18991.68,0.0,0.0
2025,13,LEONARDO DA FONSECA DIAS,VEREADOR,18991.68,0.0,0.0
2025,13,LUCIANO MARINHO DA SILVA,VEREADOR,18991.68,0.0,0.0
2025,13,MARCELO PALMEIRA CAVALCANTE,VEREADOR,18991.68,0.0,0.0
2025,13,MARIA DE FATIMA GALINA FORTES FERREIRA SANTIAGO,VEREADOR,18991.68,0.0,0.0
2025,13,MILTON LUNA BARROS NETO,VEREADOR,18991.68,0.0,0.0
2025,13,OLIVIA COIMBRA TENORIO VILACA,VEREADOR,18991.68,0.0,0.0
2025,13,RUI SOARES PALMEIRA,VEREADOR,18991.68,0.0,0.0
2025,13,SAMYR MALTA AMARAL,VEREADOR,18991.68,0.0,0.0
2025,13,SILVANIA BATINGA DE OLIVEIRA BARBOSA,VEREADOR,18991.68,0.0,0.0
2025,13,SILVIO SAMPAIO CAMELO,VEREADOR,18991.68,0.0,0.0
2025,13,TEREZA NELMA PORTO VIANA SOARES,VEREADOR,18991.68,0.0,0.0
2025,13,THALES LUIZ PEIXOTO CAVALCANTE,VEREADOR,18991.68,0.0,0.0
2025,13,THIAGO PRADO OLIVEIRA SILVEIRA,VEREADOR,18991.68,0.0,0.0
2025,13,WARLLEN DAVID BEZERRA NASCIMENTO MESQUITA,VEREADOR,18991.68,0.0,0.0
2026,1,ALDO ROBERTO DA ROCHA LOUREIRO,VEREADOR,18991.68,0.0,0.0
2026,1,ALLAN PIERRE VASCONCELOS,VEREADOR,18991.68,0.0,0.0
2026,1,CAIO LUIZ DOS SANTOS TEIXEIRA,VEREADOR,18991.68,0.0,0.0
2026,1,CLAUDIO MOREIRA DA SILVA,VEREADOR,18991.68,0.0,0.0
2026,1,CLAUDIO PEREIRA DE ANDRADE NETO,VEREADOR,18991.68,0.0,0.0
2026,1,DAVID CABRAL DAVINO,VEREADOR,18991.68,0.0,0.0
2026,1,FRANCISCO HOLANDA COSTA FILHO,VEREADOR,18991.68,0.0,0.0
2026,1,GALBA NOVAIS DE CASTRO NETTO,VEREADOR,18991.68,0.0,0.0
2026,1,JEANNYNE BELTRAO LIMA SIQUEIRA,VEREADOR,18991.68,0.0,0.0
2026,1,JONATAS JOSE OLIVEIRA DE OMENA,VEREADOR,18991.68,0.0,0.0
2026,1,JOSE MARCIO DE MEDEIROS MAIA JUNIOR,VEREADOR,18991.68,0.0,0.0
2026,1,JOSE SIDERLANE ARAUJO DE MENDONCA,VEREADOR,18991.68,0.0,0.0
2026,1,KELMANN VIEIRA DE OLIVEIRA,VEREADOR,18991.68,0.0,0.0
2026,1,LEONARDO DA FONSECA DIAS,VEREADOR,18991.68,0.0,0.0
2026,1,LUCIANO MARINHO DA SILVA,VEREADOR,18991.68,0.0,0.0
2026,1,MARCELO PALMEIRA CAVALCANTE,VEREADOR,18991.68,0.0,0.0
2026,1,MARIA DE FATIMA GALINA FORTES FERREIRA SANTIAGO,VEREADOR,18991.68,0.0,0.0
2026,1,MILTON LUNA BARROS NETO,VEREADOR,18991.68,0.0,0.0
2026,1,OLIVIA COIMBRA TENORIO VILACA,VEREADOR,18991.68,0.0,0.0
2026,1,RUI SOARES PALMEIRA,VEREADOR,18991.68,0.0,0.0
2026,1,SAMYR MALTA AMARAL,VEREADOR,18991.68,0.0,0.0
2026,1,SILVANIA BATINGA DE OLIVEIRA BARBOSA,VEREADOR,18991.68,0.0,0.0
2026,1,SILVIO SAMPAIO CAMELO,VEREADOR,18991.68,0.0,0.0
2026,1,TEREZA NELMA PORTO VIANA SOARES,VEREADOR,18991.68,0.0,0.0
2026,1,THALES LUIZ PEIXOTO CAVALCANTE,VEREADOR,18991.68,0.0,0.0
2026,1,THIAGO PRADO OLIVEIRA SILVEIRA,VEREADOR,18991.68,0.0,0.0
2026,1,WARLLEN DAVID BEZERRA NASCIMENTO MESQUITA,VEREADOR,18991.68,0.0,0.0
2026,2,ALDO ROBERTO DA ROCHA LOUREIRO,VEREADOR,18991.68,0.0,0.0
2026,2,ALLAN PIERRE VASCONCELOS,VEREADOR,18991.68,0.0,0.0
2026,2,CAIO LUIZ DOS SANTOS TEIXEIRA,VEREADOR,18991.68,0.0,0.0
2026,2,CHARLES HEBERT CAVALCANTE FERREIRA,VEREADOR,17092.51,0.0,0.0
2026,2,CLAUDIO MOREIRA DA SILVA,VEREADOR,18991.68,0.0,0.0
2026,2,CLAUDIO PEREIRA DE ANDRADE NETO,VEREADOR,18991.68,0.0,0.0
2026,2,DAVID CABRAL DAVINO,VEREADOR,18991.68,0.0,0.0
2026,2,FRANCISCO HOLANDA COSTA FILHO,VEREADOR,18991.68,0.0,0.0
2026,2,GALBA NOVAIS DE CASTRO NETTO,VEREADOR,18991.68,0.0,0.0
2026,2,JEANNYNE BELTRAO LIMA SIQUEIRA,VEREADOR,18991.68,0.0,0.0
2026,2,JONATAS JOSE OLIVEIRA DE OMENA,VEREADOR,18991.68,0.0,0.0
2026,2,JOSE MARCIO DE MEDEIROS MAIA JUNIOR,VEREADOR,18991.68,0.0,0.0
2026,2,JOSE SIDERLANE ARAUJO DE MENDONCA,VEREADOR,18991.68,0.0,0.0
2026,2,KELMANN VIEIRA DE OLIVEIRA,VEREADOR,18991.68,0.0,0.0
2026,2,LEONARDO DA FONSECA DIAS,VEREADOR,18991.68,0.0,0.0
2026,2,LUCIANO MARINHO DA SILVA,VEREADOR,18991.68,0.0,0.0
2026,2,MARCELO PALMEIRA CAVALCANTE,VEREADOR,18991.68,0.0,0.0
2026,2,MARIA DE FATIMA GALINA FORTES FERREIRA SANTIAGO,VEREADOR,18991.68,0.0,0.0
2026,2,MILTON LUNA BARROS NETO,VEREADOR,18991.68,0.0,0.0
2026,2,OLIVIA COIMBRA TENORIO VILACA,VEREADOR,18991.68,0.0,0.0
2026,2,RUI SOARES PALMEIRA,VEREADOR,18991.68,0.0,0.0
2026,2,SAMYR MALTA AMARAL,VEREADOR,18991.68,0.0,0.0
2026,2,SILVANIA BATINGA DE OLIVEIRA BARBOSA,VEREADOR,18991.68,0.0,0.0
2026,2,SILVIO SAMPAIO CAMELO,VEREADOR,2532.22,0.0,0.0
2026,2,TEREZA NELMA PORTO VIANA SOARES,VEREADOR,18991.68,0.0,0.0
2026,2,THALES LUIZ PEIXOTO CAVALCANTE,VEREADOR,18991.68,0.0,0.0
2026,2,THIAGO PRADO OLIVEIRA SILVEIRA,VEREADOR,18991.68,0.0,0.0
2026,2,WARLLEN DAVID BEZERRA NASCIMENTO MESQUITA,VEREADOR,18991.68,0.0,0.0
2026,3,ALDO ROBERTO DA ROCHA LOUREIRO,VEREADOR,18991.68,0.0,0.0
2026,3,ALLAN PIERRE VASCONCELOS,VEREADOR,18991.68,0.0,0.0
2026,3,CAIO LUIZ DOS SANTOS TEIXEIRA,VEREADOR,18991.68,0.0,0.0
2026,3,CHARLES HEBERT CAVALCANTE FERREIRA,VEREADOR,18991.68,0.0,0.0
2026,3,CLAUDIO MOREIRA DA SILVA,VEREADOR,18991.68,0.0,0.0
2026,3,CLAUDIO PEREIRA DE ANDRADE NETO,VEREADOR,18991.68,0.0,0.0
2026,3,DAVID CABRAL DAVINO,VEREADOR,18991.68,0.0,0.0
2026,3,FRANCISCO HOLANDA COSTA FILHO,VEREADOR,18991.68,0.0,0.0
2026,3,GALBA NOVAIS DE CASTRO NETTO,VEREADOR,18991.68,0.0,0.0
2026,3,JEANNYNE BELTRAO LIMA SIQUEIRA,VEREADOR,18991.68,0.0,0.0
2026,3,JONATAS JOSE OLIVEIRA DE OMENA,VEREADOR,18991.68,0.0,0.0
2026,3,JOSE MARCIO DE MEDEIROS MAIA JUNIOR,VEREADOR,18991.68,0.0,0.0
2026,3,JOSE SIDERLANE ARAUJO DE MENDONCA,VEREADOR,18991.68,0.0,0.0
2026,3,KELMANN VIEIRA DE OLIVEIRA,VEREADOR,18991.68,0.0,0.0
2026,3,LEONARDO DA FONSECA DIAS,VEREADOR,18991.68,0.0,0.0
2026,3,LUCIANO MARINHO DA SILVA,VEREADOR,18991.68,0.0,0.0
2026,3,MARCELO PALMEIRA CAVALCANTE,VEREADOR,18991.68,0.0,0.0
2026,3,MARIA DE FATIMA GALINA FORTES FERREIRA SANTIAGO,VEREADOR,18991.68,0.0,0.0
2026,3,MILTON LUNA BARROS NETO,VEREADOR,18991.68,0.0,0.0
2026,3,OLIVIA COIMBRA TENORIO VILACA,VEREADOR,18991.68,0.0,0.0
2026,3,RUI SOARES PALMEIRA,VEREADOR,18991.68,0.0,0.0
2026,3,SAMYR MALTA AMARAL,VEREADOR,18991.68,0.0,0.0
2026,3,SILVANIA BATINGA DE OLIVEIRA BARBOSA,VEREADOR,18991.68,0.0,0.0
2026,3,TEREZA NELMA PORTO VIANA SOARES,VEREADOR,18991.68,0.0,0.0
2026,3,THALES LUIZ PEIXOTO CAVALCANTE,VEREADOR,18991.68,0.0,0.0
2026,3,THIAGO PRADO OLIVEIRA SILVEIRA,VEREADOR,18991.68,0.0,0.0
2026,3,WARLLEN DAVID BEZERRA NASCIMENTO MESQUITA,VEREADOR,18991.68,0.0,0.0
2026,4,ALDO ROBERTO DA ROCHA LOUREIRO,VEREADOR,18991.68,0.0,0.0
2026,4,ALLAN PIERRE VASCONCELOS,VEREADOR,18991.68,0.0,0.0
2026,4,BRIVALDO MARQUES SILVA NETO,VEREADOR,18991.68,0.0,0.0
2026,4,CHARLES HEBERT CAVALCANTE FERREIRA,VEREADOR,18991.68,0.0,0.0
2026,4,CLAUDIO MOREIRA DA SILVA,VEREADOR,18991.68,0.0,0.0
2026,4,DAVID CABRAL DAVINO,VEREADOR,18991.68,0.0,0.0
2026,4,FRANCISCO HOLANDA COSTA FILHO,VEREADOR,18991.68,0.0,0.0
2026,4,GALBA NOVAIS DE CASTRO NETTO,VEREADOR,18991.68,0.0,0.0
2026,4,JEANNYNE BELTRAO LIMA SIQUEIRA,VEREADOR,18991.68,0.0,0.0
2026,4,JOAO LUIZ ROCHA,VEREADOR,10761.95,0.0,0.0
2026,4,JONATAS JOSE OLIVEIRA DE OMENA,VEREADOR,18991.68,0.0,0.0
2026,4,JOSE EDUARDO ACCIOLY CANUTO,VEREADOR,18991.68,0.0,0.0
2026,4,JOSE MARCIO DE MEDEIROS MAIA JUNIOR,VEREADOR,18991.68,0.0,0.0
2026,4,JOSE SIDERLANE ARAUJO DE MENDONCA,VEREADOR,18991.68,0.0,0.0
2026,4,KELMANN VIEIRA DE OLIVEIRA,VEREADOR,18991.68,0.0,0.0
2026,4,LEONARDO DA FONSECA DIAS,VEREADOR,18991.68,0.0,0.0
2026,4,LUCIANO MARINHO DA SILVA,VEREADOR,18991.68,0.0,0.0
2026,4,MARCELO PALMEIRA CAVALCANTE,VEREADOR,18991.68,0.0,0.0
2026,4,MARIA DE FATIMA GALINA FORTES FERREIRA SANTIAGO,VEREADOR,18991.68,0.0,0.0
2026,4,MILTON LUNA BARROS NETO,VEREADOR,18991.68,0.0,0.0
2026,4,OLIVIA COIMBRA TENORIO VILACA,VEREADOR,18991.68,0.0,0.0
2026,4,RUI SOARES PALMEIRA,VEREADOR,18991.68,0.0,0.0
2026,4,SAMYR MALTA AMARAL,VEREADOR,18991.68,0.0,0.0
2026,4,SILVANIA BATINGA DE OLIVEIRA BARBOSA,VEREADOR,18991.68,0.0,0.0
2026,4,TEREZA NELMA PORTO VIANA SOARES,VEREADOR,18991.68,0.0,0.0
2026,4,THALES LUIZ PEIXOTO CAVALCANTE,VEREADOR,18991.68,0.0,0.0
2026,4,THIAGO PRADO OLIVEIRA SILVEIRA,VEREADOR,5064.44,0.0,0.0
2026,4,WARLLEN DAVID BEZERRA NASCIMENTO MESQUITA,VEREADOR,18991.68,0.0,0.0
2026,5,ALDO ROBERTO DA ROCHA LOUREIRO,VEREADOR,18991.68,0.0,0.0
2026,5,ALLAN PIERRE VASCONCELOS,VEREADOR,18991.68,0.0,0.0
2026,5,BRIVALDO MARQUES SILVA NETO,VEREADOR,18991.68,0.0,0.0
2026,5,CHARLES HEBERT CAVALCANTE FERREIRA,VEREADOR,18991.68,0.0,0.0
2026,5,CLAUDIO MOREIRA DA SILVA,VEREADOR,18991.68,0.0,0.0
2026,5,DAVID CABRAL DAVINO,VEREADOR,18991.68,0.0,0.0
2026,5,FRANCISCO HOLANDA COSTA FILHO,VEREADOR,18991.68,0.0,0.0
2026,5,GALBA NOVAIS DE CASTRO NETTO,VEREADOR,18991.68,0.0,0.0
2026,5,JEANNYNE BELTRAO LIMA SIQUEIRA,VEREADOR,18991.68,0.0,0.0
2026,5,JOAO LUIZ ROCHA,VEREADOR,18991.68,0.0,0.0
2026,5,JONATAS JOSE OLIVEIRA DE OMENA,VEREADOR,18991.68,0.0,0.0
2026,5,JOSE EDUARDO ACCIOLY CANUTO,VEREADOR,18991.68,0.0,0.0
2026,5,JOSE MARCIO DE MEDEIROS MAIA JUNIOR,VEREADOR,18991.68,0.0,0.0
2026,5,JOSE SIDERLANE ARAUJO DE MENDONCA,VEREADOR,18991.68,0.0,0.0
2026,5,KELMANN VIEIRA DE OLIVEIRA,VEREADOR,18991.68,0.0,0.0
2026,5,LEONARDO DA FONSECA DIAS,VEREADOR,18991.68,0.0,0.0
2026,5,LUCIANO MARINHO DA SILVA,VEREADOR,18991.68,0.0,0.0
2026,5,MARCELO PALMEIRA CAVALCANTE,VEREADOR,18991.68,0.0,0.0
2026,5,MARIA DE FATIMA GALINA FORTES FERREIRA SANTIAGO,VEREADOR,18991.68,0.0,0.0
2026,5,MILTON LUNA BARROS NETO,VEREADOR,18991.68,0.0,0.0
2026,5,OLIVIA COIMBRA TENORIO VILACA,VEREADOR,18991.68,0.0,0.0
2026,5,RUI SOARES PALMEIRA,VEREADOR,18991.68,0.0,0.0
2026,5,SAMYR MALTA AMARAL,VEREADOR,18991.68,0.0,0.0
2026,5,SILVANIA BATINGA DE OLIVEIRA BARBOSA,VEREADOR,18991.68,0.0,0.0
2026,5,TEREZA NELMA PORTO VIANA SOARES,VEREADOR,18991.68,0.0,0.0
2026,5,THALES LUIZ PEIXOTO CAVALCANTE,VEREADOR,18991.68,0.0,0.0
2026,5,WARLLEN DAVID BEZERRA NASCIMENTO MESQUITA,VEREADOR,18991.68,0.0,0.0
2026,6,ALDO ROBERTO DA ROCHA LOUREIRO,VEREADOR,25322.23,0.0,0.0
2026,6,ALLAN PIERRE VASCONCELOS,VEREADOR,25322.23,0.0,0.0
2026,6,BRIVALDO MARQUES SILVA NETO,VEREADOR,23739.6,0.0,0.0
2026,6,CAIO LUIZ DOS SANTOS TEIXEIRA,VEREADOR,1582.64,0.0,0.0
2026,6,CHARLES HEBERT CAVALCANTE FERREIRA,VEREADOR,1899.16,0.0,0.0
2026,6,CLAUDIO MOREIRA DA SILVA,VEREADOR,25322.23,0.0,0.0
2026,6,CLAUDIO PEREIRA DE ANDRADE NETO,VEREADOR,1582.64,0.0,0.0
2026,6,DAVID CABRAL DAVINO,VEREADOR,25322.23,0.0,0.0
2026,6,FRANCISCO HOLANDA COSTA FILHO,VEREADOR,25322.23,0.0,0.0
2026,6,GALBA NOVAIS DE CASTRO NETTO,VEREADOR,25322.23,0.0,0.0
2026,6,JEANNYNE BELTRAO LIMA SIQUEIRA,VEREADOR,25322.23,0.0,0.0
2026,6,JOAO LUIZ ROCHA,VEREADOR,18991.68,0.0,0.0
2026,6,JONATAS JOSE OLIVEIRA DE OMENA,VEREADOR,25322.23,0.0,0.0
2026,6,JOSE EDUARDO ACCIOLY CANUTO,VEREADOR,23739.6,0.0,0.0
2026,6,JOSE MARCIO DE MEDEIROS MAIA JUNIOR,VEREADOR,25322.23,0.0,0.0
2026,6,JOSE SIDERLANE ARAUJO DE MENDONCA,VEREADOR,25322.23,0.0,0.0
2026,6,KELMANN VIEIRA DE OLIVEIRA,VEREADOR,25322.23,0.0,0.0
2026,6,LEONARDO DA FONSECA DIAS,VEREADOR,25322.23,0.0,0.0
2026,6,LUCIANO MARINHO DA SILVA,VEREADOR,25322.23,0.0,0.0
2026,6,MARCELO PALMEIRA CAVALCANTE,VEREADOR,25322.23,0.0,0.0
2026,6,MARIA DE FATIMA GALINA FORTES FERREIRA SANTIAGO,VEREADOR,25322.23,0.0,0.0
2026,6,MILTON LUNA BARROS NETO,VEREADOR,25322.23,0.0,0.0
2026,6,OLIVIA COIMBRA TENORIO VILACA,VEREADOR,25322.23,0.0,0.0
2026,6,RUI SOARES PALMEIRA,VEREADOR,6330.55,0.0,0.0
2026,6,SAMYR MALTA AMARAL,VEREADOR,25322.23,0.0,0.0
2026,6,SILVANIA BATINGA DE OLIVEIRA BARBOSA,VEREADOR,25322.23,0.0,0.0
2026,6,SILVIO SAMPAIO CAMELO,VEREADOR,22156.95,0.0,0.0
2026,6,TACIO MELO DA SILVEIRA,VEREADOR,18991.68,0.0,0.0
2026,6,TEREZA NELMA PORTO VIANA SOARES,VEREADOR,25322.23,0.0,0.0
2026,6,THALES LUIZ PEIXOTO CAVALCANTE,VEREADOR,25322.23,0.0,0.0
2026,6,THIAGO PRADO OLIVEIRA SILVEIRA,VEREADOR,6330.55,0.0,0.0
2026,6,WARLLEN DAVID BEZERRA NASCIMENTO MESQUITA,VEREADOR,25322.23,0.0,0.0
2026,7,ALDO ROBERTO DA ROCHA LOUREIRO,VEREADOR,18991.68,0.0,0.0
2026,7,ALLAN PIERRE VASCONCELOS,VEREADOR,18991.68,0.0,0.0
2026,7,BRIVALDO MARQUES SILVA NETO,VEREADOR,18991.68,0.0,0.0
2026,7,CLAUDIO MOREIRA DA SILVA,VEREADOR,18991.68,0.0,0.0
2026,7,DAVID CABRAL DAVINO,VEREADOR,18991.68,0.0,0.0
2026,7,FRANCISCO HOLANDA COSTA FILHO,VEREADOR,18991.68,0.0,0.0
2026,7,GALBA NOVAIS DE CASTRO NETTO,VEREADOR,18991.68,0.0,0.0
2026,7,JEANNYNE BELTRAO LIMA SIQUEIRA,VEREADOR,18991.68,0.0,0.0
2026,7,JOAO LUIZ ROCHA,VEREADOR,18991.68,0.0,0.0
2026,7,JONATAS JOSE OLIVEIRA DE OMENA,VEREADOR,18991.68,0.0,0.0
2026,7,JOSE EDUARDO ACCIOLY CANUTO,VEREADOR,18991.68,0.0,0.0
2026,7,JOSE MARCIO DE MEDEIROS MAIA JUNIOR,VEREADOR,18991.68,0.0,0.0
2026,7,JOSE SIDERLANE ARAUJO DE MENDONCA,VEREADOR,18991.68,0.0,0.0
2026,7,KELMANN VIEIRA DE OLIVEIRA,VEREADOR,18991.68,0.0,0.0
2026,7,LEONARDO DA FONSECA DIAS,VEREADOR,18991.68,0.0,0.0
2026,7,LUCIANO MARINHO DA SILVA,VEREADOR,18991.68,0.0,0.0
2026,7,MARCELO PALMEIRA CAVALCANTE,VEREADOR,18991.68,0.0,0.0
2026,7,MARIA DE FATIMA GALINA FORTES FERREIRA SANTIAGO,VEREADOR,18991.68,0.0,0.0
2026,7,MILTON LUNA BARROS NETO,VEREADOR,18991.68,0.0,0.0
2026,7,OLIVIA COIMBRA TENORIO VILACA,VEREADOR,18991.68,0.0,0.0
2026,7,SAMYR MALTA AMARAL,VEREADOR,18991.68,0.0,0.0
2026,7,SILVANIA BATINGA DE OLIVEIRA BARBOSA,VEREADOR,12661.12,0.0,0.0
2026,7,SILVIO SAMPAIO CAMELO,VEREADOR,18991.68,0.0,0.0
2026,7,TACIO MELO DA SILVEIRA,VEREADOR,18991.68,0.0,0.0
2026,7,TEREZA NELMA PORTO VIANA SOARES,VEREADOR,18991.68,0.0,0.0
2026,7,THALES LUIZ PEIXOTO CAVALCANTE,VEREADOR,18991.68,0.0,0.0
2026,7,WARLLEN DAVID BEZERRA NASCIMENTO MESQUITA,VEREADOR,18991.68,0.0,0.0
2026,8,ALDO ROBERTO DA ROCHA LOUREIRO,VEREADOR,18991.68,0.0,0.0
2026,8,ALLAN PIERRE VASCONCELOS,VEREADOR,18991.68,0.0,0.0
2026,8,BRIVALDO MARQUES SILVA NETO,VEREADOR,18991.68,0.0,0.0
2026,8,CHARLES HEBERT CAVALCANTE FERREIRA,VEREADOR,11395.0,0.0,0.0
2026,8,CLAUDIO MOREIRA DA SILVA,VEREADOR,18991.68,0.0,0.0
2026,8,DAVID CABRAL DAVINO,VEREADOR,18991.68,0.0,0.0
2026,8,FRANCISCO HOLANDA COSTA FILHO,VEREADOR,18991.68,0.0,0.0
2026,8,GALBA NOVAIS DE CASTRO NETTO,VEREADOR,18991.68,0.0,0.0
2026,8,JEANNYNE BELTRAO LIMA SIQUEIRA,VEREADOR,18991.68,0.0,0.0
2026,8,JOAO LUIZ ROCHA,VEREADOR,6963.61,0.0,0.0
2026,8,JOAO VICTOR LOUREIRO PESSOA CATUNDA,VEREADOR,18991.68,0.0,0.0
2026,8,JONATAS JOSE OLIVEIRA DE OMENA,VEREADOR,18991.68,0.0,0.0
2026,8,JOSE EDUARDO ACCIOLY CANUTO,VEREADOR,18991.68,0.0,0.0
2026,8,JOSE MARCIO DE MEDEIROS MAIA JUNIOR,VEREADOR,18991.68,0.0,0.0
2026,8,JOSE SIDERLANE ARAUJO DE MENDONCA,VEREADOR,18991.68,0.0,0.0
2026,8,KELMANN VIEIRA DE OLIVEIRA,VEREADOR,18991.68,0.0,0.0
2026,8,LEONARDO DA FONSECA DIAS,VEREADOR,18991.68,0.0,0.0
2026,8,LUCIANO MARINHO DA SILVA,VEREADOR,18991.68,0.0,0.0
2026,8,MARCELO PALMEIRA CAVALCANTE,VEREADOR,18991.68,0.0,0.0
2026,8,MARCOS GERONIMO BATINGA DE OLIVEIRA BARBOSA,VEREADOR,25955.3,0.0,0.0
2026,8,MARIA DE FATIMA GALINA FORTES FERREIRA SANTIAGO,VEREADOR,18991.68,0.0,0.0
2026,8,MILTON LUNA BARROS NETO,VEREADOR,18991.68,0.0,0.0
2026,8,OLIVIA COIMBRA TENORIO VILACA,VEREADOR,18991.68,0.0,0.0
2026,8,SAMYR MALTA AMARAL,VEREADOR,18991.68,0.0,0.0
2026,8,SILVIO SAMPAIO CAMELO,VEREADOR,18991.68,0.0,0.0
2026,8,TACIO MELO DA SILVEIRA,VEREADOR,18991.68,0.0,0.0
2026,8,TEREZA NELMA PORTO VIANA SOARES,VEREADOR,8862.78,0.0,0.0
2026,8,THALES LUIZ PEIXOTO CAVALCANTE,VEREADOR,18991.68,0.0,0.0
2026,8,WARLLEN DAVID BEZERRA NASCIMENTO MESQUITA,VEREADOR,18991.68,0.0,0.0
2026,9,ALDO ROBERTO DA ROCHA LOUREIRO,VEREADOR,18991.68,0.0,0.0
2026,9,ALLAN PIERRE VASCONCELOS,VEREADOR,18991.68,0.0,0.0
2026,9,BRIVALDO MARQUES SILVA NETO,VEREADOR,18991.68,0.0,0.0
2026,9,CHARLES HEBERT CAVALCANTE FERREIRA,VEREADOR,18991.68,0.0,0.0
2026,9,CLAUDIO MOREIRA DA SILVA,VEREADOR,18991.68,0.0,0.0
2026,9,DAVID CABRAL DAVINO,VEREADOR,18991.68,0.0,0.0
2026,9,FRANCISCO HOLANDA COSTA FILHO,VEREADOR,18991.68,0.0,0.0
2026,9,GALBA NOVAIS DE CASTRO NETTO,VEREADOR,18991.68,0.0,0.0
2026,9,JEANNYNE BELTRAO LIMA SIQUEIRA,VEREADOR,18991.68,0.0,0.0
2026,9,JOAO VICTOR LOUREIRO PESSOA CATUNDA,VEREADOR,18991.68,0.0,0.0
2026,9,JONATAS JOSE OLIVEIRA DE OMENA,VEREADOR,18991.68,0.0,0.0
2026,9,JOSE EDUARDO ACCIOLY CANUTO,VEREADOR,18991.68,0.0,0.0
2026,9,JOSE MARCIO DE MEDEIROS MAIA JUNIOR,VEREADOR,18991.68,0.0,0.0
2026,9,JOSE SIDERLANE ARAUJO DE MENDONCA,VEREADOR,18991.68,0.0,0.0
2026,9,KELMANN VIEIRA DE OLIVEIRA,VEREADOR,18991.68,0.0,0.0
2026,9,LEONARDO DA FONSECA DIAS,VEREADOR,18991.68,0.0,0.0
2026,9,LUCIANO MARINHO DA SILVA,VEREADOR,18991.68,0.0,0.0
2026,9,MARCELO PALMEIRA CAVALCANTE,VEREADOR,18991.68,0.0,0.0
2026,9,MARCOS GERONIMO BATINGA DE OLIVEIRA BARBOSA,VEREADOR,18991.68,0.0,0.0
2026,9,MARIA DE FATIMA GALINA FORTES FERREIRA SANTIAGO,VEREADOR,18991.68,0.0,0.0
2026,9,MILTON LUNA BARROS NETO,VEREADOR,18991.68,0.0,0.0
2026,9,OLIVIA COIMBRA TENORIO VILACA,VEREADOR,18991.68,0.0,0.0
2026,9,SAMYR MALTA AMARAL,VEREADOR,18991.68,0.0,0.0
2026,9,SILVIO SAMPAIO CAMELO,VEREADOR,18991.68,0.0,0.0
2026,9,TACIO MELO DA SILVEIRA,VEREADOR,18991.68,0.0,0.0
2026,9,THALES LUIZ PEIXOTO CAVALCANTE,VEREADOR,18991.68,0.0,0.0
2026,9,WARLLEN DAVID BEZERRA NASCIMENTO MESQUITA,VEREADOR,18991.68,0.0,0.0
