id,nome,visto_em
3,Ana do Gás,2026-10-02
7,Edson Araújo,2026-10-02
12,Antônio Pereira,2026-10-02
17,Glalbert Cutrim,2026-10-02
19,Hemetério Weba,2026-10-02
26,Othelino Neto,2026-10-02
31,Ricardo Rios,2026-10-02
40,Wellington do Curso,2026-10-02
44,Jota Pinto,2026-10-02
45,Neto Evangelista,2026-10-02
49,Adelmo Soares,2026-10-02
50,Andreia M. Rezende,2026-10-02
51,Arnaldo Melo,2026-10-02
53,Daniella,2026-10-02
56,Dr. Yglésio,2026-10-02
58,Drª. Helena Duailibe,2026-10-02
66,Mical Damasceno,2026-10-02
67,Pará Figueiredo,2026-10-02
72,Ariston Ribeiro de Sousa,2026-10-02
79,Iracema Vale,2026-10-02
80,Carlos Lula,2026-10-02
81,Davi Brandão,2026-10-02
82,Florêncio Neto,2026-10-02
83,Fabiana Vilar,2026-10-02
84,Solange Almeida,2026-10-02
85,Francisco Nagib,2026-10-02
86,Aluízio Santos,2026-10-02
87,Osmar Filho,2026-10-02
88,Drª Vivianne,2026-10-02
89,Abigail Cunha,2026-10-02
90,Edna Silva,2026-10-02
91,Guilherme Paz,2026-10-02
92,Rodrigo Lago,2026-10-02
93,Fernando Braide,2026-10-02
94,Claudio Cunha,2026-10-02
95,Janaína,2026-10-02
96,Claudia Coutinho,2026-10-02
97,Junior França,2026-10-02
99,Julio Mendonça,2026-10-02
100,Leandro Bello,2026-10-02
101,Junior Cascaria,2026-10-02
102,Eric Costa,2026-10-02
103,Ricardo Arruda,2026-10-02
104,João Batista Segundo,2026-10-02
109,Fred Maia,2026-10-02
112,Catulé Júnior,2026-10-02
113,Kekê Teixeira,2026-10-02
114,Dalton Arruda,2026-10-02
115,Enos Henrique Nogueira Ferreira,2026-10-02
116,Sérgio Albuquerque,2026-10-02
