ano,mes,nome,cargo,lotacao,c01,c02,c03,c04,c05,c06,c07,c08,c09,c10
2025,1,ADAILTON MARTINS DE OLIVEIRA FILHO,Deputado,GABINETE DO DEPUTADO ADAILTON MARTINS,33006.39,9901.92,0.0,0.0,0.0,0.0,0.0,0.0,1050.0,43958.31
2025,1,CARLOS ALEXANDRE SANTOS COSTA,Deputado,GABINETE DO DEPUTADO PATO MARAVILHA,33006.39,9901.92,0.0,0.0,0.0,0.0,0.0,0.0,1050.0,43958.31
2025,1,CHRISTIANO ROGERIO REGO CAVALCANTE,Deputado,GABINETE DO DEPUTADO CRISTIANO CAVALCANTE,33006.39,9901.92,0.0,0.0,0.0,0.0,0.0,0.0,1050.0,43958.31
2025,1,CLAILTON BATISTA SANTOS,Deputado,GABINETE DO DEPUTADO KAKÁ SANTOS,33006.39,9901.92,0.0,0.0,0.0,0.0,0.0,0.0,1050.0,43958.31
2025,1,FRANCISCO CARLOS NOGUEIRA NASCIMENTO,Deputado,GABINETE DO DEPUTADO CHICO DO CORREIO,33006.39,9901.92,0.0,0.0,0.0,0.0,0.0,0.0,1050.0,43958.31
2025,1,GEORGEO ANTONIO CESPEDES PASSOS,Deputado,GABINETE DO DEPUTADO GEORGEO PASSOS,33006.39,9901.92,0.0,0.0,0.0,0.0,0.0,0.0,1050.0,43958.31
2025,1,IBRAIN SILVA MONTEIRO,Deputado,GABINETE DO DEPUTADO IBRAIN MONTEIRO,33006.39,9901.92,0.0,0.0,0.0,0.0,0.0,0.0,1050.0,43958.31
2025,1,JEFERSON LUIZ DE ANDRADE,Deputado Presidente,GABINETE DA PRESIDÊNCIA - GPR,33006.39,9901.92,0.0,0.0,0.0,0.0,0.0,0.0,1050.0,43958.31
2025,1,JORGE ARAUJO FILHO,Deputado,GABINETE DO DEPUTADO JORGINHO ARAUJO,33006.39,1980.38,0.0,0.0,0.0,0.0,0.0,0.0,210.0,35196.77
2025,1,JOSE BATALHA DE GOES NETO,Deputado,GABINETE DO DEPUTADO NETO BATALHA,33006.39,9901.92,0.0,0.0,0.0,0.0,0.0,0.0,1050.0,43958.31
2025,1,JOSE LUIZ DA MOTA CRUZ,Deputado,GABINETE DO DEPUTADO LUIZÃO DONATRAMPI,33006.39,9901.92,0.0,0.0,0.0,0.0,0.0,0.0,1050.0,43958.31
2025,1,JOSEFA ÁUREA DE SOUZA RIBEIRO,Deputado,GABINETE DA DEPUTADA AUREA RIBEIRO,33006.39,9901.92,0.0,0.0,0.0,0.0,0.0,0.0,1050.0,43958.31
2025,1,LEUDES ALVES DOS SANTOS NETO,Deputado,GABINETE DO DEPUTADO NETINHO GUIMARÃES,33006.39,9901.92,0.0,0.0,0.0,0.0,0.0,0.0,1050.0,43958.31
2025,1,LIDIANE CECILIA AZEVEDO CARVALHO LUCENA,Deputado,GABINETE DA DEPUTADA LIDIANE LUCENA,33006.39,9901.92,0.0,0.0,0.0,0.0,0.0,0.0,1050.0,43958.31
2025,1,LINDA BRASIL AZEVEDO SANTOS,Deputado,GABINETE DA DEPUTADA LINDA BRASIL,33006.39,9901.92,0.0,0.0,0.0,0.0,0.0,0.0,1050.0,43958.31
2025,1,LUCIANO AZEVEDO PIMENTEL,Deputado 2º Secretário,GABINETE DO DEPUTADO LUCIANO PIMENTEL,33006.39,9901.92,0.0,0.0,0.0,0.0,0.0,0.0,1050.0,43958.31
2025,1,LUCIANO BISPO DE LIMA,Deputado 1º Secretário,GABINETE DO DEPUTADO LUCIANO BISPO,33006.39,9901.92,0.0,0.0,0.0,0.0,0.0,0.0,1050.0,43958.31
2025,1,LUIZ GARIBALDE RABELO DE MENDONCA,Deputado Vice-Presidente,GABINETE DO DEPUTADO GARIBALDE MENDONÇA,33006.39,9901.92,0.0,0.0,0.0,0.0,0.0,0.0,1050.0,43958.31
2025,1,MAISA CRUZ MITIDIERI,Deputado 4º Secretário,GABINETE DA DEPUTADA MAISA MITIDIERI,33006.39,9901.92,0.0,0.0,0.0,0.0,0.0,0.0,1050.0,43958.31
2025,1,MANUEL MARCOS DOS SANTOS,Deputado,GABINETE DO DEPUTADO MANUEL MARCOS,33006.39,5941.15,0.0,0.0,0.0,0.0,0.0,0.0,630.0,39577.54
2025,1,MARCELO OLIVEIRA SOBRAL,Deputado 2º Secretário,GABINETE DO DEPUTADO MARCELO SOBRAL,33006.39,9901.92,0.0,0.0,0.0,0.0,0.0,0.0,1050.0,43958.31
2025,1,MARCOS VINICIUS LIMA DE OLIVEIRA,Deputado,GABINETE DO DEPUTADO MARCOS OLIVEIRA,33006.39,9901.92,0.0,0.0,0.0,0.0,0.0,0.0,1050.0,43958.31
2025,1,MARIA DO CARMO PAIVA DA SILVA,Deputado 3º Secretário,GABINETE DA DEPUTADA CARMINHA PAIVA,33006.39,9901.92,0.0,0.0,0.0,0.0,0.0,0.0,1050.0,43958.31
2025,1,PAULO ROBERTO DE SANTANA JUNIOR,Deputado 4º Secretário,GABINETE DO DEPUTADO PAULO JÚNIOR,33006.39,9901.92,0.0,0.0,0.0,0.0,0.0,0.0,1050.0,43958.31
2025,1,PRISCILLA LIMA DA COSTA PINTO,Deputado,GABINETE DA DEPUTADA KITTY LIMA,33006.39,0.0,0.0,0.0,0.0,0.0,0.0,0.0,1050.0,34056.39
2025,2,ADAILTON MARTINS DE OLIVEIRA FILHO,Deputado,GABINETE DO DEPUTADO ADAILTON MARTINS,34774.64,10432.39,0.0,0.0,0.0,0.0,0.0,0.0,1200.0,46407.03
2025,2,CARLOS ALEXANDRE SANTOS COSTA,Deputado,GABINETE DO DEPUTADO PATO MARAVILHA,34774.64,10432.39,0.0,0.0,0.0,0.0,0.0,0.0,1200.0,46407.03
2025,2,CHRISTIANO ROGERIO REGO CAVALCANTE,Deputado,GABINETE DO DEPUTADO CRISTIANO CAVALCANTE,34774.64,10432.39,0.0,0.0,0.0,0.0,0.0,0.0,1200.0,46407.03
2025,2,CLAILTON BATISTA SANTOS,Deputado,GABINETE DO DEPUTADO KAKÁ SANTOS,34774.64,10432.39,0.0,0.0,0.0,0.0,0.0,0.0,1200.0,46407.03
2025,2,FRANCISCO CARLOS NOGUEIRA NASCIMENTO,Deputado,GABINETE DO DEPUTADO CHICO DO CORREIO,34774.64,10432.39,0.0,0.0,0.0,0.0,0.0,0.0,1200.0,46407.03
2025,2,GEORGEO ANTONIO CESPEDES PASSOS,Deputado,GABINETE DO DEPUTADO GEORGEO PASSOS,34774.64,18452.39,0.0,0.0,0.0,0.0,0.0,0.0,1200.0,54427.03
2025,2,IBRAIN SILVA MONTEIRO,Deputado,GABINETE DO DEPUTADO IBRAIN MONTEIRO,34774.64,10432.39,0.0,0.0,0.0,0.0,0.0,0.0,1200.0,46407.03
2025,2,JEFERSON LUIZ DE ANDRADE,Deputado Presidente,GABINETE DA PRESIDÊNCIA - GPR,34774.64,10432.39,0.0,0.0,0.0,0.0,0.0,0.0,1200.0,46407.03
2025,2,JORGE ARAUJO FILHO,Deputado,GABINETE DO DEPUTADO JORGINHO ARAUJO,34774.64,0.0,0.0,0.0,0.0,0.0,0.0,0.0,1200.0,35974.64
2025,2,JOSE BATALHA DE GOES NETO,Deputado,GABINETE DO DEPUTADO NETO BATALHA,34774.64,10432.39,0.0,0.0,0.0,0.0,0.0,0.0,1200.0,46407.03
2025,2,JOSE LUIZ DA MOTA CRUZ,Deputado,GABINETE DO DEPUTADO LUIZÃO DONATRAMPI,34774.64,10432.39,0.0,0.0,0.0,0.0,0.0,0.0,1200.0,46407.03
2025,2,JOSEFA ÁUREA DE SOUZA RIBEIRO,Deputado,GABINETE DA DEPUTADA AUREA RIBEIRO,34774.64,10432.39,0.0,0.0,0.0,0.0,0.0,0.0,1200.0,46407.03
2025,2,LEUDES ALVES DOS SANTOS NETO,Deputado,GABINETE DO DEPUTADO NETINHO GUIMARÃES,34774.64,10432.39,0.0,0.0,0.0,0.0,0.0,0.0,1200.0,46407.03
2025,2,LIDIANE CECILIA AZEVEDO CARVALHO LUCENA,Deputado,GABINETE DA DEPUTADA LIDIANE LUCENA,34774.64,10432.39,0.0,0.0,0.0,0.0,0.0,0.0,1200.0,46407.03
2025,2,LINDA BRASIL AZEVEDO SANTOS,Deputado,GABINETE DA DEPUTADA LINDA BRASIL,34774.64,10432.39,0.0,0.0,0.0,0.0,0.0,0.0,1200.0,46407.03
2025,2,LUCIANO AZEVEDO PIMENTEL,Deputado 2º Secretário,GABINETE DO DEPUTADO LUCIANO PIMENTEL,34774.64,10432.39,0.0,0.0,0.0,0.0,0.0,0.0,1200.0,46407.03
2025,2,LUCIANO BISPO DE LIMA,Deputado 1º Secretário,GABINETE DO DEPUTADO LUCIANO BISPO,34774.64,10432.39,0.0,0.0,0.0,0.0,0.0,0.0,1200.0,46407.03
2025,2,LUIZ GARIBALDE RABELO DE MENDONCA,Deputado Vice-Presidente,GABINETE DO DEPUTADO GARIBALDE MENDONÇA,34774.64,10432.39,0.0,0.0,0.0,0.0,0.0,0.0,1200.0,46407.03
2025,2,MAISA CRUZ MITIDIERI,Deputado 4º Secretário,GABINETE DA DEPUTADA MAISA MITIDIERI,34774.64,10432.39,0.0,0.0,0.0,0.0,0.0,0.0,1200.0,46407.03
2025,2,MANUEL MARCOS DOS SANTOS,Deputado,GABINETE DO DEPUTADO MANUEL MARCOS,34774.54,10432.36,0.0,0.0,0.0,0.0,0.0,0.0,1200.0,46406.9
2025,2,MARCELO OLIVEIRA SOBRAL,Deputado 2º Secretário,GABINETE DO DEPUTADO MARCELO SOBRAL,34774.64,10432.39,0.0,0.0,0.0,0.0,0.0,0.0,1200.0,46407.03
2025,2,MARCOS VINICIUS LIMA DE OLIVEIRA,Deputado,GABINETE DO DEPUTADO MARCOS OLIVEIRA,34774.64,10432.39,0.0,0.0,0.0,0.0,0.0,0.0,1200.0,46407.03
2025,2,MARIA DO CARMO PAIVA DA SILVA,Deputado 3º Secretário,GABINETE DA DEPUTADA CARMINHA PAIVA,34774.64,10432.39,0.0,0.0,0.0,0.0,0.0,0.0,1200.0,46407.03
2025,2,PAULO ROBERTO DE SANTANA JUNIOR,Deputado 4º Secretário,GABINETE DO DEPUTADO PAULO JÚNIOR,34774.64,10432.39,0.0,0.0,0.0,0.0,0.0,0.0,1200.0,46407.03
2025,2,PRISCILLA LIMA DA COSTA PINTO,Deputado,GABINETE DA DEPUTADA KITTY LIMA,34774.64,5120.0,0.0,0.0,0.0,0.0,0.0,0.0,1200.0,41094.64
2025,3,ADAILTON MARTINS DE OLIVEIRA FILHO,Deputado,GABINETE DO DEPUTADO ADAILTON MARTINS,34774.64,10432.39,0.0,0.0,0.0,0.0,0.0,0.0,1200.0,46407.03
2025,3,CARLOS ALEXANDRE SANTOS COSTA,Deputado,GABINETE DO DEPUTADO PATO MARAVILHA,34774.64,10432.39,0.0,0.0,0.0,0.0,0.0,0.0,1200.0,46407.03
2025,3,CHRISTIANO ROGERIO REGO CAVALCANTE,Deputado,GABINETE DO DEPUTADO CRISTIANO CAVALCANTE,34774.64,14272.39,0.0,0.0,0.0,0.0,0.0,0.0,1200.0,50247.03
2025,3,CLAILTON BATISTA SANTOS,Deputado,GABINETE DO DEPUTADO KAKÁ SANTOS,34774.64,10432.39,0.0,0.0,0.0,0.0,0.0,0.0,1200.0,46407.03
2025,3,FRANCISCO CARLOS NOGUEIRA NASCIMENTO,Deputado,GABINETE DO DEPUTADO CHICO DO CORREIO,34774.64,14272.39,0.0,0.0,0.0,0.0,0.0,0.0,1200.0,50247.03
2025,3,GEORGEO ANTONIO CESPEDES PASSOS,Deputado,GABINETE DO DEPUTADO GEORGEO PASSOS,34774.64,11712.39,0.0,0.0,0.0,0.0,0.0,0.0,1200.0,47687.03
2025,3,IBRAIN SILVA MONTEIRO,Deputado,GABINETE DO DEPUTADO IBRAIN MONTEIRO,34774.64,10432.39,0.0,0.0,0.0,0.0,0.0,0.0,1200.0,46407.03
2025,3,JEFERSON LUIZ DE ANDRADE,Deputado Presidente,GABINETE DA PRESIDÊNCIA - GPR,34774.64,10432.39,0.0,0.0,0.0,0.0,0.0,0.0,1200.0,46407.03
2025,3,JORGE ARAUJO FILHO,Deputado,GABINETE DO DEPUTADO JORGINHO ARAUJO,34774.64,0.0,0.0,0.0,0.0,0.0,0.0,0.0,1200.0,35974.64
2025,3,JOSE BATALHA DE GOES NETO,Deputado,GABINETE DO DEPUTADO NETO BATALHA,34774.64,10432.39,0.0,0.0,0.0,0.0,0.0,0.0,1200.0,46407.03
2025,3,JOSE LUIZ DA MOTA CRUZ,Deputado,GABINETE DO DEPUTADO LUIZÃO DONATRAMPI,34774.64,10432.39,0.0,0.0,0.0,0.0,0.0,0.0,1200.0,46407.03
2025,3,JOSEFA ÁUREA DE SOUZA RIBEIRO,Deputado,GABINETE DA DEPUTADA AUREA RIBEIRO,34774.64,10432.39,0.0,0.0,0.0,0.0,0.0,0.0,1200.0,46407.03
2025,3,LEUDES ALVES DOS SANTOS NETO,Deputado,GABINETE DO DEPUTADO NETINHO GUIMARÃES,34774.64,10432.39,0.0,0.0,0.0,0.0,0.0,0.0,1200.0,46407.03
2025,3,LIDIANE CECILIA AZEVEDO CARVALHO LUCENA,Deputado,GABINETE DA DEPUTADA LIDIANE LUCENA,34774.64,18112.39,0.0,0.0,0.0,0.0,0.0,0.0,1200.0,54087.03
2025,3,LINDA BRASIL AZEVEDO SANTOS,Deputado,GABINETE DA DEPUTADA LINDA BRASIL,34774.64,10432.39,0.0,0.0,0.0,0.0,0.0,0.0,1200.0,46407.03
2025,3,LUCIANO AZEVEDO PIMENTEL,Deputado 2º Secretário,GABINETE DO DEPUTADO LUCIANO PIMENTEL,34774.64,12992.39,0.0,0.0,0.0,0.0,0.0,0.0,1200.0,48967.03
2025,3,LUCIANO BISPO DE LIMA,Deputado 1º Secretário,GABINETE DO DEPUTADO LUCIANO BISPO,34774.64,10432.39,0.0,0.0,0.0,0.0,0.0,0.0,1200.0,46407.03
2025,3,LUIZ GARIBALDE RABELO DE MENDONCA,Deputado Vice-Presidente,GABINETE DO DEPUTADO GARIBALDE MENDONÇA,34774.64,10432.39,0.0,0.0,0.0,0.0,0.0,0.0,1200.0,46407.03
2025,3,MAISA CRUZ MITIDIERI,Deputado 4º Secretário,GABINETE DA DEPUTADA MAISA MITIDIERI,34774.64,10432.39,0.0,0.0,0.0,0.0,0.0,0.0,1200.0,46407.03
2025,3,MANUEL MARCOS DOS SANTOS,Deputado,GABINETE DO DEPUTADO MANUEL MARCOS,34774.64,10432.39,0.0,0.0,0.0,0.0,0.0,0.0,1200.0,46407.03
2025,3,MARCELO OLIVEIRA SOBRAL,Deputado 2º Secretário,GABINETE DO DEPUTADO MARCELO SOBRAL,34774.64,10432.39,0.0,0.0,0.0,0.0,0.0,0.0,1200.0,46407.03
2025,3,MARCOS VINICIUS LIMA DE OLIVEIRA,Deputado,GABINETE DO DEPUTADO MARCOS OLIVEIRA,34774.64,12992.39,0.0,0.0,0.0,0.0,0.0,0.0,1200.0,48967.03
2025,3,MARIA DO CARMO PAIVA DA SILVA,Deputado 3º Secretário,GABINETE DA DEPUTADA CARMINHA PAIVA,34774.64,10432.39,0.0,0.0,0.0,0.0,0.0,0.0,1200.0,46407.03
2025,3,PAULO ROBERTO DE SANTANA JUNIOR,Deputado 4º Secretário,GABINETE DO DEPUTADO PAULO JÚNIOR,34774.64,10432.39,0.0,0.0,0.0,0.0,0.0,0.0,1200.0,46407.03
2025,3,PRISCILLA LIMA DA COSTA PINTO,Deputado,GABINETE DA DEPUTADA KITTY LIMA,34774.64,2560.0,0.0,0.0,0.0,0.0,0.0,0.0,1200.0,38534.64
2025,4,ADAILTON MARTINS DE OLIVEIRA FILHO,Deputado,GABINETE DO DEPUTADO ADAILTON MARTINS,34774.64,10432.39,0.0,0.0,0.0,0.0,0.0,0.0,1200.0,46407.03
2025,4,CARLOS ALEXANDRE SANTOS COSTA,Deputado,GABINETE DO DEPUTADO PATO MARAVILHA,34774.64,10432.39,0.0,0.0,0.0,0.0,0.0,0.0,1200.0,46407.03
2025,4,CHRISTIANO ROGERIO REGO CAVALCANTE,Deputado,GABINETE DO DEPUTADO CRISTIANO CAVALCANTE,34774.64,12992.39,0.0,0.0,0.0,0.0,0.0,0.0,1200.0,48967.03
2025,4,CLAILTON BATISTA SANTOS,Deputado,GABINETE DO DEPUTADO KAKÁ SANTOS,34774.64,10432.39,0.0,0.0,0.0,0.0,0.0,0.0,1200.0,46407.03
2025,4,FRANCISCO CARLOS NOGUEIRA NASCIMENTO,Deputado,GABINETE DO DEPUTADO CHICO DO CORREIO,34774.64,10432.39,0.0,0.0,0.0,0.0,0.0,0.0,1200.0,46407.03
2025,4,GEORGEO ANTONIO CESPEDES PASSOS,Deputado,GABINETE DO DEPUTADO GEORGEO PASSOS,34774.64,10432.39,0.0,0.0,0.0,0.0,0.0,0.0,1200.0,46407.03
2025,4,IBRAIN SILVA MONTEIRO,Deputado,GABINETE DO DEPUTADO IBRAIN MONTEIRO,34774.64,10432.39,0.0,0.0,0.0,0.0,0.0,0.0,1200.0,46407.03
2025,4,JEFERSON LUIZ DE ANDRADE,Deputado Presidente,GABINETE DA PRESIDÊNCIA - GPR,34774.64,12992.39,0.0,0.0,0.0,0.0,0.0,0.0,1200.0,48967.03
2025,4,JORGE ARAUJO FILHO,Deputado,GABINETE DO DEPUTADO JORGINHO ARAUJO,34774.64,0.0,0.0,0.0,0.0,0.0,0.0,0.0,1200.0,35974.64
2025,4,JOSE BATALHA DE GOES NETO,Deputado,GABINETE DO DEPUTADO NETO BATALHA,34774.64,14272.39,0.0,0.0,0.0,0.0,0.0,0.0,1200.0,50247.03
2025,4,JOSE LUIZ DA MOTA CRUZ,Deputado,GABINETE DO DEPUTADO LUIZÃO DONATRAMPI,34774.64,10432.39,0.0,0.0,0.0,0.0,0.0,0.0,1200.0,46407.03
2025,4,JOSEFA ÁUREA DE SOUZA RIBEIRO,Deputado,GABINETE DA DEPUTADA AUREA RIBEIRO,34774.64,10432.39,0.0,0.0,0.0,0.0,0.0,0.0,1200.0,46407.03
2025,4,LEUDES ALVES DOS SANTOS NETO,Deputado,GABINETE DO DEPUTADO NETINHO GUIMARÃES,34774.64,10432.39,0.0,0.0,0.0,0.0,0.0,0.0,1200.0,46407.03
2025,4,LIDIANE CECILIA AZEVEDO CARVALHO LUCENA,Deputado,GABINETE DA DEPUTADA LIDIANE LUCENA,34774.64,10432.39,0.0,0.0,0.0,0.0,0.0,0.0,1200.0,46407.03
2025,4,LINDA BRASIL AZEVEDO SANTOS,Deputado,GABINETE DA DEPUTADA LINDA BRASIL,34774.64,10432.39,0.0,0.0,0.0,0.0,0.0,0.0,1200.0,46407.03
2025,4,LUCIANO AZEVEDO PIMENTEL,Deputado 2º Secretário,GABINETE DO DEPUTADO LUCIANO PIMENTEL,34774.64,12992.39,0.0,0.0,0.0,0.0,0.0,0.0,1200.0,48967.03
2025,4,LUCIANO BISPO DE LIMA,Deputado 1º Secretário,GABINETE DO DEPUTADO LUCIANO BISPO,34774.64,11712.39,0.0,0.0,0.0,0.0,0.0,0.0,1200.0,47687.03
2025,4,LUIZ GARIBALDE RABELO DE MENDONCA,Deputado Vice-Presidente,GABINETE DO DEPUTADO GARIBALDE MENDONÇA,34774.64,10432.39,0.0,0.0,0.0,0.0,0.0,0.0,1200.0,46407.03
2025,4,MAISA CRUZ MITIDIERI,Deputado 4º Secretário,GABINETE DA DEPUTADA MAISA MITIDIERI,34774.64,16832.39,0.0,0.0,0.0,0.0,0.0,0.0,1200.0,52807.03
2025,4,MANUEL MARCOS DOS SANTOS,Deputado,GABINETE DO DEPUTADO MANUEL MARCOS,34774.64,10432.39,0.0,0.0,0.0,0.0,0.0,0.0,1200.0,46407.03
2025,4,MARCELO OLIVEIRA SOBRAL,Deputado 2º Secretário,GABINETE DO DEPUTADO MARCELO SOBRAL,34774.64,14272.39,0.0,0.0,0.0,0.0,0.0,0.0,1200.0,50247.03
2025,4,MARCOS VINICIUS LIMA DE OLIVEIRA,Deputado,GABINETE DO DEPUTADO MARCOS OLIVEIRA,34774.64,10432.39,0.0,0.0,0.0,0.0,0.0,0.0,1200.0,46407.03
2025,4,MARIA DO CARMO PAIVA DA SILVA,Deputado 3º Secretário,GABINETE DA DEPUTADA CARMINHA PAIVA,34774.64,10432.39,0.0,0.0,0.0,0.0,0.0,0.0,1200.0,46407.03
2025,4,PAULO ROBERTO DE SANTANA JUNIOR,Deputado 4º Secretário,GABINETE DO DEPUTADO PAULO JÚNIOR,34774.64,10432.39,0.0,0.0,0.0,0.0,0.0,0.0,1200.0,46407.03
2025,4,PRISCILLA LIMA DA COSTA PINTO,Deputado,GABINETE DA DEPUTADA KITTY LIMA,34774.64,2560.0,0.0,0.0,0.0,0.0,0.0,0.0,1200.0,38534.64
2025,5,ADAILTON MARTINS DE OLIVEIRA FILHO,Deputado,GABINETE DO DEPUTADO ADAILTON MARTINS,34774.64,10432.39,0.0,0.0,0.0,0.0,0.0,0.0,1200.0,46407.03
2025,5,CARLOS ALEXANDRE SANTOS COSTA,Deputado,GABINETE DO DEPUTADO PATO MARAVILHA,34774.64,10432.39,0.0,0.0,0.0,0.0,0.0,0.0,1200.0,46407.03
2025,5,CHRISTIANO ROGERIO REGO CAVALCANTE,Deputado,GABINETE DO DEPUTADO CRISTIANO CAVALCANTE,34774.64,10432.39,0.0,0.0,0.0,0.0,0.0,0.0,1200.0,46407.03
2025,5,CLAILTON BATISTA SANTOS,Deputado,GABINETE DO DEPUTADO KAKÁ SANTOS,34774.64,10432.39,0.0,0.0,0.0,0.0,0.0,0.0,1200.0,46407.03
2025,5,FRANCISCO CARLOS NOGUEIRA NASCIMENTO,Deputado,GABINETE DO DEPUTADO CHICO DO CORREIO,34774.64,10432.39,0.0,0.0,0.0,0.0,0.0,0.0,1200.0,46407.03
2025,5,GEORGEO ANTONIO CESPEDES PASSOS,Deputado,GABINETE DO DEPUTADO GEORGEO PASSOS,34774.64,10432.39,0.0,0.0,0.0,0.0,0.0,0.0,1200.0,46407.03
2025,5,IBRAIN SILVA MONTEIRO,Deputado,GABINETE DO DEPUTADO IBRAIN MONTEIRO,34774.64,10432.39,0.0,0.0,0.0,0.0,0.0,0.0,1200.0,46407.03
2025,5,JEFERSON LUIZ DE ANDRADE,Deputado Presidente,GABINETE DA PRESIDÊNCIA - GPR,34774.64,10432.39,0.0,0.0,0.0,0.0,0.0,0.0,1200.0,46407.03
2025,5,JORGE ARAUJO FILHO,Deputado,GABINETE DO DEPUTADO JORGINHO ARAUJO,34774.64,0.0,0.0,0.0,0.0,0.0,0.0,0.0,1200.0,35974.64
2025,5,JOSE BATALHA DE GOES NETO,Deputado,GABINETE DO DEPUTADO NETO BATALHA,34774.64,10432.39,0.0,0.0,0.0,0.0,0.0,0.0,1200.0,46407.03
2025,5,JOSE LUIZ DA MOTA CRUZ,Deputado,GABINETE DO DEPUTADO LUIZÃO DONATRAMPI,34774.64,10432.39,0.0,0.0,0.0,0.0,0.0,0.0,1200.0,46407.03
2025,5,JOSEFA ÁUREA DE SOUZA RIBEIRO,Deputado,GABINETE DA DEPUTADA AUREA RIBEIRO,34774.64,10432.39,0.0,0.0,0.0,0.0,0.0,0.0,1200.0,46407.03
2025,5,LEUDES ALVES DOS SANTOS NETO,Deputado,GABINETE DO DEPUTADO NETINHO GUIMARÃES,34774.64,10432.39,0.0,0.0,0.0,0.0,0.0,0.0,1200.0,46407.03
2025,5,LIDIANE CECILIA AZEVEDO CARVALHO LUCENA,Deputado,GABINETE DA DEPUTADA LIDIANE LUCENA,34774.64,10432.39,0.0,0.0,0.0,0.0,0.0,0.0,1200.0,46407.03
2025,5,LINDA BRASIL AZEVEDO SANTOS,Deputado,GABINETE DA DEPUTADA LINDA BRASIL,34774.64,10432.39,0.0,0.0,0.0,0.0,0.0,0.0,1200.0,46407.03
2025,5,LUCIANO AZEVEDO PIMENTEL,Deputado 2º Secretário,GABINETE DO DEPUTADO LUCIANO PIMENTEL,34774.64,10432.39,0.0,0.0,0.0,0.0,0.0,0.0,1200.0,46407.03
2025,5,LUCIANO BISPO DE LIMA,Deputado 1º Secretário,GABINETE DO DEPUTADO LUCIANO BISPO,34774.64,10432.39,0.0,0.0,0.0,0.0,0.0,0.0,1200.0,46407.03
2025,5,LUIZ GARIBALDE RABELO DE MENDONCA,Deputado Vice-Presidente,GABINETE DO DEPUTADO GARIBALDE MENDONÇA,34774.64,10432.39,0.0,0.0,0.0,0.0,0.0,0.0,1200.0,46407.03
2025,5,MAISA CRUZ MITIDIERI,Deputado 4º Secretário,GABINETE DA DEPUTADA MAISA MITIDIERI,34774.64,10432.39,0.0,0.0,0.0,0.0,0.0,0.0,1200.0,46407.03
2025,5,MANUEL MARCOS DOS SANTOS,Deputado,GABINETE DO DEPUTADO MANUEL MARCOS,34774.64,10432.39,0.0,0.0,0.0,0.0,0.0,0.0,1200.0,46407.03
2025,5,MARCELO OLIVEIRA SOBRAL,Deputado 2º Secretário,GABINETE DO DEPUTADO MARCELO SOBRAL,34774.64,10432.39,0.0,0.0,0.0,0.0,0.0,0.0,1200.0,46407.03
2025,5,MARCOS VINICIUS LIMA DE OLIVEIRA,Deputado,GABINETE DO DEPUTADO MARCOS OLIVEIRA,34774.64,10432.39,0.0,0.0,0.0,0.0,0.0,0.0,1200.0,46407.03
2025,5,MARIA DO CARMO PAIVA DA SILVA,Deputado 3º Secretário,GABINETE DA DEPUTADA CARMINHA PAIVA,34774.64,10432.39,0.0,0.0,0.0,0.0,0.0,0.0,1200.0,46407.03
2025,5,PAULO ROBERTO DE SANTANA JUNIOR,Deputado 4º Secretário,GABINETE DO DEPUTADO PAULO JÚNIOR,34774.64,10432.39,0.0,0.0,0.0,0.0,0.0,0.0,1200.0,46407.03
2025,5,PRISCILLA LIMA DA COSTA PINTO,Deputado,GABINETE DA DEPUTADA KITTY LIMA,34774.64,0.0,0.0,0.0,0.0,0.0,0.0,0.0,1200.0,35974.64
2025,6,ADAILTON MARTINS DE OLIVEIRA FILHO,Deputado,GABINETE DO DEPUTADO ADAILTON MARTINS,34774.64,10432.39,0.0,13849.53,0.0,0.0,0.0,0.0,1200.0,60256.56
2025,6,CARLOS ALEXANDRE SANTOS COSTA,Deputado,GABINETE DO DEPUTADO PATO MARAVILHA,34774.64,10432.39,0.0,15110.9,0.0,0.0,0.0,0.0,1200.0,61517.93
2025,6,CHRISTIANO ROGERIO REGO CAVALCANTE,Deputado,GABINETE DO DEPUTADO CRISTIANO CAVALCANTE,34774.64,15552.39,0.0,15084.83,0.0,0.0,0.0,0.0,1200.0,66611.86
2025,6,CLAILTON BATISTA SANTOS,Deputado,GABINETE DO DEPUTADO KAKÁ SANTOS,34774.64,14272.39,0.0,15023.96,0.0,0.0,0.0,0.0,1200.0,65270.99
2025,6,FRANCISCO CARLOS NOGUEIRA NASCIMENTO,Deputado,GABINETE DO DEPUTADO CHICO DO CORREIO,34774.64,15552.39,0.0,15084.83,0.0,0.0,0.0,0.0,1200.0,66611.86
2025,6,GEORGEO ANTONIO CESPEDES PASSOS,Deputado,GABINETE DO DEPUTADO GEORGEO PASSOS,34774.64,14272.39,0.0,15667.49,0.0,0.0,0.0,0.0,1200.0,65914.52
2025,6,IBRAIN SILVA MONTEIRO,Deputado,GABINETE DO DEPUTADO IBRAIN MONTEIRO,34774.64,14272.39,0.0,14078.16,0.0,0.0,0.0,0.0,1200.0,64325.19
2025,6,JEFERSON LUIZ DE ANDRADE,Deputado Presidente,GABINETE DA PRESIDÊNCIA - GPR,34774.64,10432.39,0.0,12638.82,0.0,0.0,0.0,0.0,1200.0,59045.85
2025,6,JORGE ARAUJO FILHO,Deputado,GABINETE DO DEPUTADO JORGINHO ARAUJO,34774.64,0.0,0.0,11329.16,0.0,0.0,0.0,0.0,1200.0,47303.8
2025,6,JOSE BATALHA DE GOES NETO,Deputado,GABINETE DO DEPUTADO NETO BATALHA,34774.64,15552.39,0.0,15084.83,0.0,0.0,0.0,0.0,1200.0,66611.86
2025,6,JOSE LUIZ DA MOTA CRUZ,Deputado,GABINETE DO DEPUTADO LUIZÃO DONATRAMPI,34774.64,10432.39,0.0,15084.83,0.0,0.0,0.0,0.0,1200.0,61491.86
2025,6,JOSEFA ÁUREA DE SOUZA RIBEIRO,Deputado,GABINETE DA DEPUTADA AUREA RIBEIRO,34774.64,10432.39,0.0,15084.83,0.0,0.0,0.0,0.0,1200.0,61491.86
2025,6,LEUDES ALVES DOS SANTOS NETO,Deputado,GABINETE DO DEPUTADO NETINHO GUIMARÃES,34774.64,10432.39,0.0,15084.83,0.0,0.0,0.0,0.0,1200.0,61491.86
2025,6,LIDIANE CECILIA AZEVEDO CARVALHO LUCENA,Deputado,GABINETE DA DEPUTADA LIDIANE LUCENA,34774.64,12992.39,0.0,15084.83,0.0,0.0,0.0,0.0,1200.0,64051.86
2025,6,LINDA BRASIL AZEVEDO SANTOS,Deputado,GABINETE DA DEPUTADA LINDA BRASIL,34774.64,10432.39,0.0,15084.83,0.0,0.0,0.0,0.0,1200.0,61491.86
2025,6,LUCIANO AZEVEDO PIMENTEL,Deputado 2º Secretário,GABINETE DO DEPUTADO LUCIANO PIMENTEL,34774.64,43818.89,0.0,11777.6,0.0,0.0,0.0,0.0,1200.0,91571.13
2025,6,LUCIANO BISPO DE LIMA,Deputado 1º Secretário,GABINETE DO DEPUTADO LUCIANO BISPO,34774.64,11712.39,0.0,11581.34,0.0,0.0,0.0,0.0,1200.0,59268.37
2025,6,LUIZ GARIBALDE RABELO DE MENDONCA,Deputado Vice-Presidente,GABINETE DO DEPUTADO GARIBALDE MENDONÇA,34774.64,11712.39,0.0,13849.53,0.0,0.0,0.0,0.0,1200.0,61536.56
2025,6,MAISA CRUZ MITIDIERI,Deputado 4º Secretário,GABINETE DA DEPUTADA MAISA MITIDIERI,34774.64,10432.39,0.0,13875.6,0.0,0.0,0.0,0.0,1200.0,60282.63
2025,6,MANUEL MARCOS DOS SANTOS,Deputado,GABINETE DO DEPUTADO MANUEL MARCOS,34774.64,15552.39,0.0,16647.51,0.0,0.0,0.0,0.0,1200.0,68174.54
2025,6,MARCELO OLIVEIRA SOBRAL,Deputado 2º Secretário,GABINETE DO DEPUTADO MARCELO SOBRAL,34774.64,10432.39,0.0,15084.83,0.0,0.0,0.0,0.0,1200.0,61491.86
2025,6,MARCOS VINICIUS LIMA DE OLIVEIRA,Deputado,GABINETE DO DEPUTADO MARCOS OLIVEIRA,34774.64,12992.39,0.0,15110.9,0.0,0.0,0.0,0.0,1200.0,64077.93
2025,6,MARIA DO CARMO PAIVA DA SILVA,Deputado 3º Secretário,GABINETE DA DEPUTADA CARMINHA PAIVA,34774.64,10432.39,0.0,15084.83,0.0,0.0,0.0,0.0,1200.0,61491.86
2025,6,PAULO ROBERTO DE SANTANA JUNIOR,Deputado 4º Secretário,GABINETE DO DEPUTADO PAULO JÚNIOR,34774.64,12992.39,0.0,16721.43,0.0,0.0,0.0,0.0,1200.0,65688.46
2025,6,PRISCILLA LIMA DA COSTA PINTO,Deputado,GABINETE DA DEPUTADA KITTY LIMA,34774.64,1280.0,0.0,11904.62,0.0,0.0,0.0,0.0,1200.0,49159.26
2025,7,ADAILTON MARTINS DE OLIVEIRA FILHO,Deputado,GABINETE DO DEPUTADO ADAILTON MARTINS,34774.64,10432.39,0.0,0.0,0.0,0.0,0.0,0.0,1200.0,46407.03
2025,7,CARLOS ALEXANDRE SANTOS COSTA,Deputado,GABINETE DO DEPUTADO PATO MARAVILHA,34774.64,10432.39,0.0,0.0,0.0,0.0,0.0,0.0,1200.0,46407.03
2025,7,CHRISTIANO ROGERIO REGO CAVALCANTE,Deputado,GABINETE DO DEPUTADO CRISTIANO CAVALCANTE,34774.64,10432.39,0.0,0.0,0.0,0.0,0.0,0.0,1200.0,46407.03
2025,7,CLAILTON BATISTA SANTOS,Deputado,GABINETE DO DEPUTADO KAKÁ SANTOS,34774.64,10432.39,0.0,0.0,0.0,0.0,0.0,0.0,1200.0,46407.03
2025,7,FRANCISCO CARLOS NOGUEIRA NASCIMENTO,Deputado,GABINETE DO DEPUTADO CHICO DO CORREIO,34774.64,10432.39,0.0,0.0,0.0,0.0,0.0,0.0,1200.0,46407.03
2025,7,GEORGEO ANTONIO CESPEDES PASSOS,Deputado,GABINETE DO DEPUTADO GEORGEO PASSOS,34774.64,10432.39,0.0,0.0,0.0,0.0,0.0,0.0,1200.0,46407.03
2025,7,IBRAIN SILVA MONTEIRO,Deputado,GABINETE DO DEPUTADO IBRAIN MONTEIRO,34774.64,10432.39,0.0,0.0,0.0,0.0,0.0,0.0,1200.0,46407.03
2025,7,JEFERSON LUIZ DE ANDRADE,Deputado Presidente,GABINETE DA PRESIDÊNCIA - GPR,34774.64,10432.39,0.0,0.0,0.0,0.0,0.0,0.0,1200.0,46407.03
2025,7,JORGE ARAUJO FILHO,Deputado,GABINETE DO DEPUTADO JORGINHO ARAUJO,34774.64,0.0,0.0,0.0,0.0,0.0,0.0,0.0,1200.0,35974.64
2025,7,JOSE BATALHA DE GOES NETO,Deputado,GABINETE DO DEPUTADO NETO BATALHA,34774.64,10432.39,0.0,0.0,0.0,0.0,0.0,0.0,1200.0,46407.03
2025,7,JOSE LUIZ DA MOTA CRUZ,Deputado,GABINETE DO DEPUTADO LUIZÃO DONATRAMPI,34774.64,10432.39,0.0,0.0,0.0,0.0,0.0,0.0,1200.0,46407.03
2025,7,JOSEFA ÁUREA DE SOUZA RIBEIRO,Deputado,GABINETE DA DEPUTADA AUREA RIBEIRO,34774.64,10432.39,0.0,0.0,0.0,0.0,0.0,0.0,1200.0,46407.03
2025,7,LEUDES ALVES DOS SANTOS NETO,Deputado,GABINETE DO DEPUTADO NETINHO GUIMARÃES,34774.64,10432.39,0.0,0.0,0.0,0.0,0.0,0.0,1200.0,46407.03
2025,7,LIDIANE CECILIA AZEVEDO CARVALHO LUCENA,Deputado,GABINETE DA DEPUTADA LIDIANE LUCENA,34774.64,10432.39,0.0,0.0,0.0,0.0,0.0,0.0,1200.0,46407.03
2025,7,LINDA BRASIL AZEVEDO SANTOS,Deputado,GABINETE DA DEPUTADA LINDA BRASIL,34774.64,10432.39,0.0,0.0,0.0,0.0,0.0,0.0,1200.0,46407.03
2025,7,LUCIANO AZEVEDO PIMENTEL,Deputado 2º Secretário,GABINETE DO DEPUTADO LUCIANO PIMENTEL,34774.64,10432.39,0.0,0.0,0.0,0.0,0.0,0.0,1200.0,46407.03
2025,7,LUCIANO BISPO DE LIMA,Deputado 1º Secretário,GABINETE DO DEPUTADO LUCIANO BISPO,34774.64,10432.39,0.0,0.0,0.0,0.0,0.0,0.0,1200.0,46407.03
2025,7,LUIZ GARIBALDE RABELO DE MENDONCA,Deputado Vice-Presidente,GABINETE DO DEPUTADO GARIBALDE MENDONÇA,34774.64,10432.39,0.0,0.0,0.0,0.0,0.0,0.0,1200.0,46407.03
2025,7,MAISA CRUZ MITIDIERI,Deputado 4º Secretário,GABINETE DA DEPUTADA MAISA MITIDIERI,34774.64,10432.39,0.0,0.0,0.0,0.0,0.0,0.0,1200.0,46407.03
2025,7,MANUEL MARCOS DOS SANTOS,Deputado,GABINETE DO DEPUTADO MANUEL MARCOS,34774.64,10432.39,0.0,0.0,0.0,0.0,0.0,0.0,1200.0,46407.03
2025,7,MARCELO OLIVEIRA SOBRAL,Deputado 2º Secretário,GABINETE DO DEPUTADO MARCELO SOBRAL,34774.64,10432.39,0.0,0.0,0.0,0.0,0.0,0.0,1200.0,46407.03
2025,7,MARCOS VINICIUS LIMA DE OLIVEIRA,Deputado,GABINETE DO DEPUTADO MARCOS OLIVEIRA,34774.64,10432.39,0.0,0.0,0.0,0.0,0.0,0.0,1200.0,46407.03
2025,7,MARIA DO CARMO PAIVA DA SILVA,Deputado 3º Secretário,GABINETE DA DEPUTADA CARMINHA PAIVA,34774.64,10432.39,0.0,0.0,0.0,0.0,0.0,0.0,1200.0,46407.03
2025,7,PAULO ROBERTO DE SANTANA JUNIOR,Deputado 4º Secretário,GABINETE DO DEPUTADO PAULO JÚNIOR,34774.64,10432.39,0.0,0.0,0.0,0.0,0.0,0.0,1200.0,46407.03
2025,7,PRISCILLA LIMA DA COSTA PINTO,Deputado,GABINETE DA DEPUTADA KITTY LIMA,34774.64,0.0,0.0,0.0,0.0,0.0,0.0,0.0,1200.0,35974.64
2025,8,ADAILTON MARTINS DE OLIVEIRA FILHO,Deputado,GABINETE DO DEPUTADO ADAILTON MARTINS,34774.64,10432.39,0.0,0.0,0.0,0.0,0.0,0.0,1200.0,46407.03
2025,8,CARLOS ALEXANDRE SANTOS COSTA,Deputado,GABINETE DO DEPUTADO PATO MARAVILHA,34774.64,10432.39,0.0,0.0,0.0,0.0,0.0,0.0,1200.0,46407.03
2025,8,CHRISTIANO ROGERIO REGO CAVALCANTE,Deputado,GABINETE DO DEPUTADO CRISTIANO CAVALCANTE,34774.64,29829.39,0.0,0.0,0.0,0.0,0.0,0.0,1200.0,65804.03
2025,8,CLAILTON BATISTA SANTOS,Deputado,GABINETE DO DEPUTADO KAKÁ SANTOS,34774.64,11712.39,0.0,0.0,0.0,0.0,0.0,0.0,1200.0,47687.03
2025,8,FRANCISCO CARLOS NOGUEIRA NASCIMENTO,Deputado,GABINETE DO DEPUTADO CHICO DO CORREIO,34774.64,10432.39,0.0,0.0,0.0,0.0,0.0,0.0,1200.0,46407.03
2025,8,GEORGEO ANTONIO CESPEDES PASSOS,Deputado,GABINETE DO DEPUTADO GEORGEO PASSOS,34774.64,10432.39,0.0,0.0,0.0,0.0,0.0,0.0,1200.0,46407.03
2025,8,IBRAIN SILVA MONTEIRO,Deputado,GABINETE DO DEPUTADO IBRAIN MONTEIRO,34774.64,10432.39,0.0,0.0,0.0,0.0,0.0,0.0,1200.0,46407.03
2025,8,JEFERSON LUIZ DE ANDRADE,Deputado Presidente,GABINETE DA PRESIDÊNCIA - GPR,34774.64,10432.39,0.0,0.0,0.0,0.0,0.0,0.0,1200.0,46407.03
2025,8,JORGE ARAUJO FILHO,Deputado,GABINETE DO DEPUTADO JORGINHO ARAUJO,34774.64,0.0,0.0,0.0,0.0,0.0,0.0,0.0,1200.0,35974.64
2025,8,JOSE BATALHA DE GOES NETO,Deputado,GABINETE DO DEPUTADO NETO BATALHA,34774.64,10432.39,0.0,0.0,0.0,0.0,0.0,0.0,1200.0,46407.03
2025,8,JOSE LUIZ DA MOTA CRUZ,Deputado,GABINETE DO DEPUTADO LUIZÃO DONATRAMPI,34774.64,10432.39,0.0,0.0,0.0,0.0,0.0,0.0,1200.0,46407.03
2025,8,JOSEFA ÁUREA DE SOUZA RIBEIRO,Deputado,GABINETE DA DEPUTADA AUREA RIBEIRO,34774.64,10432.39,0.0,0.0,0.0,0.0,0.0,0.0,1200.0,46407.03
2025,8,LEUDES ALVES DOS SANTOS NETO,Deputado,GABINETE DO DEPUTADO NETINHO GUIMARÃES,34774.64,10432.39,0.0,0.0,0.0,0.0,0.0,0.0,1200.0,46407.03
2025,8,LIDIANE CECILIA AZEVEDO CARVALHO LUCENA,Deputado,GABINETE DA DEPUTADA LIDIANE LUCENA,34774.64,10432.39,0.0,0.0,0.0,0.0,0.0,0.0,1200.0,46407.03
2025,8,LINDA BRASIL AZEVEDO SANTOS,Deputado,GABINETE DA DEPUTADA LINDA BRASIL,34774.64,10432.39,0.0,0.0,0.0,0.0,0.0,0.0,1200.0,46407.03
2025,8,LUCIANO AZEVEDO PIMENTEL,Deputado 2º Secretário,GABINETE DO DEPUTADO LUCIANO PIMENTEL,34774.64,12992.39,0.0,0.0,0.0,0.0,0.0,0.0,1200.0,48967.03
2025,8,LUCIANO BISPO DE LIMA,Deputado 1º Secretário,GABINETE DO DEPUTADO LUCIANO BISPO,34774.64,10432.39,0.0,0.0,0.0,0.0,0.0,0.0,1200.0,46407.03
2025,8,LUIZ GARIBALDE RABELO DE MENDONCA,Deputado Vice-Presidente,GABINETE DO DEPUTADO GARIBALDE MENDONÇA,34774.64,10432.39,0.0,0.0,0.0,0.0,0.0,0.0,1200.0,46407.03
2025,8,MAISA CRUZ MITIDIERI,Deputado 4º Secretário,GABINETE DA DEPUTADA MAISA MITIDIERI,34774.64,10432.39,0.0,0.0,0.0,0.0,0.0,0.0,1200.0,46407.03
2025,8,MANUEL MARCOS DOS SANTOS,Deputado,GABINETE DO DEPUTADO MANUEL MARCOS,34774.64,12992.39,0.0,0.0,0.0,0.0,0.0,0.0,1200.0,48967.03
2025,8,MARCELO OLIVEIRA SOBRAL,Deputado 2º Secretário,GABINETE DO DEPUTADO MARCELO SOBRAL,34774.64,12992.39,0.0,0.0,0.0,0.0,0.0,0.0,1200.0,48967.03
2025,8,MARCOS VINICIUS LIMA DE OLIVEIRA,Deputado,GABINETE DO DEPUTADO MARCOS OLIVEIRA,34774.64,15552.39,0.0,0.0,0.0,0.0,0.0,0.0,1200.0,51527.03
2025,8,MARIA DO CARMO PAIVA DA SILVA,Deputado 3º Secretário,GABINETE DA DEPUTADA CARMINHA PAIVA,34774.64,10432.39,0.0,0.0,0.0,0.0,0.0,0.0,1200.0,46407.03
2025,8,PAULO ROBERTO DE SANTANA JUNIOR,Deputado 4º Secretário,GABINETE DO DEPUTADO PAULO JÚNIOR,34774.64,10432.39,0.0,0.0,0.0,0.0,0.0,0.0,1200.0,46407.03
2025,8,PRISCILLA LIMA DA COSTA PINTO,Deputado,GABINETE DA DEPUTADA KITTY LIMA,34774.64,0.0,0.0,0.0,0.0,0.0,0.0,0.0,1200.0,35974.64
2025,9,ADAILTON MARTINS DE OLIVEIRA FILHO,Deputado,GABINETE DO DEPUTADO ADAILTON MARTINS,34774.64,10432.39,0.0,0.0,0.0,0.0,0.0,0.0,1200.0,46407.03
2025,9,CARLOS ALEXANDRE SANTOS COSTA,Deputado,GABINETE DO DEPUTADO PATO MARAVILHA,34774.64,10432.39,0.0,0.0,0.0,0.0,0.0,0.0,1200.0,46407.03
2025,9,CHRISTIANO ROGERIO REGO CAVALCANTE,Deputado,GABINETE DO DEPUTADO CRISTIANO CAVALCANTE,34774.64,10432.39,0.0,0.0,0.0,0.0,0.0,0.0,1200.0,46407.03
2025,9,CLAILTON BATISTA SANTOS,Deputado,GABINETE DO DEPUTADO KAKÁ SANTOS,34774.64,12992.39,0.0,0.0,0.0,0.0,0.0,0.0,1200.0,48967.03
2025,9,FRANCISCO CARLOS NOGUEIRA NASCIMENTO,Deputado,GABINETE DO DEPUTADO CHICO DO CORREIO,34774.64,10432.39,0.0,0.0,0.0,0.0,0.0,0.0,1200.0,46407.03
2025,9,GEORGEO ANTONIO CESPEDES PASSOS,Deputado,GABINETE DO DEPUTADO GEORGEO PASSOS,34774.64,11712.39,0.0,0.0,0.0,0.0,0.0,0.0,1200.0,47687.03
2025,9,IBRAIN SILVA MONTEIRO,Deputado,GABINETE DO DEPUTADO IBRAIN MONTEIRO,34774.64,10432.39,0.0,0.0,0.0,0.0,0.0,0.0,1200.0,46407.03
2025,9,JEFERSON LUIZ DE ANDRADE,Deputado Presidente,GABINETE DA PRESIDÊNCIA - GPR,34774.64,12992.39,0.0,0.0,0.0,0.0,0.0,0.0,1200.0,48967.03
2025,9,JORGE ARAUJO FILHO,Deputado,GABINETE DO DEPUTADO JORGINHO ARAUJO,34774.64,0.0,0.0,0.0,0.0,0.0,0.0,0.0,1200.0,35974.64
2025,9,JOSE BATALHA DE GOES NETO,Deputado,GABINETE DO DEPUTADO NETO BATALHA,34774.64,10432.39,0.0,0.0,0.0,0.0,0.0,0.0,1200.0,46407.03
2025,9,JOSE LUIZ DA MOTA CRUZ,Deputado,GABINETE DO DEPUTADO LUIZÃO DONATRAMPI,34774.64,14272.39,0.0,0.0,0.0,0.0,0.0,0.0,1200.0,50247.03
2025,9,JOSEFA ÁUREA DE SOUZA RIBEIRO,Deputado,GABINETE DA DEPUTADA AUREA RIBEIRO,34774.64,10432.39,0.0,0.0,0.0,0.0,0.0,0.0,1200.0,46407.03
2025,9,LEUDES ALVES DOS SANTOS NETO,Deputado,GABINETE DO DEPUTADO NETINHO GUIMARÃES,34774.64,10432.39,0.0,0.0,0.0,0.0,0.0,0.0,1200.0,46407.03
2025,9,LIDIANE CECILIA AZEVEDO CARVALHO LUCENA,Deputado,GABINETE DA DEPUTADA LIDIANE LUCENA,34774.64,18112.39,0.0,0.0,0.0,0.0,0.0,0.0,1200.0,54087.03
2025,9,LINDA BRASIL AZEVEDO SANTOS,Deputado,GABINETE DA DEPUTADA LINDA BRASIL,34774.64,10432.39,0.0,0.0,0.0,0.0,0.0,0.0,1200.0,46407.03
2025,9,LUCIANO AZEVEDO PIMENTEL,Deputado 2º Secretário,GABINETE DO DEPUTADO LUCIANO PIMENTEL,34774.64,15552.39,0.0,0.0,0.0,0.0,0.0,0.0,1200.0,51527.03
2025,9,LUCIANO BISPO DE LIMA,Deputado 1º Secretário,GABINETE DO DEPUTADO LUCIANO BISPO,34774.64,12992.39,0.0,0.0,0.0,0.0,0.0,0.0,1200.0,48967.03
2025,9,LUIZ GARIBALDE RABELO DE MENDONCA,Deputado Vice-Presidente,GABINETE DO DEPUTADO GARIBALDE MENDONÇA,34774.64,10432.39,0.0,0.0,0.0,0.0,0.0,0.0,1200.0,46407.03
2025,9,MAISA CRUZ MITIDIERI,Deputado 4º Secretário,GABINETE DA DEPUTADA MAISA MITIDIERI,34774.64,15552.39,0.0,0.0,0.0,0.0,0.0,0.0,1200.0,51527.03
2025,9,MANUEL MARCOS DOS SANTOS,Deputado,GABINETE DO DEPUTADO MANUEL MARCOS,34774.64,10432.39,0.0,0.0,0.0,0.0,0.0,0.0,1200.0,46407.03
2025,9,MARCELO OLIVEIRA SOBRAL,Deputado 2º Secretário,GABINETE DO DEPUTADO MARCELO SOBRAL,34774.64,10432.39,0.0,0.0,0.0,0.0,0.0,0.0,1200.0,46407.03
2025,9,MARCOS VINICIUS LIMA DE OLIVEIRA,Deputado,GABINETE DO DEPUTADO MARCOS OLIVEIRA,34774.64,11712.39,0.0,0.0,0.0,0.0,0.0,0.0,1200.0,47687.03
2025,9,MARIA DO CARMO PAIVA DA SILVA,Deputado 3º Secretário,GABINETE DA DEPUTADA CARMINHA PAIVA,34774.64,10432.39,0.0,0.0,0.0,0.0,0.0,0.0,1200.0,46407.03
2025,9,PAULO ROBERTO DE SANTANA JUNIOR,Deputado 4º Secretário,GABINETE DO DEPUTADO PAULO JÚNIOR,34774.64,10432.39,0.0,0.0,0.0,0.0,0.0,0.0,1200.0,46407.03
2025,9,PRISCILLA LIMA DA COSTA PINTO,Deputado,GABINETE DA DEPUTADA KITTY LIMA,34774.64,0.0,0.0,0.0,0.0,0.0,0.0,0.0,1200.0,35974.64
2025,10,ADAILTON MARTINS DE OLIVEIRA FILHO,Deputado,GABINETE DO DEPUTADO ADAILTON MARTINS,34774.64,10432.39,0.0,0.0,0.0,0.0,0.0,0.0,1200.0,46407.03
2025,10,CARLOS ALEXANDRE SANTOS COSTA,Deputado,GABINETE DO DEPUTADO PATO MARAVILHA,34774.64,10432.39,0.0,0.0,0.0,0.0,0.0,0.0,1200.0,46407.03
2025,10,CHRISTIANO ROGERIO REGO CAVALCANTE,Deputado,GABINETE DO DEPUTADO CRISTIANO CAVALCANTE,34774.64,10432.39,0.0,0.0,0.0,0.0,0.0,0.0,1200.0,46407.03
2025,10,CLAILTON BATISTA SANTOS,Deputado,GABINETE DO DEPUTADO KAKÁ SANTOS,34774.64,11712.39,0.0,0.0,0.0,0.0,0.0,0.0,1200.0,47687.03
2025,10,FRANCISCO CARLOS NOGUEIRA NASCIMENTO,Deputado,GABINETE DO DEPUTADO CHICO DO CORREIO,34774.64,10432.39,0.0,0.0,0.0,0.0,0.0,0.0,1200.0,46407.03
2025,10,GEORGEO ANTONIO CESPEDES PASSOS,Deputado,GABINETE DO DEPUTADO GEORGEO PASSOS,34774.64,14272.39,0.0,0.0,0.0,0.0,0.0,0.0,1200.0,50247.03
2025,10,IBRAIN SILVA MONTEIRO,Deputado,GABINETE DO DEPUTADO IBRAIN MONTEIRO,34774.64,10432.39,0.0,0.0,0.0,0.0,0.0,0.0,1200.0,46407.03
2025,10,JEFERSON LUIZ DE ANDRADE,Deputado Presidente,GABINETE DA PRESIDÊNCIA - GPR,34774.64,14272.39,0.0,0.0,0.0,0.0,0.0,0.0,1200.0,50247.03
2025,10,JORGE ARAUJO FILHO,Deputado,GABINETE DO DEPUTADO JORGINHO ARAUJO,34774.64,0.0,0.0,0.0,0.0,0.0,0.0,0.0,1200.0,35974.64
2025,10,JOSE BATALHA DE GOES NETO,Deputado,GABINETE DO DEPUTADO NETO BATALHA,34774.64,10432.39,0.0,0.0,0.0,0.0,0.0,0.0,1200.0,46407.03
2025,10,JOSE LUIZ DA MOTA CRUZ,Deputado,GABINETE DO DEPUTADO LUIZÃO DONATRAMPI,34774.64,10432.39,0.0,0.0,0.0,0.0,0.0,0.0,1200.0,46407.03
2025,10,JOSEFA ÁUREA DE SOUZA RIBEIRO,Deputado,GABINETE DA DEPUTADA AUREA RIBEIRO,34774.64,10432.39,0.0,0.0,0.0,0.0,0.0,0.0,1200.0,46407.03
2025,10,LEUDES ALVES DOS SANTOS NETO,Deputado,GABINETE DO DEPUTADO NETINHO GUIMARÃES,34774.64,10432.39,0.0,0.0,0.0,0.0,0.0,0.0,1200.0,46407.03
2025,10,LIDIANE CECILIA AZEVEDO CARVALHO LUCENA,Deputado,GABINETE DA DEPUTADA LIDIANE LUCENA,34774.64,14272.39,0.0,0.0,0.0,0.0,0.0,0.0,1200.0,50247.03
2025,10,LINDA BRASIL AZEVEDO SANTOS,Deputado,GABINETE DA DEPUTADA LINDA BRASIL,34774.64,10432.39,0.0,0.0,0.0,0.0,0.0,0.0,1200.0,46407.03
2025,10,LUCIANO AZEVEDO PIMENTEL,Deputado 2º Secretário,GABINETE DO DEPUTADO LUCIANO PIMENTEL,34774.64,10432.39,0.0,0.0,0.0,0.0,0.0,0.0,1200.0,46407.03
2025,10,LUCIANO BISPO DE LIMA,Deputado 1º Secretário,GABINETE DO DEPUTADO LUCIANO BISPO,34774.64,10432.39,0.0,0.0,0.0,0.0,0.0,0.0,1200.0,46407.03
2025,10,LUIZ GARIBALDE RABELO DE MENDONCA,Deputado Vice-Presidente,GABINETE DO DEPUTADO GARIBALDE MENDONÇA,34774.64,11712.39,0.0,0.0,0.0,0.0,0.0,0.0,1200.0,47687.03
2025,10,MAISA CRUZ MITIDIERI,Deputado 4º Secretário,GABINETE DA DEPUTADA MAISA MITIDIERI,34774.64,10432.39,0.0,0.0,0.0,0.0,0.0,0.0,1200.0,46407.03
2025,10,MANUEL MARCOS DOS SANTOS,Deputado,GABINETE DO DEPUTADO MANUEL MARCOS,34774.64,11712.39,0.0,0.0,0.0,0.0,0.0,0.0,1200.0,47687.03
2025,10,MARCELO OLIVEIRA SOBRAL,Deputado 2º Secretário,GABINETE DO DEPUTADO MARCELO SOBRAL,34774.64,10432.39,0.0,0.0,0.0,0.0,0.0,0.0,1200.0,46407.03
2025,10,MARCOS VINICIUS LIMA DE OLIVEIRA,Deputado,GABINETE DO DEPUTADO MARCOS OLIVEIRA,34774.64,10432.39,0.0,0.0,0.0,0.0,0.0,0.0,1200.0,46407.03
2025,10,MARIA DO CARMO PAIVA DA SILVA,Deputado 3º Secretário,GABINETE DA DEPUTADA CARMINHA PAIVA,34774.64,10432.39,0.0,0.0,0.0,0.0,0.0,0.0,1200.0,46407.03
2025,10,PAULO ROBERTO DE SANTANA JUNIOR,Deputado 4º Secretário,GABINETE DO DEPUTADO PAULO JÚNIOR,34774.64,14272.39,0.0,0.0,0.0,0.0,0.0,0.0,1200.0,50247.03
2025,10,PRISCILLA LIMA DA COSTA PINTO,Deputado,GABINETE DA DEPUTADA KITTY LIMA,34774.64,2560.0,0.0,0.0,0.0,0.0,0.0,0.0,1200.0,38534.64
2025,11,ADAILTON MARTINS DE OLIVEIRA FILHO,Deputado,GABINETE DO DEPUTADO ADAILTON MARTINS,34774.64,10432.39,0.0,0.0,0.0,0.0,0.0,0.0,1200.0,46407.03
2025,11,CARLOS ALEXANDRE SANTOS COSTA,Deputado,GABINETE DO DEPUTADO PATO MARAVILHA,34774.64,10432.39,0.0,0.0,0.0,0.0,0.0,0.0,1200.0,46407.03
2025,11,CHRISTIANO ROGERIO REGO CAVALCANTE,Deputado,GABINETE DO DEPUTADO CRISTIANO CAVALCANTE,34774.64,11712.39,0.0,0.0,0.0,0.0,0.0,0.0,1200.0,47687.03
2025,11,CLAILTON BATISTA SANTOS,Deputado,GABINETE DO DEPUTADO KAKÁ SANTOS,34774.64,11712.39,0.0,0.0,0.0,0.0,0.0,0.0,1200.0,47687.03
2025,11,FRANCISCO CARLOS NOGUEIRA NASCIMENTO,Deputado,GABINETE DO DEPUTADO CHICO DO CORREIO,34774.64,10432.39,0.0,0.0,0.0,0.0,0.0,0.0,1200.0,46407.03
2025,11,GEORGEO ANTONIO CESPEDES PASSOS,Deputado,GABINETE DO DEPUTADO GEORGEO PASSOS,34774.64,14272.39,0.0,0.0,0.0,0.0,0.0,0.0,1200.0,50247.03
2025,11,IBRAIN SILVA MONTEIRO,Deputado,GABINETE DO DEPUTADO IBRAIN MONTEIRO,34774.64,12992.39,0.0,0.0,0.0,0.0,0.0,0.0,1200.0,48967.03
2025,11,JEFERSON LUIZ DE ANDRADE,Deputado Presidente,GABINETE DA PRESIDÊNCIA - GPR,34774.64,10432.39,0.0,0.0,0.0,0.0,0.0,0.0,1200.0,46407.03
2025,11,JORGE ARAUJO FILHO,Deputado,GABINETE DO DEPUTADO JORGINHO ARAUJO,34774.64,0.0,0.0,0.0,0.0,0.0,0.0,0.0,1200.0,35974.64
2025,11,JOSE BATALHA DE GOES NETO,Deputado,GABINETE DO DEPUTADO NETO BATALHA,34774.64,16832.39,0.0,0.0,0.0,0.0,0.0,0.0,1200.0,52807.03
2025,11,JOSE LUIZ DA MOTA CRUZ,Deputado,GABINETE DO DEPUTADO LUIZÃO DONATRAMPI,34774.64,10432.39,0.0,0.0,0.0,0.0,0.0,0.0,1200.0,46407.03
2025,11,JOSEFA ÁUREA DE SOUZA RIBEIRO,Deputado,GABINETE DA DEPUTADA AUREA RIBEIRO,34774.64,10432.39,0.0,0.0,0.0,0.0,0.0,0.0,1200.0,46407.03
2025,11,LEUDES ALVES DOS SANTOS NETO,Deputado,GABINETE DO DEPUTADO NETINHO GUIMARÃES,34774.64,14272.39,0.0,0.0,0.0,0.0,0.0,0.0,1200.0,50247.03
2025,11,LIDIANE CECILIA AZEVEDO CARVALHO LUCENA,Deputado,GABINETE DA DEPUTADA LIDIANE LUCENA,34774.64,14272.39,0.0,0.0,0.0,0.0,0.0,0.0,1200.0,50247.03
2025,11,LINDA BRASIL AZEVEDO SANTOS,Deputado,GABINETE DA DEPUTADA LINDA BRASIL,34774.64,14272.39,0.0,0.0,0.0,0.0,0.0,0.0,1200.0,50247.03
2025,11,LUCIANO AZEVEDO PIMENTEL,Deputado 2º Secretário,GABINETE DO DEPUTADO LUCIANO PIMENTEL,34774.64,14272.39,0.0,0.0,0.0,0.0,0.0,0.0,1200.0,50247.03
2025,11,LUCIANO BISPO DE LIMA,Deputado 1º Secretário,GABINETE DO DEPUTADO LUCIANO BISPO,34774.64,10432.39,0.0,0.0,0.0,0.0,0.0,0.0,1200.0,46407.03
2025,11,LUIZ GARIBALDE RABELO DE MENDONCA,Deputado Vice-Presidente,GABINETE DO DEPUTADO GARIBALDE MENDONÇA,34774.64,10432.39,0.0,0.0,0.0,0.0,0.0,0.0,1200.0,46407.03
2025,11,MAISA CRUZ MITIDIERI,Deputado 4º Secretário,GABINETE DA DEPUTADA MAISA MITIDIERI,34774.64,10432.39,0.0,0.0,0.0,0.0,0.0,0.0,1200.0,46407.03
2025,11,MANUEL MARCOS DOS SANTOS,Deputado,GABINETE DO DEPUTADO MANUEL MARCOS,34774.64,14272.39,0.0,0.0,0.0,0.0,0.0,0.0,1200.0,50247.03
2025,11,MARCELO OLIVEIRA SOBRAL,Deputado 2º Secretário,GABINETE DO DEPUTADO MARCELO SOBRAL,34774.64,12992.39,0.0,0.0,0.0,0.0,0.0,0.0,1200.0,48967.03
2025,11,MARCOS VINICIUS LIMA DE OLIVEIRA,Deputado,GABINETE DO DEPUTADO MARCOS OLIVEIRA,34774.64,12992.39,0.0,0.0,0.0,0.0,0.0,0.0,1200.0,48967.03
2025,11,MARIA DO CARMO PAIVA DA SILVA,Deputado 3º Secretário,GABINETE DA DEPUTADA CARMINHA PAIVA,34774.64,10432.39,0.0,0.0,0.0,0.0,0.0,0.0,1200.0,46407.03
2025,11,PAULO ROBERTO DE SANTANA JUNIOR,Deputado 4º Secretário,GABINETE DO DEPUTADO PAULO JÚNIOR,34774.64,10432.39,0.0,0.0,0.0,0.0,0.0,0.0,1200.0,46407.03
2025,11,PRISCILLA LIMA DA COSTA PINTO,Deputado,GABINETE DA DEPUTADA KITTY LIMA,34774.64,5120.0,0.0,0.0,0.0,0.0,0.0,0.0,1200.0,41094.64
2025,12,ADAILTON MARTINS DE OLIVEIRA FILHO,Deputado,GABINETE DO DEPUTADO ADAILTON MARTINS,34774.64,10432.39,0.0,45207.03,0.0,0.0,0.0,0.0,1200.0,91614.06
2025,12,CARLOS ALEXANDRE SANTOS COSTA,Deputado,GABINETE DO DEPUTADO PATO MARAVILHA,34774.64,10432.39,0.0,45207.03,0.0,0.0,0.0,0.0,1200.0,91614.06
2025,12,CHRISTIANO ROGERIO REGO CAVALCANTE,Deputado,GABINETE DO DEPUTADO CRISTIANO CAVALCANTE,34774.64,10432.39,0.0,45207.03,0.0,0.0,0.0,0.0,1200.0,91614.06
2025,12,CLAILTON BATISTA SANTOS,Deputado,GABINETE DO DEPUTADO KAKÁ SANTOS,34774.64,10432.39,0.0,45207.03,0.0,0.0,0.0,0.0,1200.0,91614.06
2025,12,FRANCISCO CARLOS NOGUEIRA NASCIMENTO,Deputado,GABINETE DO DEPUTADO CHICO DO CORREIO,34774.64,10432.39,0.0,45207.03,0.0,0.0,0.0,0.0,1200.0,91614.06
2025,12,GEORGEO ANTONIO CESPEDES PASSOS,Deputado,GABINETE DO DEPUTADO GEORGEO PASSOS,34774.64,10432.39,0.0,45207.03,0.0,0.0,0.0,0.0,1200.0,91614.06
2025,12,IBRAIN SILVA MONTEIRO,Deputado,GABINETE DO DEPUTADO IBRAIN MONTEIRO,34774.64,10432.39,0.0,45207.03,0.0,0.0,0.0,0.0,1200.0,91614.06
2025,12,JEFERSON LUIZ DE ANDRADE,Deputado Presidente,GABINETE DA PRESIDÊNCIA - GPR,34774.64,10432.39,0.0,45207.03,0.0,0.0,0.0,0.0,1200.0,91614.06
2025,12,JORGE ARAUJO FILHO,Deputado,GABINETE DO DEPUTADO JORGINHO ARAUJO,34774.64,5216.19,0.0,34774.64,0.0,0.0,0.0,0.0,1200.0,75965.47
2025,12,JOSE BATALHA DE GOES NETO,Deputado,GABINETE DO DEPUTADO NETO BATALHA,34774.64,10432.39,0.0,45207.03,0.0,0.0,0.0,0.0,1200.0,91614.06
2025,12,JOSE LUIZ DA MOTA CRUZ,Deputado,GABINETE DO DEPUTADO LUIZÃO DONATRAMPI,34774.64,10432.39,0.0,45207.03,0.0,0.0,0.0,0.0,1200.0,91614.06
2025,12,JOSEFA ÁUREA DE SOUZA RIBEIRO,Deputado,GABINETE DA DEPUTADA AUREA RIBEIRO,34774.64,10432.39,0.0,45207.03,0.0,0.0,0.0,0.0,1200.0,91614.06
2025,12,LEUDES ALVES DOS SANTOS NETO,Deputado,GABINETE DO DEPUTADO NETINHO GUIMARÃES,34774.64,10432.39,0.0,45207.03,0.0,0.0,0.0,0.0,1200.0,91614.06
2025,12,LIDIANE CECILIA AZEVEDO CARVALHO LUCENA,Deputado,GABINETE DA DEPUTADA LIDIANE LUCENA,34774.64,10432.39,0.0,45207.03,0.0,0.0,0.0,0.0,1200.0,91614.06
2025,12,LINDA BRASIL AZEVEDO SANTOS,Deputado,GABINETE DA DEPUTADA LINDA BRASIL,34774.64,10432.39,0.0,45207.03,0.0,0.0,0.0,0.0,1200.0,91614.06
2025,12,LUCIANO AZEVEDO PIMENTEL,Deputado 2º Secretário,GABINETE DO DEPUTADO LUCIANO PIMENTEL,34774.64,10432.39,0.0,45207.03,0.0,0.0,0.0,0.0,1200.0,91614.06
2025,12,LUCIANO BISPO DE LIMA,Deputado 1º Secretário,GABINETE DO DEPUTADO LUCIANO BISPO,34774.64,10432.39,0.0,45207.03,0.0,0.0,0.0,0.0,1200.0,91614.06
2025,12,LUIZ GARIBALDE RABELO DE MENDONCA,Deputado Vice-Presidente,GABINETE DO DEPUTADO GARIBALDE MENDONÇA,34774.64,10432.39,0.0,45207.03,0.0,0.0,0.0,0.0,1200.0,91614.06
2025,12,MAISA CRUZ MITIDIERI,Deputado 4º Secretário,GABINETE DA DEPUTADA MAISA MITIDIERI,34774.64,10432.39,0.0,45207.03,0.0,0.0,0.0,0.0,1200.0,91614.06
2025,12,MARCELO OLIVEIRA SOBRAL,Deputado 2º Secretário,GABINETE DO DEPUTADO MARCELO SOBRAL,34774.64,10432.39,0.0,45207.03,0.0,0.0,0.0,0.0,1200.0,91614.06
2025,12,MARCOS VINICIUS LIMA DE OLIVEIRA,Deputado,GABINETE DO DEPUTADO MARCOS OLIVEIRA,34774.64,10432.39,0.0,45207.03,0.0,0.0,0.0,0.0,1200.0,91614.06
2025,12,MARIA DO CARMO PAIVA DA SILVA,Deputado 3º Secretário,GABINETE DA DEPUTADA CARMINHA PAIVA,34774.64,10432.39,0.0,45207.03,0.0,0.0,0.0,0.0,1200.0,91614.06
2025,12,PAULO ROBERTO DE SANTANA JUNIOR,Deputado 4º Secretário,GABINETE DO DEPUTADO PAULO JÚNIOR,34774.64,10432.39,0.0,45207.03,0.0,0.0,0.0,0.0,1200.0,91614.06
2025,12,PRISCILLA LIMA DA COSTA PINTO,Deputado,GABINETE DA DEPUTADA KITTY LIMA,34774.64,0.0,0.0,34774.64,0.0,0.0,0.0,0.0,1200.0,70749.28
2026,1,ADAILTON MARTINS DE OLIVEIRA FILHO,Deputado,GABINETE DO DEPUTADO ADAILTON MARTINS,34774.64,10432.39,0.0,0.0,0.0,0.0,0.0,0.0,1200.0,46407.03
2026,1,CARLOS ALEXANDRE SANTOS COSTA,Deputado,GABINETE DO DEPUTADO PATO MARAVILHA,34774.64,10432.39,0.0,0.0,0.0,0.0,0.0,0.0,1200.0,46407.03
2026,1,CHRISTIANO ROGERIO REGO CAVALCANTE,Deputado,GABINETE DO DEPUTADO CRISTIANO CAVALCANTE,34774.64,10432.39,0.0,0.0,0.0,0.0,0.0,0.0,1200.0,46407.03
2026,1,CLAILTON BATISTA SANTOS,Deputado,GABINETE DO DEPUTADO KAKÁ SANTOS,34774.64,10432.39,0.0,0.0,0.0,0.0,0.0,0.0,1200.0,46407.03
2026,1,FRANCISCO CARLOS NOGUEIRA NASCIMENTO,Deputado,GABINETE DO DEPUTADO CHICO DO CORREIO,34774.64,10432.39,0.0,0.0,0.0,0.0,0.0,0.0,1200.0,46407.03
2026,1,GEORGEO ANTONIO CESPEDES PASSOS,Deputado,GABINETE DO DEPUTADO GEORGEO PASSOS,34774.64,10432.39,0.0,0.0,0.0,0.0,0.0,0.0,1200.0,46407.03
2026,1,IBRAIN SILVA MONTEIRO,Deputado,GABINETE DO DEPUTADO IBRAIN DE VALMIR,34774.64,10432.39,0.0,0.0,0.0,0.0,0.0,0.0,1200.0,46407.03
2026,1,JEFERSON LUIZ DE ANDRADE,Deputado Presidente,GABINETE DO DEPUTADO JEFERSON ANDRADE,34774.64,10432.39,0.0,0.0,0.0,0.0,0.0,0.0,1200.0,46407.03
2026,1,JORGE ARAUJO FILHO,Deputado,GABINETE DO DEPUTADO JORGINHO ARAUJO,34774.64,10432.39,0.0,0.0,0.0,0.0,0.0,0.0,1200.0,46407.03
2026,1,JOSE BATALHA DE GOES NETO,Deputado,GABINETE DO DEPUTADO NETO BATALHA,34774.64,10432.39,0.0,0.0,0.0,0.0,0.0,0.0,1200.0,46407.03
2026,1,JOSE LUIZ DA MOTA CRUZ,Deputado,GABINETE DO DEPUTADO LUIZÃO DONATRAMPI,34774.64,10432.39,0.0,0.0,0.0,0.0,0.0,0.0,1200.0,46407.03
2026,1,JOSEFA ÁUREA DE SOUZA RIBEIRO,Deputado,GABINETE DA DEPUTADA AUREA RIBEIRO,34774.64,10432.39,0.0,0.0,0.0,0.0,0.0,0.0,1200.0,46407.03
2026,1,LEUDES ALVES DOS SANTOS NETO,Deputado,GABINETE DO DEPUTADO NETINHO GUIMARÃES,34774.64,10432.39,0.0,0.0,0.0,0.0,0.0,0.0,1200.0,46407.03
2026,1,LIDIANE CECILIA AZEVEDO CARVALHO LUCENA,Deputado,GABINETE DA DEPUTADA LIDIANE LUCENA,34774.64,10432.39,0.0,0.0,0.0,0.0,0.0,0.0,1200.0,46407.03
2026,1,LINDA BRASIL AZEVEDO SANTOS,Deputado,GABINETE DA DEPUTADA LINDA BRASIL,34774.64,10432.39,0.0,0.0,0.0,0.0,0.0,0.0,1200.0,46407.03
2026,1,LUCIANO AZEVEDO PIMENTEL,Deputado 2º Secretário,GABINETE DO DEPUTADO LUCIANO PIMENTEL,34774.64,10432.39,0.0,0.0,0.0,0.0,0.0,0.0,1200.0,46407.03
2026,1,LUCIANO BISPO DE LIMA,Deputado 1º Secretário,GABINETE DO DEPUTADO LUCIANO BISPO,34774.64,10432.39,0.0,0.0,0.0,0.0,0.0,0.0,1200.0,46407.03
2026,1,LUIZ GARIBALDE RABELO DE MENDONCA,Deputado Vice-Presidente,GABINETE DO DEPUTADO GARIBALDE MENDONÇA,34774.64,10432.39,0.0,0.0,0.0,0.0,0.0,0.0,1200.0,46407.03
2026,1,MAISA CRUZ MITIDIERI,Deputado 4º Secretário,GABINETE DA DEPUTADA MAISA MITIDIERI,34774.64,10432.39,0.0,0.0,0.0,0.0,0.0,0.0,1200.0,46407.03
2026,1,MARCELO OLIVEIRA SOBRAL,Deputado 2º Secretário,GABINETE DO DEPUTADO MARCELO SOBRAL,34774.64,10432.39,0.0,0.0,0.0,0.0,0.0,0.0,1200.0,46407.03
2026,1,MARCOS VINICIUS LIMA DE OLIVEIRA,Deputado,GABINETE DO DEPUTADO MARCOS OLIVEIRA,34774.64,10432.39,0.0,0.0,0.0,0.0,0.0,0.0,1200.0,46407.03
2026,1,MARIA DO CARMO PAIVA DA SILVA,Deputado 3º Secretário,GABINETE DA DEPUTADA CARMINHA PAIVA,34774.64,10432.39,0.0,0.0,0.0,0.0,0.0,0.0,1200.0,46407.03
2026,1,PAULO ROBERTO DE SANTANA JUNIOR,Deputado 4º Secretário,GABINETE DO DEPUTADO PAULO JÚNIOR,34774.64,10432.39,0.0,0.0,0.0,0.0,0.0,0.0,1200.0,46407.03
2026,1,PRISCILLA LIMA DA COSTA PINTO,Deputado,GABINETE DA DEPUTADA KITTY LIMA,34774.64,0.0,0.0,0.0,0.0,0.0,0.0,0.0,1200.0,35974.64
2026,2,ADAILTON MARTINS DE OLIVEIRA FILHO,Deputado,GABINETE DO DEPUTADO ADAILTON MARTINS,34774.64,10432.39,0.0,0.0,0.0,0.0,0.0,0.0,1200.0,46407.03
2026,2,CARLOS ALEXANDRE SANTOS COSTA,Deputado,GABINETE DO DEPUTADO PATO MARAVILHA,34774.64,10432.39,0.0,0.0,0.0,0.0,0.0,0.0,1200.0,46407.03
2026,2,CHRISTIANO ROGERIO REGO CAVALCANTE,Deputado,GABINETE DO DEPUTADO CRISTIANO CAVALCANTE,34774.64,10432.39,0.0,0.0,0.0,0.0,0.0,0.0,1200.0,46407.03
2026,2,CLAILTON BATISTA SANTOS,Deputado,GABINETE DO DEPUTADO KAKÁ SANTOS,34774.64,10432.39,0.0,0.0,0.0,0.0,0.0,0.0,1200.0,46407.03
2026,2,FRANCISCO CARLOS NOGUEIRA NASCIMENTO,Deputado,GABINETE DO DEPUTADO CHICO DO CORREIO,34774.64,10432.39,0.0,0.0,0.0,0.0,0.0,0.0,1200.0,46407.03
2026,2,GEORGEO ANTONIO CESPEDES PASSOS,Deputado,GABINETE DO DEPUTADO GEORGEO PASSOS,34774.64,10432.39,0.0,0.0,0.0,0.0,0.0,0.0,1200.0,46407.03
2026,2,IBRAIN SILVA MONTEIRO,Deputado,GABINETE DO DEPUTADO IBRAIN DE VALMIR,34774.64,10432.39,0.0,0.0,0.0,0.0,0.0,0.0,1200.0,46407.03
2026,2,JEFERSON LUIZ DE ANDRADE,Deputado Presidente,GABINETE DO DEPUTADO JEFERSON ANDRADE,34774.64,10432.39,0.0,0.0,0.0,0.0,0.0,0.0,1200.0,46407.03
2026,2,JORGE ARAUJO FILHO,Deputado,GABINETE DO DEPUTADO JORGINHO ARAUJO,34774.64,10432.39,0.0,0.0,0.0,0.0,0.0,0.0,1200.0,46407.03
2026,2,JOSE BATALHA DE GOES NETO,Deputado,GABINETE DO DEPUTADO NETO BATALHA,34774.64,10432.39,0.0,0.0,0.0,0.0,0.0,0.0,1200.0,46407.03
2026,2,JOSE LUIZ DA MOTA CRUZ,Deputado,GABINETE DO DEPUTADO LUIZÃO DONATRAMPI,34774.64,10432.39,0.0,0.0,0.0,0.0,0.0,0.0,1200.0,46407.03
2026,2,JOSEFA ÁUREA DE SOUZA RIBEIRO,Deputado,GABINETE DA DEPUTADA AUREA RIBEIRO,34774.64,10432.39,0.0,0.0,0.0,0.0,0.0,0.0,1200.0,46407.03
2026,2,LEUDES ALVES DOS SANTOS NETO,Deputado,GABINETE DO DEPUTADO NETINHO GUIMARÃES,34774.64,10432.39,0.0,0.0,0.0,0.0,0.0,0.0,1200.0,46407.03
2026,2,LIDIANE CECILIA AZEVEDO CARVALHO LUCENA,Deputado,GABINETE DA DEPUTADA LIDIANE LUCENA,34774.64,10432.39,0.0,0.0,0.0,0.0,0.0,0.0,1200.0,46407.03
2026,2,LINDA BRASIL AZEVEDO SANTOS,Deputado,GABINETE DA DEPUTADA LINDA BRASIL,34774.64,10432.39,0.0,0.0,0.0,0.0,0.0,0.0,1200.0,46407.03
2026,2,LUCIANO AZEVEDO PIMENTEL,Deputado 2º Secretário,GABINETE DO DEPUTADO LUCIANO PIMENTEL,34774.64,10432.39,0.0,0.0,0.0,0.0,0.0,0.0,1200.0,46407.03
2026,2,LUCIANO BISPO DE LIMA,Deputado 1º Secretário,GABINETE DO DEPUTADO LUCIANO BISPO,34774.64,10432.39,0.0,0.0,0.0,0.0,0.0,0.0,1200.0,46407.03
2026,2,LUIZ GARIBALDE RABELO DE MENDONCA,Deputado Vice-Presidente,GABINETE DO DEPUTADO GARIBALDE MENDONÇA,34774.64,10432.39,0.0,0.0,0.0,0.0,0.0,0.0,1200.0,46407.03
2026,2,MAISA CRUZ MITIDIERI,Deputado 4º Secretário,GABINETE DA DEPUTADA MAISA MITIDIERI,34774.64,10432.39,0.0,0.0,0.0,0.0,0.0,0.0,1200.0,46407.03
2026,2,MARCELO OLIVEIRA SOBRAL,Deputado 2º Secretário,GABINETE DO DEPUTADO MARCELO SOBRAL,34774.64,10432.39,0.0,0.0,0.0,0.0,0.0,0.0,1200.0,46407.03
2026,2,MARCOS VINICIUS LIMA DE OLIVEIRA,Deputado,GABINETE DO DEPUTADO MARCOS OLIVEIRA,34774.64,10432.39,0.0,0.0,0.0,0.0,0.0,0.0,1200.0,46407.03
2026,2,MARIA DO CARMO PAIVA DA SILVA,Deputado 3º Secretário,GABINETE DA DEPUTADA CARMINHA PAIVA,34774.64,10432.39,0.0,0.0,0.0,0.0,0.0,0.0,1200.0,46407.03
2026,2,PAULO ROBERTO DE SANTANA JUNIOR,Deputado 4º Secretário,GABINETE DO DEPUTADO PAULO JÚNIOR,34774.64,10432.39,0.0,0.0,0.0,0.0,0.0,0.0,1200.0,46407.03
2026,2,PRISCILLA LIMA DA COSTA PINTO,Deputado,GABINETE DA DEPUTADA KITTY LIMA,34774.64,0.0,0.0,0.0,0.0,0.0,0.0,0.0,1200.0,35974.64
2026,3,ADAILTON MARTINS DE OLIVEIRA FILHO,Deputado,GABINETE DO DEPUTADO ADAILTON MARTINS,34774.64,10432.39,0.0,0.0,0.0,0.0,0.0,0.0,1200.0,46407.03
2026,3,CARLOS ALEXANDRE SANTOS COSTA,Deputado,GABINETE DO DEPUTADO PATO MARAVILHA,34774.64,10432.39,0.0,0.0,0.0,0.0,0.0,0.0,1200.0,46407.03
2026,3,CHRISTIANO ROGERIO REGO CAVALCANTE,Deputado,GABINETE DO DEPUTADO CRISTIANO CAVALCANTE,34774.64,10432.39,0.0,0.0,0.0,0.0,0.0,0.0,1200.0,46407.03
2026,3,CLAILTON BATISTA SANTOS,Deputado,GABINETE DO DEPUTADO KAKÁ SANTOS,34774.64,10432.39,0.0,0.0,0.0,0.0,0.0,0.0,1200.0,46407.03
2026,3,FRANCISCO CARLOS NOGUEIRA NASCIMENTO,Deputado,GABINETE DO DEPUTADO CHICO DO CORREIO,34774.64,10432.39,0.0,0.0,0.0,0.0,0.0,0.0,1200.0,46407.03
2026,3,GEORGEO ANTONIO CESPEDES PASSOS,Deputado,GABINETE DO DEPUTADO GEORGEO PASSOS,34774.64,10432.39,0.0,0.0,0.0,0.0,0.0,0.0,1200.0,46407.03
2026,3,IBRAIN SILVA MONTEIRO,Deputado,GABINETE DO DEPUTADO IBRAIN DE VALMIR,34774.64,10432.39,0.0,0.0,0.0,0.0,0.0,0.0,1200.0,46407.03
2026,3,JEFERSON LUIZ DE ANDRADE,Deputado Presidente,GABINETE DO DEPUTADO JEFERSON ANDRADE,34774.64,10432.39,0.0,0.0,0.0,0.0,0.0,0.0,1200.0,46407.03
2026,3,JORGE ARAUJO FILHO,Deputado,GABINETE DO DEPUTADO JORGINHO ARAUJO,34774.64,10432.39,0.0,0.0,0.0,0.0,0.0,0.0,1200.0,46407.03
2026,3,JOSE BATALHA DE GOES NETO,Deputado,GABINETE DO DEPUTADO NETO BATALHA,34774.64,10432.39,0.0,0.0,0.0,0.0,0.0,0.0,1200.0,46407.03
2026,3,JOSE LUIZ DA MOTA CRUZ,Deputado,GABINETE DO DEPUTADO LUIZÃO DONATRAMPI,34774.64,10432.39,0.0,0.0,0.0,0.0,0.0,0.0,1200.0,46407.03
2026,3,JOSEFA ÁUREA DE SOUZA RIBEIRO,Deputado,GABINETE DA DEPUTADA AUREA RIBEIRO,34774.64,10432.39,0.0,0.0,0.0,0.0,0.0,0.0,1200.0,46407.03
2026,3,LEUDES ALVES DOS SANTOS NETO,Deputado,GABINETE DO DEPUTADO NETINHO GUIMARÃES,34774.64,10432.39,0.0,0.0,0.0,0.0,0.0,0.0,1200.0,46407.03
2026,3,LIDIANE CECILIA AZEVEDO CARVALHO LUCENA,Deputado,GABINETE DA DEPUTADA LIDIANE LUCENA,34774.64,10432.39,0.0,0.0,0.0,0.0,0.0,0.0,1200.0,46407.03
2026,3,LINDA BRASIL AZEVEDO SANTOS,Deputado,GABINETE DA DEPUTADA LINDA BRASIL,34774.64,10432.39,0.0,0.0,0.0,0.0,0.0,0.0,1200.0,46407.03
2026,3,LUCIANO AZEVEDO PIMENTEL,Deputado 2º Secretário,GABINETE DO DEPUTADO LUCIANO PIMENTEL,34774.64,10432.39,0.0,0.0,0.0,0.0,0.0,0.0,1200.0,46407.03
2026,3,LUCIANO BISPO DE LIMA,Deputado 1º Secretário,GABINETE DO DEPUTADO LUCIANO BISPO,34774.64,10432.39,0.0,0.0,0.0,0.0,0.0,0.0,1200.0,46407.03
2026,3,LUIZ GARIBALDE RABELO DE MENDONCA,Deputado Vice-Presidente,GABINETE DO DEPUTADO GARIBALDE MENDONÇA,34774.64,10432.39,0.0,0.0,0.0,0.0,0.0,0.0,1200.0,46407.03
2026,3,MAISA CRUZ MITIDIERI,Deputado 4º Secretário,GABINETE DA DEPUTADA MAISA MITIDIERI,34774.64,10432.39,0.0,0.0,0.0,0.0,0.0,0.0,1200.0,46407.03
2026,3,MARCELO OLIVEIRA SOBRAL,Deputado 2º Secretário,GABINETE DO DEPUTADO MARCELO SOBRAL,34774.64,10432.39,0.0,0.0,0.0,0.0,0.0,0.0,1200.0,46407.03
2026,3,MARCOS VINICIUS LIMA DE OLIVEIRA,Deputado,GABINETE DO DEPUTADO MARCOS OLIVEIRA,34774.64,10432.39,0.0,0.0,0.0,0.0,0.0,0.0,1200.0,46407.03
2026,3,MARIA DO CARMO PAIVA DA SILVA,Deputado 3º Secretário,GABINETE DA DEPUTADA CARMINHA PAIVA,34774.64,10432.39,0.0,0.0,0.0,0.0,0.0,0.0,1200.0,46407.03
2026,3,PAULO ROBERTO DE SANTANA JUNIOR,Deputado 4º Secretário,GABINETE DO DEPUTADO PAULO JÚNIOR,34774.64,10432.39,0.0,0.0,0.0,0.0,0.0,0.0,1200.0,46407.03
2026,3,PRISCILLA LIMA DA COSTA PINTO,Deputado,GABINETE DA DEPUTADA KITTY LIMA,34774.64,0.0,0.0,0.0,0.0,0.0,0.0,0.0,1200.0,35974.64
2026,4,ADAILTON MARTINS DE OLIVEIRA FILHO,Deputado,GABINETE DO DEPUTADO ADAILTON MARTINS,34774.64,10432.39,0.0,0.0,0.0,0.0,0.0,0.0,1200.0,46407.03
2026,4,CARLOS ALEXANDRE SANTOS COSTA,Deputado,GABINETE DO DEPUTADO PATO MARAVILHA,34774.64,23232.39,0.0,0.0,0.0,0.0,0.0,0.0,1200.0,59207.03
2026,4,CHRISTIANO ROGERIO REGO CAVALCANTE,Deputado,GABINETE DO DEPUTADO CRISTIANO CAVALCANTE,34774.64,12992.39,0.0,0.0,0.0,0.0,0.0,0.0,1200.0,48967.03
2026,4,CLAILTON BATISTA SANTOS,Deputado,GABINETE DO DEPUTADO KAKÁ SANTOS,34774.64,10432.39,0.0,0.0,0.0,0.0,0.0,0.0,1200.0,46407.03
2026,4,FRANCISCO CARLOS NOGUEIRA NASCIMENTO,Deputado,GABINETE DO DEPUTADO CHICO DO CORREIO,34774.64,10432.39,0.0,0.0,0.0,0.0,0.0,0.0,1200.0,46407.03
2026,4,GEORGEO ANTONIO CESPEDES PASSOS,Deputado,GABINETE DO DEPUTADO GEORGEO PASSOS,34774.64,20560.01,0.0,0.0,0.0,0.0,0.0,0.0,1200.0,56534.65
2026,4,IBRAIN SILVA MONTEIRO,Deputado,GABINETE DO DEPUTADO IBRAIN DE VALMIR,34774.64,10432.39,0.0,0.0,0.0,0.0,0.0,0.0,1200.0,46407.03
2026,4,JEFERSON LUIZ DE ANDRADE,Deputado Presidente,GABINETE DO DEPUTADO JEFERSON ANDRADE,34774.64,10432.39,0.0,0.0,0.0,0.0,0.0,0.0,840.0,46047.03
2026,4,JORGE ARAUJO FILHO,Deputado,GABINETE DO DEPUTADO JORGINHO ARAUJO,34774.64,10432.39,0.0,0.0,0.0,0.0,0.0,0.0,1200.0,46407.03
2026,4,JOSE BATALHA DE GOES NETO,Deputado,GABINETE DO DEPUTADO NETO BATALHA,34774.64,10432.39,0.0,0.0,0.0,0.0,0.0,0.0,1200.0,46407.03
2026,4,JOSE LUIZ DA MOTA CRUZ,Deputado,GABINETE DO DEPUTADO LUIZÃO DONATRAMPI,34774.64,10432.39,0.0,0.0,0.0,0.0,0.0,0.0,1200.0,46407.03
2026,4,JOSEFA ÁUREA DE SOUZA RIBEIRO,Deputado,GABINETE DA DEPUTADA AUREA RIBEIRO,34774.64,10432.39,0.0,0.0,0.0,0.0,0.0,0.0,1200.0,46407.03
2026,4,LEUDES ALVES DOS SANTOS NETO,Deputado,GABINETE DO DEPUTADO NETINHO GUIMARÃES,34774.64,10432.39,0.0,0.0,0.0,0.0,0.0,0.0,1200.0,46407.03
2026,4,LIDIANE CECILIA AZEVEDO CARVALHO LUCENA,Deputado,GABINETE DA DEPUTADA LIDIANE LUCENA,34774.64,20672.39,0.0,0.0,0.0,0.0,0.0,0.0,1200.0,56647.03
2026,4,LINDA BRASIL AZEVEDO SANTOS,Deputado,GABINETE DA DEPUTADA LINDA BRASIL,34774.64,10432.39,0.0,0.0,0.0,0.0,0.0,0.0,1200.0,46407.03
2026,4,LUCIANO AZEVEDO PIMENTEL,Deputado 2º Secretário,GABINETE DO DEPUTADO LUCIANO PIMENTEL,34774.64,12992.39,0.0,0.0,0.0,0.0,0.0,0.0,1200.0,48967.03
2026,4,LUCIANO BISPO DE LIMA,Deputado 1º Secretário,GABINETE DO DEPUTADO LUCIANO BISPO,34774.64,10432.39,0.0,0.0,0.0,0.0,0.0,0.0,1200.0,46407.03
2026,4,LUIZ GARIBALDE RABELO DE MENDONCA,Deputado Vice-Presidente,GABINETE DO DEPUTADO GARIBALDE MENDONÇA,34774.64,10432.39,0.0,0.0,0.0,0.0,0.0,0.0,1200.0,46407.03
2026,4,MAISA CRUZ MITIDIERI,Deputado 4º Secretário,GABINETE DA DEPUTADA MAISA MITIDIERI,34774.64,10432.39,0.0,0.0,0.0,0.0,0.0,0.0,1200.0,46407.03
2026,4,MARCELO OLIVEIRA SOBRAL,Deputado 2º Secretário,GABINETE DO DEPUTADO MARCELO SOBRAL,34774.64,10432.39,0.0,0.0,0.0,0.0,0.0,0.0,1200.0,46407.03
2026,4,MARCOS VINICIUS LIMA DE OLIVEIRA,Deputado,GABINETE DO DEPUTADO MARCOS OLIVEIRA,13909.85,10572.95,0.0,0.0,0.0,0.0,0.0,0.0,480.0,24962.8
2026,4,MARIA DO CARMO PAIVA DA SILVA,Deputado 3º Secretário,GABINETE DA DEPUTADA CARMINHA PAIVA,34774.64,12992.39,0.0,0.0,0.0,0.0,0.0,0.0,1200.0,48967.03
2026,4,PAULO ROBERTO DE SANTANA JUNIOR,Deputado 4º Secretário,GABINETE DO DEPUTADO PAULO JÚNIOR,34774.64,12992.39,0.0,0.0,0.0,0.0,0.0,0.0,1200.0,48967.03
2026,4,PRISCILLA LIMA DA COSTA PINTO,Deputado,GABINETE DA DEPUTADA KITTY LIMA,34774.64,3840.0,0.0,0.0,0.0,0.0,0.0,0.0,1200.0,39814.64
2026,5,ADAILTON MARTINS DE OLIVEIRA FILHO,Deputado,GABINETE DO DEPUTADO ADAILTON MARTINS,34774.64,10432.39,0.0,0.0,0.0,0.0,0.0,0.0,1200.0,46407.03
2026,5,CARLOS ALEXANDRE SANTOS COSTA,Deputado,GABINETE DO DEPUTADO PATO MARAVILHA,34774.64,10432.39,0.0,0.0,0.0,0.0,0.0,0.0,1200.0,46407.03
2026,5,CHRISTIANO ROGERIO REGO CAVALCANTE,Deputado,GABINETE DO DEPUTADO CRISTIANO CAVALCANTE,34774.64,11712.39,0.0,0.0,0.0,0.0,0.0,0.0,1200.0,47687.03
2026,5,CLAILTON BATISTA SANTOS,Deputado,GABINETE DO DEPUTADO KAKÁ SANTOS,34774.64,10432.39,0.0,0.0,0.0,0.0,0.0,0.0,1200.0,46407.03
2026,5,FRANCISCO CARLOS NOGUEIRA NASCIMENTO,Deputado,GABINETE DO DEPUTADO CHICO DO CORREIO,34774.64,10432.39,0.0,0.0,0.0,0.0,0.0,0.0,1200.0,46407.03
2026,5,GEORGEO ANTONIO CESPEDES PASSOS,Deputado,GABINETE DO DEPUTADO GEORGEO PASSOS,34774.64,10432.39,0.0,0.0,0.0,0.0,0.0,0.0,1200.0,46407.03
2026,5,IBRAIN SILVA MONTEIRO,Deputado,GABINETE DO DEPUTADO IBRAIN DE VALMIR,34774.64,10432.39,0.0,0.0,0.0,0.0,0.0,0.0,1200.0,46407.03
2026,5,JEFERSON LUIZ DE ANDRADE,Deputado Presidente,GABINETE DO DEPUTADO JEFERSON ANDRADE,34774.64,10432.39,0.0,0.0,0.0,0.0,0.0,0.0,1200.0,46407.03
2026,5,JORGE ARAUJO FILHO,Deputado,GABINETE DO DEPUTADO JORGINHO ARAUJO,34774.64,10432.39,0.0,0.0,0.0,0.0,0.0,0.0,1200.0,46407.03
2026,5,JOSE BATALHA DE GOES NETO,Deputado,GABINETE DO DEPUTADO NETO BATALHA,34774.64,14272.39,0.0,0.0,0.0,0.0,0.0,0.0,1200.0,50247.03
2026,5,JOSE LUIZ DA MOTA CRUZ,Deputado,GABINETE DO DEPUTADO LUIZÃO DONATRAMPI,34774.64,10432.39,0.0,0.0,0.0,0.0,0.0,0.0,1200.0,46407.03
2026,5,JOSEFA ÁUREA DE SOUZA RIBEIRO,Deputado,GABINETE DA DEPUTADA AUREA RIBEIRO,34774.64,10432.39,0.0,0.0,0.0,0.0,0.0,0.0,1200.0,46407.03
2026,5,LEUDES ALVES DOS SANTOS NETO,Deputado,GABINETE DO DEPUTADO NETINHO GUIMARÃES,34774.64,10432.39,0.0,0.0,0.0,0.0,0.0,0.0,1200.0,46407.03
2026,5,LIDIANE CECILIA AZEVEDO CARVALHO LUCENA,Deputado,GABINETE DA DEPUTADA LIDIANE LUCENA,34774.64,10432.39,0.0,0.0,0.0,0.0,0.0,0.0,1200.0,46407.03
2026,5,LINDA BRASIL AZEVEDO SANTOS,Deputado,GABINETE DA DEPUTADA LINDA BRASIL,34774.64,10432.39,0.0,0.0,0.0,0.0,0.0,0.0,1200.0,46407.03
2026,5,LUCIANO AZEVEDO PIMENTEL,Deputado 2º Secretário,GABINETE DO DEPUTADO LUCIANO PIMENTEL,34774.64,10432.39,0.0,0.0,0.0,0.0,0.0,0.0,1200.0,46407.03
2026,5,LUCIANO BISPO DE LIMA,Deputado 1º Secretário,GABINETE DO DEPUTADO LUCIANO BISPO,34774.64,10432.39,0.0,0.0,0.0,0.0,0.0,0.0,1200.0,46407.03
2026,5,LUIZ GARIBALDE RABELO DE MENDONCA,Deputado Vice-Presidente,GABINETE DO DEPUTADO GARIBALDE MENDONÇA,34774.64,10432.39,0.0,0.0,0.0,0.0,0.0,0.0,1200.0,46407.03
2026,5,MAISA CRUZ MITIDIERI,Deputado 4º Secretário,GABINETE DA DEPUTADA MAISA MITIDIERI,34774.64,14272.39,0.0,0.0,0.0,0.0,0.0,0.0,1200.0,50247.03
2026,5,MARCELO OLIVEIRA SOBRAL,Deputado 2º Secretário,GABINETE DO DEPUTADO MARCELO SOBRAL,34774.64,10432.39,0.0,0.0,0.0,0.0,0.0,0.0,1200.0,46407.03
2026,5,MARIA DAS GRACAS SOUZA GARCEZ,Deputado,GABINETE DA DEPUTADA GRACINHA GARCEZ,34774.64,19186.47,0.0,0.0,0.0,0.0,0.0,0.0,1200.0,73707.58
2026,5,MARIA DO CARMO PAIVA DA SILVA,Deputado 3º Secretário,GABINETE DA DEPUTADA CARMINHA PAIVA,34774.64,10432.39,0.0,0.0,0.0,0.0,0.0,0.0,1200.0,46407.03
2026,5,PAULO ROBERTO DE SANTANA JUNIOR,Deputado 4º Secretário,GABINETE DO DEPUTADO PAULO JÚNIOR,34774.64,10432.39,0.0,0.0,0.0,0.0,0.0,0.0,1200.0,46407.03
2026,5,PRISCILLA LIMA DA COSTA PINTO,Deputado,GABINETE DA DEPUTADA KITTY LIMA,34774.64,0.0,0.0,0.0,0.0,0.0,0.0,0.0,1200.0,35974.64
2026,6,ADAILTON MARTINS DE OLIVEIRA FILHO,Deputado,GABINETE DO DEPUTADO ADAILTON MARTINS,34774.64,10432.39,0.0,13844.97,0.0,0.0,0.0,0.0,1200.0,60252.0
2026,6,CARLOS ALEXANDRE SANTOS COSTA,Deputado,GABINETE DO DEPUTADO PATO MARAVILHA,34774.64,10432.39,0.0,15106.34,0.0,0.0,0.0,0.0,1200.0,61513.37
2026,6,CHRISTIANO ROGERIO REGO CAVALCANTE,Deputado,GABINETE DO DEPUTADO CRISTIANO CAVALCANTE,34774.64,10432.39,0.0,15080.27,0.0,0.0,0.0,0.0,1200.0,61487.3
2026,6,CLAILTON BATISTA SANTOS,Deputado,GABINETE DO DEPUTADO KAKÁ SANTOS,34774.64,10432.39,0.0,15019.4,0.0,0.0,0.0,0.0,1200.0,61426.43
2026,6,FRANCISCO CARLOS NOGUEIRA NASCIMENTO,Deputado,GABINETE DO DEPUTADO CHICO DO CORREIO,34774.64,10432.39,0.0,15080.27,0.0,0.0,0.0,0.0,1200.0,61487.3
2026,6,GEORGEO ANTONIO CESPEDES PASSOS,Deputado,GABINETE DO DEPUTADO GEORGEO PASSOS,34774.64,10432.39,0.0,15584.28,0.0,0.0,0.0,0.0,1200.0,61991.31
2026,6,IBRAIN SILVA MONTEIRO,Deputado,GABINETE DO DEPUTADO IBRAIN DE VALMIR,34774.64,10432.39,0.0,14073.53,0.0,0.0,0.0,0.0,1200.0,60480.56
2026,6,JEFERSON LUIZ DE ANDRADE,Deputado Presidente,GABINETE DO DEPUTADO JEFERSON ANDRADE,34774.64,10432.39,0.0,11994.31,0.0,0.0,0.0,0.0,1200.0,58401.34
2026,6,JORGE ARAUJO FILHO,Deputado,GABINETE DO DEPUTADO JORGINHO ARAUJO,34774.64,10432.39,0.0,15106.34,0.0,0.0,0.0,0.0,1200.0,61513.37
2026,6,JOSE BATALHA DE GOES NETO,Deputado,GABINETE DO DEPUTADO NETO BATALHA,34774.64,10432.39,0.0,15080.27,0.0,0.0,0.0,0.0,1200.0,61487.3
2026,6,JOSE LUIZ DA MOTA CRUZ,Deputado,GABINETE DO DEPUTADO LUIZÃO DONATRAMPI,34774.64,10432.39,0.0,15080.27,0.0,0.0,0.0,0.0,1200.0,61487.3
2026,6,JOSEFA ÁUREA DE SOUZA RIBEIRO,Deputado,GABINETE DA DEPUTADA AUREA RIBEIRO,34774.64,10432.39,0.0,15080.27,0.0,0.0,0.0,0.0,1200.0,61487.3
2026,6,LEUDES ALVES DOS SANTOS NETO,Deputado,GABINETE DO DEPUTADO NETINHO GUIMARÃES,34774.64,10432.39,0.0,15080.27,0.0,0.0,0.0,0.0,1200.0,61487.3
2026,6,LIDIANE CECILIA AZEVEDO CARVALHO LUCENA,Deputado,GABINETE DA DEPUTADA LIDIANE LUCENA,34774.64,10432.39,0.0,15080.27,0.0,0.0,0.0,0.0,1200.0,61487.3
2026,6,LINDA BRASIL AZEVEDO SANTOS,Deputado,GABINETE DA DEPUTADA LINDA BRASIL,34774.64,10432.39,0.0,15080.27,0.0,0.0,0.0,0.0,1200.0,61487.3
2026,6,LUCIANO AZEVEDO PIMENTEL,Deputado 2º Secretário,GABINETE DO DEPUTADO LUCIANO PIMENTEL,34774.64,10432.39,0.0,11186.12,0.0,0.0,0.0,0.0,1200.0,57593.15
2026,6,LUCIANO BISPO DE LIMA,Deputado 1º Secretário,GABINETE DO DEPUTADO LUCIANO BISPO,34774.64,10432.39,0.0,11200.58,0.0,0.0,0.0,0.0,1200.0,57607.61
2026,6,LUIZ GARIBALDE RABELO DE MENDONCA,Deputado Vice-Presidente,GABINETE DO DEPUTADO GARIBALDE MENDONÇA,34774.64,10432.39,0.0,13844.97,0.0,0.0,0.0,0.0,1200.0,60252.0
2026,6,MAISA CRUZ MITIDIERI,Deputado 4º Secretário,GABINETE DA DEPUTADA MAISA MITIDIERI,34774.64,10432.39,0.0,13844.97,0.0,0.0,0.0,0.0,1200.0,60252.0
2026,6,MARCELO OLIVEIRA SOBRAL,Deputado 2º Secretário,GABINETE DO DEPUTADO MARCELO SOBRAL,34774.64,10432.39,0.0,15080.27,0.0,0.0,0.0,0.0,1200.0,61487.3
2026,6,MARCOS VINICIUS LIMA DE OLIVEIRA,Deputado,GABINETE DO DEPUTADO MARCOS OLIVEIRA,34774.64,10432.39,0.0,7553.17,0.0,0.0,0.0,0.0,1200.0,53960.2
2026,6,MARIA DAS GRACAS SOUZA GARCEZ,Deputado,GABINETE DA DEPUTADA GRACINHA GARCEZ,34774.64,0.0,0.0,5950.03,0.0,0.0,0.0,0.0,1200.0,41924.67
2026,6,MARIA DO CARMO PAIVA DA SILVA,Deputado 3º Secretário,GABINETE DA DEPUTADA CARMINHA PAIVA,34774.64,10432.39,0.0,15080.27,0.0,0.0,0.0,0.0,1200.0,61487.3
2026,6,PAULO ROBERTO DE SANTANA JUNIOR,Deputado 4º Secretário,GABINETE DO DEPUTADO PAULO JÚNIOR,34774.64,10432.39,0.0,16721.43,0.0,0.0,0.0,0.0,1200.0,63128.46
2026,6,PRISCILLA LIMA DA COSTA PINTO,Deputado,GABINETE DA DEPUTADA KITTY LIMA,34774.64,0.0,0.0,11900.06,0.0,0.0,0.0,0.0,1200.0,47874.7
2026,7,ADAILTON MARTINS DE OLIVEIRA FILHO,Deputado,GABINETE DO DEPUTADO ADAILTON MARTINS,34774.64,10432.39,0.0,0.0,0.0,0.0,0.0,0.0,1200.0,46407.03
2026,7,CARLOS ALEXANDRE SANTOS COSTA,Deputado,GABINETE DO DEPUTADO PATO MARAVILHA,34774.64,10432.39,0.0,0.0,0.0,0.0,0.0,0.0,1200.0,46407.03
2026,7,CHRISTIANO ROGERIO REGO CAVALCANTE,Deputado,GABINETE DO DEPUTADO CRISTIANO CAVALCANTE,34774.64,10432.39,0.0,0.0,0.0,0.0,0.0,0.0,1200.0,46407.03
2026,7,CLAILTON BATISTA SANTOS,Deputado,GABINETE DO DEPUTADO KAKÁ SANTOS,34774.64,10432.39,0.0,0.0,0.0,0.0,0.0,0.0,1200.0,46407.03
2026,7,FRANCISCO CARLOS NOGUEIRA NASCIMENTO,Deputado,GABINETE DO DEPUTADO CHICO DO CORREIO,34774.64,10432.39,0.0,0.0,0.0,0.0,0.0,0.0,1200.0,46407.03
2026,7,GEORGEO ANTONIO CESPEDES PASSOS,Deputado,GABINETE DO DEPUTADO GEORGEO PASSOS,34774.64,10432.39,0.0,0.0,0.0,0.0,0.0,0.0,1200.0,46407.03
2026,7,IBRAIN SILVA MONTEIRO,Deputado,GABINETE DO DEPUTADO IBRAIN DE VALMIR,34774.64,10432.39,0.0,0.0,0.0,0.0,0.0,0.0,1200.0,46407.03
2026,7,JEFERSON LUIZ DE ANDRADE,Deputado Presidente,GABINETE DO DEPUTADO JEFERSON ANDRADE,34774.64,10432.39,0.0,0.0,0.0,0.0,0.0,0.0,1200.0,46407.03
2026,7,JORGE ARAUJO FILHO,Deputado,GABINETE DO DEPUTADO JORGINHO ARAUJO,34774.64,10432.39,0.0,0.0,0.0,0.0,0.0,0.0,1200.0,46407.03
2026,7,JOSE BATALHA DE GOES NETO,Deputado,GABINETE DO DEPUTADO NETO BATALHA,34774.64,10432.39,0.0,0.0,0.0,0.0,0.0,0.0,1200.0,46407.03
2026,7,JOSE LUIZ DA MOTA CRUZ,Deputado,GABINETE DO DEPUTADO LUIZÃO DONATRAMPI,34774.64,10432.39,0.0,0.0,0.0,0.0,0.0,0.0,1200.0,46407.03
2026,7,JOSEFA ÁUREA DE SOUZA RIBEIRO,Deputado,GABINETE DA DEPUTADA AUREA RIBEIRO,34774.64,10432.39,0.0,0.0,0.0,0.0,0.0,0.0,1200.0,46407.03
2026,7,LEUDES ALVES DOS SANTOS NETO,Deputado,GABINETE DO DEPUTADO NETINHO GUIMARÃES,34774.64,10432.39,0.0,0.0,0.0,0.0,0.0,0.0,1200.0,46407.03
2026,7,LIDIANE CECILIA AZEVEDO CARVALHO LUCENA,Deputado,GABINETE DA DEPUTADA LIDIANE LUCENA,34774.64,10432.39,0.0,0.0,0.0,0.0,0.0,0.0,1200.0,46407.03
2026,7,LINDA BRASIL AZEVEDO SANTOS,Deputado,GABINETE DA DEPUTADA LINDA BRASIL,34774.64,10432.39,0.0,0.0,0.0,0.0,0.0,0.0,1200.0,46407.03
2026,7,LUCIANO AZEVEDO PIMENTEL,Deputado 2º Secretário,GABINETE DO DEPUTADO LUCIANO PIMENTEL,34774.64,10432.39,0.0,0.0,0.0,0.0,0.0,0.0,1200.0,46407.03
2026,7,LUCIANO BISPO DE LIMA,Deputado 1º Secretário,GABINETE DO DEPUTADO LUCIANO BISPO,34774.64,10432.39,0.0,0.0,0.0,0.0,0.0,0.0,1200.0,46407.03
2026,7,LUIZ GARIBALDE RABELO DE MENDONCA,Deputado Vice-Presidente,GABINETE DO DEPUTADO GARIBALDE MENDONÇA,34774.64,10432.39,0.0,0.0,0.0,0.0,0.0,0.0,1200.0,46407.03
2026,7,MAISA CRUZ MITIDIERI,Deputado 4º Secretário,GABINETE DA DEPUTADA MAISA MITIDIERI,34774.64,10432.39,0.0,0.0,0.0,0.0,0.0,0.0,1200.0,46407.03
2026,7,MARCELO OLIVEIRA SOBRAL,Deputado 2º Secretário,GABINETE DO DEPUTADO MARCELO SOBRAL,34774.64,10432.39,0.0,0.0,0.0,0.0,0.0,0.0,1200.0,46407.03
2026,7,MARCOS VINICIUS LIMA DE OLIVEIRA,Deputado,GABINETE DO DEPUTADO MARCOS OLIVEIRA,34774.64,10432.39,0.0,0.0,0.0,0.0,0.0,0.0,1200.0,46407.03
2026,7,MARIA DAS GRACAS SOUZA GARCEZ,Deputado,GABINETE DA DEPUTADA GRACINHA GARCEZ,34774.64,10432.39,0.0,0.0,0.0,0.0,0.0,0.0,1200.0,46407.03
2026,7,MARIA DO CARMO PAIVA DA SILVA,Deputado 3º Secretário,GABINETE DA DEPUTADA CARMINHA PAIVA,34774.64,10432.39,0.0,0.0,0.0,0.0,0.0,0.0,1200.0,46407.03
2026,7,PAULO ROBERTO DE SANTANA JUNIOR,Deputado 4º Secretário,GABINETE DO DEPUTADO PAULO JÚNIOR,34774.64,10432.39,0.0,0.0,0.0,0.0,0.0,0.0,1200.0,46407.03
2026,7,PRISCILLA LIMA DA COSTA PINTO,Deputado,GABINETE DA DEPUTADA KITTY LIMA,34774.64,0.0,0.0,0.0,0.0,0.0,0.0,0.0,1200.0,35974.64
2026,8,ADAILTON MARTINS DE OLIVEIRA FILHO,Deputado,GABINETE DO DEPUTADO ADAILTON MARTINS,34774.64,10432.39,0.0,0.0,0.0,0.0,0.0,0.0,1200.0,46407.03
2026,8,CARLOS ALEXANDRE SANTOS COSTA,Deputado,GABINETE DO DEPUTADO PATO MARAVILHA,34774.64,10432.39,0.0,0.0,0.0,0.0,0.0,0.0,1200.0,46407.03
2026,8,CHRISTIANO ROGERIO REGO CAVALCANTE,Deputado,GABINETE DO DEPUTADO CRISTIANO CAVALCANTE,34774.64,10432.39,0.0,0.0,0.0,0.0,0.0,0.0,1200.0,46407.03
2026,8,CLAILTON BATISTA SANTOS,Deputado,GABINETE DO DEPUTADO KAKÁ SANTOS,34774.64,10432.39,0.0,0.0,0.0,0.0,0.0,0.0,1200.0,46407.03
2026,8,FRANCISCO CARLOS NOGUEIRA NASCIMENTO,Deputado,GABINETE DO DEPUTADO CHICO DO CORREIO,34774.64,10432.39,0.0,0.0,0.0,0.0,0.0,0.0,1200.0,46407.03
2026,8,GEORGEO ANTONIO CESPEDES PASSOS,Deputado,GABINETE DO DEPUTADO GEORGEO PASSOS,34774.64,10432.39,0.0,0.0,0.0,0.0,0.0,0.0,1200.0,46407.03
2026,8,IBRAIN SILVA MONTEIRO,Deputado,GABINETE DO DEPUTADO IBRAIN DE VALMIR,34774.64,10432.39,0.0,0.0,0.0,0.0,0.0,0.0,1200.0,46407.03
2026,8,JEFERSON LUIZ DE ANDRADE,Deputado Presidente,GABINETE DO DEPUTADO JEFERSON ANDRADE,34774.64,10432.39,0.0,0.0,0.0,0.0,0.0,0.0,1200.0,46407.03
2026,8,JORGE ARAUJO FILHO,Deputado,GABINETE DO DEPUTADO JORGINHO ARAUJO,34774.64,10432.39,0.0,0.0,0.0,0.0,0.0,0.0,1200.0,46407.03
2026,8,JOSE BATALHA DE GOES NETO,Deputado,GABINETE DO DEPUTADO NETO BATALHA,34774.64,10432.39,0.0,0.0,0.0,0.0,0.0,0.0,1200.0,46407.03
2026,8,JOSE LUIZ DA MOTA CRUZ,Deputado,GABINETE DO DEPUTADO LUIZÃO DONATRAMPI,34774.64,10432.39,0.0,0.0,0.0,0.0,0.0,0.0,1200.0,46407.03
2026,8,JOSEFA ÁUREA DE SOUZA RIBEIRO,Deputado,GABINETE DA DEPUTADA AUREA RIBEIRO,34774.64,10432.39,0.0,0.0,0.0,0.0,0.0,0.0,1200.0,46407.03
2026,8,LEUDES ALVES DOS SANTOS NETO,Deputado,GABINETE DO DEPUTADO NETINHO GUIMARÃES,34774.64,10432.39,0.0,0.0,0.0,0.0,0.0,0.0,1200.0,46407.03
2026,8,LIDIANE CECILIA AZEVEDO CARVALHO LUCENA,Deputado,GABINETE DA DEPUTADA LIDIANE LUCENA,34774.64,10432.39,0.0,0.0,0.0,0.0,0.0,0.0,1200.0,46407.03
2026,8,LINDA BRASIL AZEVEDO SANTOS,Deputado,GABINETE DA DEPUTADA LINDA BRASIL,34774.64,10432.39,0.0,0.0,0.0,0.0,0.0,0.0,1200.0,46407.03
2026,8,LUCIANO AZEVEDO PIMENTEL,Deputado 2º Secretário,GABINETE DO DEPUTADO LUCIANO PIMENTEL,34774.64,10432.39,0.0,0.0,0.0,0.0,0.0,0.0,1200.0,46407.03
2026,8,LUCIANO BISPO DE LIMA,Deputado 1º Secretário,GABINETE DO DEPUTADO LUCIANO BISPO,34774.64,10432.39,0.0,0.0,0.0,0.0,0.0,0.0,1200.0,46407.03
2026,8,LUIZ GARIBALDE RABELO DE MENDONCA,Deputado Vice-Presidente,GABINETE DO DEPUTADO GARIBALDE MENDONÇA,34774.64,10432.39,0.0,0.0,0.0,0.0,0.0,0.0,1200.0,46407.03
2026,8,MAISA CRUZ MITIDIERI,Deputado 4º Secretário,GABINETE DA DEPUTADA MAISA MITIDIERI,34774.64,10432.39,0.0,0.0,0.0,0.0,0.0,0.0,1200.0,46407.03
2026,8,MARCELO OLIVEIRA SOBRAL,Deputado 2º Secretário,GABINETE DO DEPUTADO MARCELO SOBRAL,34774.64,10432.39,0.0,0.0,0.0,0.0,0.0,0.0,1200.0,46407.03
2026,8,MARCOS VINICIUS LIMA DE OLIVEIRA,Deputado,GABINETE DO DEPUTADO MARCOS OLIVEIRA,34774.64,10432.39,0.0,0.0,0.0,0.0,0.0,0.0,1200.0,46407.03
2026,8,MARIA DO CARMO PAIVA DA SILVA,Deputado 3º Secretário,GABINETE DA DEPUTADA CARMINHA PAIVA,34774.64,10432.39,0.0,0.0,0.0,0.0,0.0,0.0,1200.0,46407.03
2026,8,PAULO ROBERTO DE SANTANA JUNIOR,Deputado 4º Secretário,GABINETE DO DEPUTADO PAULO JÚNIOR,34774.64,10432.39,0.0,0.0,0.0,0.0,0.0,0.0,1200.0,46407.03
2026,8,PRISCILLA LIMA DA COSTA PINTO,Deputado,GABINETE DA DEPUTADA KITTY LIMA,34774.64,0.0,0.0,0.0,0.0,0.0,0.0,0.0,1200.0,35974.64
