nome,visto_em,fonte
Alex Brasil,2026-10-07,https://www.alesc.sc.gov.br/deputados/
Altair Silva,2026-10-07,https://www.alesc.sc.gov.br/deputados/
Ana Campagnolo,2026-10-07,https://www.alesc.sc.gov.br/deputados/
Antídio Lunelli,2026-10-07,https://www.alesc.sc.gov.br/deputados/
Berlanda,2026-10-07,https://www.alesc.sc.gov.br/deputados/
Camilo Martins,2026-10-07,https://www.alesc.sc.gov.br/deputados/
Carlos Humberto,2026-10-07,https://www.alesc.sc.gov.br/deputados/
Carolline Sardá,2026-10-07,https://www.alesc.sc.gov.br/deputados/
Dr. Vicente Caropreso,2026-10-07,https://www.alesc.sc.gov.br/deputados/
Fabiano da Luz,2026-10-07,https://www.alesc.sc.gov.br/deputados/
Fernando Krelling,2026-10-07,https://www.alesc.sc.gov.br/deputados/
Ivan Naatz,2026-10-07,https://www.alesc.sc.gov.br/deputados/
Jair Miotto,2026-10-07,https://www.alesc.sc.gov.br/deputados/
Jerry Comper,2026-10-07,https://www.alesc.sc.gov.br/deputados/
Jessé Lopes,2026-10-07,https://www.alesc.sc.gov.br/deputados/
José Milton Scheffer,2026-10-07,https://www.alesc.sc.gov.br/deputados/
Julio Garcia,2026-10-07,https://www.alesc.sc.gov.br/deputados/
Junior Cardoso,2026-10-07,https://www.alesc.sc.gov.br/deputados/
Lucas Neves,2026-10-07,https://www.alesc.sc.gov.br/deputados/
Luciane Carminatti,2026-10-07,https://www.alesc.sc.gov.br/deputados/
Marcius Machado,2026-10-07,https://www.alesc.sc.gov.br/deputados/
Marcos Vieira,2026-10-07,https://www.alesc.sc.gov.br/deputados/
Marcos da Rosa,2026-10-07,https://www.alesc.sc.gov.br/deputados/
Matheus Cadorin,2026-10-07,https://www.alesc.sc.gov.br/deputados/
Mauro De Nadal,2026-10-07,https://www.alesc.sc.gov.br/deputados/
Maurício Eskudlark,2026-10-07,https://www.alesc.sc.gov.br/deputados/
Maurício Peixer,2026-10-07,https://www.alesc.sc.gov.br/deputados/
Mário Motta,2026-10-07,https://www.alesc.sc.gov.br/deputados/
Napoleão Bernardes,2026-10-07,https://www.alesc.sc.gov.br/deputados/
Neodi Saretta,2026-10-07,https://www.alesc.sc.gov.br/deputados/
Oscar Gutz,2026-10-07,https://www.alesc.sc.gov.br/deputados/
Padre Pedro Baldissera,2026-10-07,https://www.alesc.sc.gov.br/deputados/
Paulinha,2026-10-07,https://www.alesc.sc.gov.br/deputados/
Pepê Collaço,2026-10-07,https://www.alesc.sc.gov.br/deputados/
Rodrigo Minotto,2026-10-07,https://www.alesc.sc.gov.br/deputados/
Sargento Lima,2026-10-07,https://www.alesc.sc.gov.br/deputados/
Sergio Motta,2026-10-07,https://www.alesc.sc.gov.br/deputados/
Sérgio Guimarães,2026-10-07,https://www.alesc.sc.gov.br/deputados/
Tiago Zilli,2026-10-07,https://www.alesc.sc.gov.br/deputados/
Volnei Weber,2026-10-07,https://www.alesc.sc.gov.br/deputados/
