ano,mes,nome,valor,fonte
2026,1,Adevair Cabral,26406.99,"https://www.gp.srv.br/transparencia_cuiabacm/servlet/apdownload_manutencao?997,41"
2026,1,Alex Rodrigues,26406.99,"https://www.gp.srv.br/transparencia_cuiabacm/servlet/apdownload_manutencao?997,41"
2026,1,Baixinha Giraldelli,26406.99,"https://www.gp.srv.br/transparencia_cuiabacm/servlet/apdownload_manutencao?997,41"
2026,1,Cezinha Nascimento,26406.99,"https://www.gp.srv.br/transparencia_cuiabacm/servlet/apdownload_manutencao?997,41"
2026,1,Chico 2000,26406.99,"https://www.gp.srv.br/transparencia_cuiabacm/servlet/apdownload_manutencao?997,41"
2026,1,Daniel Monteiro,26406.99,"https://www.gp.srv.br/transparencia_cuiabacm/servlet/apdownload_manutencao?997,41"
2026,1,Demilson Nogueira,26406.99,"https://www.gp.srv.br/transparencia_cuiabacm/servlet/apdownload_manutencao?997,41"
2026,1,Dilemário Alencar,26406.99,"https://www.gp.srv.br/transparencia_cuiabacm/servlet/apdownload_manutencao?997,41"
2026,1,Dra. Mara,26406.99,"https://www.gp.srv.br/transparencia_cuiabacm/servlet/apdownload_manutencao?997,41"
2026,1,Dídimo Vovô,26406.99,"https://www.gp.srv.br/transparencia_cuiabacm/servlet/apdownload_manutencao?997,41"
2026,1,Eduardo Magalhães,26406.99,"https://www.gp.srv.br/transparencia_cuiabacm/servlet/apdownload_manutencao?997,41"
2026,1,Ilde Taques,26406.99,"https://www.gp.srv.br/transparencia_cuiabacm/servlet/apdownload_manutencao?997,41"
2026,1,Jeferson Siqueira,26406.99,"https://www.gp.srv.br/transparencia_cuiabacm/servlet/apdownload_manutencao?997,41"
2026,1,Katiuscia Manteli,26406.99,"https://www.gp.srv.br/transparencia_cuiabacm/servlet/apdownload_manutencao?997,41"
2026,1,Kássio Coelho,26406.99,"https://www.gp.srv.br/transparencia_cuiabacm/servlet/apdownload_manutencao?997,41"
2026,1,Marcrean Santos,26406.99,"https://www.gp.srv.br/transparencia_cuiabacm/servlet/apdownload_manutencao?997,41"
2026,1,Marcus Brito Junior,26406.99,"https://www.gp.srv.br/transparencia_cuiabacm/servlet/apdownload_manutencao?997,41"
2026,1,Maria Avalone,26406.99,"https://www.gp.srv.br/transparencia_cuiabacm/servlet/apdownload_manutencao?997,41"
2026,1,Maysa Leão,26406.99,"https://www.gp.srv.br/transparencia_cuiabacm/servlet/apdownload_manutencao?997,41"
2026,1,Michelly Alencar,26406.99,"https://www.gp.srv.br/transparencia_cuiabacm/servlet/apdownload_manutencao?997,41"
2026,1,Paula Calil,26406.99,"https://www.gp.srv.br/transparencia_cuiabacm/servlet/apdownload_manutencao?997,41"
2026,1,Prof. Mario Nadaf,26406.99,"https://www.gp.srv.br/transparencia_cuiabacm/servlet/apdownload_manutencao?997,41"
2026,1,Ranalli,26406.99,"https://www.gp.srv.br/transparencia_cuiabacm/servlet/apdownload_manutencao?997,41"
2026,1,Samantha Iris,26406.99,"https://www.gp.srv.br/transparencia_cuiabacm/servlet/apdownload_manutencao?997,41"
2026,1,Sargento Joelson,26406.99,"https://www.gp.srv.br/transparencia_cuiabacm/servlet/apdownload_manutencao?997,41"
2026,1,Tenente-Coronel Dias,26406.99,"https://www.gp.srv.br/transparencia_cuiabacm/servlet/apdownload_manutencao?997,41"
2026,1,Wilson Kero Kero,26406.99,"https://www.gp.srv.br/transparencia_cuiabacm/servlet/apdownload_manutencao?997,41"
2026,3,Adevair Cabral,26406.99,"https://www.gp.srv.br/transparencia_cuiabacm/servlet/apdownload_manutencao?998,41"
2026,3,Alex Rodrigues,26406.99,"https://www.gp.srv.br/transparencia_cuiabacm/servlet/apdownload_manutencao?998,41"
2026,3,Baixinha Giraldelli,26406.99,"https://www.gp.srv.br/transparencia_cuiabacm/servlet/apdownload_manutencao?998,41"
2026,3,Cezinha Nascimento,26406.99,"https://www.gp.srv.br/transparencia_cuiabacm/servlet/apdownload_manutencao?998,41"
2026,3,Daniel Monteiro,26406.99,"https://www.gp.srv.br/transparencia_cuiabacm/servlet/apdownload_manutencao?998,41"
2026,3,Demilson Nogueira,26406.99,"https://www.gp.srv.br/transparencia_cuiabacm/servlet/apdownload_manutencao?998,41"
2026,3,Dilemário Alencar,26406.99,"https://www.gp.srv.br/transparencia_cuiabacm/servlet/apdownload_manutencao?998,41"
2026,3,Dra. Mara,26406.99,"https://www.gp.srv.br/transparencia_cuiabacm/servlet/apdownload_manutencao?998,41"
2026,3,Dídimo Vovô,26406.99,"https://www.gp.srv.br/transparencia_cuiabacm/servlet/apdownload_manutencao?998,41"
2026,3,Eduardo Magalhães,26406.99,"https://www.gp.srv.br/transparencia_cuiabacm/servlet/apdownload_manutencao?998,41"
2026,3,Fellipe Pereira Correa,26406.99,"https://www.gp.srv.br/transparencia_cuiabacm/servlet/apdownload_manutencao?998,41"
2026,3,Ilde Taques,26406.99,"https://www.gp.srv.br/transparencia_cuiabacm/servlet/apdownload_manutencao?998,41"
2026,3,Jeferson Siqueira,26406.99,"https://www.gp.srv.br/transparencia_cuiabacm/servlet/apdownload_manutencao?998,41"
2026,3,Katiuscia Manteli,26406.99,"https://www.gp.srv.br/transparencia_cuiabacm/servlet/apdownload_manutencao?998,41"
2026,3,Kássio Coelho,26406.99,"https://www.gp.srv.br/transparencia_cuiabacm/servlet/apdownload_manutencao?998,41"
2026,3,Marcrean Santos,26406.99,"https://www.gp.srv.br/transparencia_cuiabacm/servlet/apdownload_manutencao?998,41"
2026,3,Marcus Brito Junior,26406.99,"https://www.gp.srv.br/transparencia_cuiabacm/servlet/apdownload_manutencao?998,41"
2026,3,Maria Avalone,26406.99,"https://www.gp.srv.br/transparencia_cuiabacm/servlet/apdownload_manutencao?998,41"
2026,3,Maysa Leão,26406.99,"https://www.gp.srv.br/transparencia_cuiabacm/servlet/apdownload_manutencao?998,41"
2026,3,Michelly Alencar,26406.99,"https://www.gp.srv.br/transparencia_cuiabacm/servlet/apdownload_manutencao?998,41"
2026,3,Paula Calil,26406.99,"https://www.gp.srv.br/transparencia_cuiabacm/servlet/apdownload_manutencao?998,41"
2026,3,Prof. Mario Nadaf,26406.99,"https://www.gp.srv.br/transparencia_cuiabacm/servlet/apdownload_manutencao?998,41"
2026,3,Ranalli,26406.99,"https://www.gp.srv.br/transparencia_cuiabacm/servlet/apdownload_manutencao?998,41"
2026,3,Samantha Iris,26406.99,"https://www.gp.srv.br/transparencia_cuiabacm/servlet/apdownload_manutencao?998,41"
2026,3,Sargento Joelson,26406.99,"https://www.gp.srv.br/transparencia_cuiabacm/servlet/apdownload_manutencao?998,41"
2026,3,Tenente-Coronel Dias,26406.99,"https://www.gp.srv.br/transparencia_cuiabacm/servlet/apdownload_manutencao?998,41"
2026,3,Wilson Kero Kero,26406.99,"https://www.gp.srv.br/transparencia_cuiabacm/servlet/apdownload_manutencao?998,41"
2026,5,Adevair Cabral,26406.99,"https://www.gp.srv.br/transparencia_cuiabacm/servlet/apdownload_manutencao?999,41"
2026,5,Alex Rodrigues,26406.99,"https://www.gp.srv.br/transparencia_cuiabacm/servlet/apdownload_manutencao?999,41"
2026,5,Baixinha Giraldelli,26406.99,"https://www.gp.srv.br/transparencia_cuiabacm/servlet/apdownload_manutencao?999,41"
2026,5,Cezinha Nascimento,26406.99,"https://www.gp.srv.br/transparencia_cuiabacm/servlet/apdownload_manutencao?999,41"
2026,5,Chico 2000,26406.99,"https://www.gp.srv.br/transparencia_cuiabacm/servlet/apdownload_manutencao?999,41"
2026,5,Daniel Monteiro,26406.99,"https://www.gp.srv.br/transparencia_cuiabacm/servlet/apdownload_manutencao?999,41"
2026,5,Demilson Nogueira,26406.99,"https://www.gp.srv.br/transparencia_cuiabacm/servlet/apdownload_manutencao?999,41"
2026,5,Dilemário Alencar,26406.99,"https://www.gp.srv.br/transparencia_cuiabacm/servlet/apdownload_manutencao?999,41"
2026,5,Dra. Mara,26406.99,"https://www.gp.srv.br/transparencia_cuiabacm/servlet/apdownload_manutencao?999,41"
2026,5,Dídimo Vovô,26406.99,"https://www.gp.srv.br/transparencia_cuiabacm/servlet/apdownload_manutencao?999,41"
2026,5,Eduardo Magalhães,26406.99,"https://www.gp.srv.br/transparencia_cuiabacm/servlet/apdownload_manutencao?999,41"
2026,5,Ilde Taques,26406.99,"https://www.gp.srv.br/transparencia_cuiabacm/servlet/apdownload_manutencao?999,41"
2026,5,Jeferson Siqueira,26406.99,"https://www.gp.srv.br/transparencia_cuiabacm/servlet/apdownload_manutencao?999,41"
2026,5,Katiuscia Manteli,26406.99,"https://www.gp.srv.br/transparencia_cuiabacm/servlet/apdownload_manutencao?999,41"
2026,5,Kássio Coelho,26406.99,"https://www.gp.srv.br/transparencia_cuiabacm/servlet/apdownload_manutencao?999,41"
2026,5,Marcrean Santos,26406.99,"https://www.gp.srv.br/transparencia_cuiabacm/servlet/apdownload_manutencao?999,41"
2026,5,Marcus Brito Junior,26406.99,"https://www.gp.srv.br/transparencia_cuiabacm/servlet/apdownload_manutencao?999,41"
2026,5,Maria Avalone,26406.99,"https://www.gp.srv.br/transparencia_cuiabacm/servlet/apdownload_manutencao?999,41"
2026,5,Maysa Leão,26406.99,"https://www.gp.srv.br/transparencia_cuiabacm/servlet/apdownload_manutencao?999,41"
2026,5,Michelly Alencar,26406.99,"https://www.gp.srv.br/transparencia_cuiabacm/servlet/apdownload_manutencao?999,41"
2026,5,Paula Calil,26406.99,"https://www.gp.srv.br/transparencia_cuiabacm/servlet/apdownload_manutencao?999,41"
2026,5,Prof. Mario Nadaf,26406.99,"https://www.gp.srv.br/transparencia_cuiabacm/servlet/apdownload_manutencao?999,41"
2026,5,Ranalli,26406.99,"https://www.gp.srv.br/transparencia_cuiabacm/servlet/apdownload_manutencao?999,41"
2026,5,Samantha Iris,26406.99,"https://www.gp.srv.br/transparencia_cuiabacm/servlet/apdownload_manutencao?999,41"
2026,5,Sargento Joelson,26406.99,"https://www.gp.srv.br/transparencia_cuiabacm/servlet/apdownload_manutencao?999,41"
2026,5,Tenente-Coronel Dias,26406.99,"https://www.gp.srv.br/transparencia_cuiabacm/servlet/apdownload_manutencao?999,41"
2026,5,Wilson Kero Kero,26406.99,"https://www.gp.srv.br/transparencia_cuiabacm/servlet/apdownload_manutencao?999,41"
2026,6,Adevair Cabral,26406.99,"https://www.gp.srv.br/transparencia_cuiabacm/servlet/apdownload_manutencao?1000,41"
2026,6,Alex Rodrigues,26406.99,"https://www.gp.srv.br/transparencia_cuiabacm/servlet/apdownload_manutencao?1000,41"
2026,6,Baixinha Giraldelli,26406.99,"https://www.gp.srv.br/transparencia_cuiabacm/servlet/apdownload_manutencao?1000,41"
2026,6,Cezinha Nascimento,26406.99,"https://www.gp.srv.br/transparencia_cuiabacm/servlet/apdownload_manutencao?1000,41"
2026,6,Chico 2000,26406.99,"https://www.gp.srv.br/transparencia_cuiabacm/servlet/apdownload_manutencao?1000,41"
2026,6,Daniel Monteiro,26406.99,"https://www.gp.srv.br/transparencia_cuiabacm/servlet/apdownload_manutencao?1000,41"
2026,6,Demilson Nogueira,26406.99,"https://www.gp.srv.br/transparencia_cuiabacm/servlet/apdownload_manutencao?1000,41"
2026,6,Dilemário Alencar,26406.99,"https://www.gp.srv.br/transparencia_cuiabacm/servlet/apdownload_manutencao?1000,41"
2026,6,Dra. Mara,26406.99,"https://www.gp.srv.br/transparencia_cuiabacm/servlet/apdownload_manutencao?1000,41"
2026,6,Dídimo Vovô,26406.99,"https://www.gp.srv.br/transparencia_cuiabacm/servlet/apdownload_manutencao?1000,41"
2026,6,Eduardo Magalhães,26406.99,"https://www.gp.srv.br/transparencia_cuiabacm/servlet/apdownload_manutencao?1000,41"
2026,6,Ilde Taques,26406.99,"https://www.gp.srv.br/transparencia_cuiabacm/servlet/apdownload_manutencao?1000,41"
2026,6,Jeferson Siqueira,26406.99,"https://www.gp.srv.br/transparencia_cuiabacm/servlet/apdownload_manutencao?1000,41"
2026,6,Katiuscia Manteli,26406.99,"https://www.gp.srv.br/transparencia_cuiabacm/servlet/apdownload_manutencao?1000,41"
2026,6,Kássio Coelho,26406.99,"https://www.gp.srv.br/transparencia_cuiabacm/servlet/apdownload_manutencao?1000,41"
2026,6,Marcrean Santos,26406.99,"https://www.gp.srv.br/transparencia_cuiabacm/servlet/apdownload_manutencao?1000,41"
2026,6,Marcus Brito Junior,26406.99,"https://www.gp.srv.br/transparencia_cuiabacm/servlet/apdownload_manutencao?1000,41"
2026,6,Maria Avalone,26406.99,"https://www.gp.srv.br/transparencia_cuiabacm/servlet/apdownload_manutencao?1000,41"
2026,6,Maysa Leão,26406.99,"https://www.gp.srv.br/transparencia_cuiabacm/servlet/apdownload_manutencao?1000,41"
2026,6,Michelly Alencar,26406.99,"https://www.gp.srv.br/transparencia_cuiabacm/servlet/apdownload_manutencao?1000,41"
2026,6,Paula Calil,26406.99,"https://www.gp.srv.br/transparencia_cuiabacm/servlet/apdownload_manutencao?1000,41"
2026,6,Prof. Mario Nadaf,26406.99,"https://www.gp.srv.br/transparencia_cuiabacm/servlet/apdownload_manutencao?1000,41"
2026,6,Ranalli,26406.99,"https://www.gp.srv.br/transparencia_cuiabacm/servlet/apdownload_manutencao?1000,41"
2026,6,Samantha Iris,26406.99,"https://www.gp.srv.br/transparencia_cuiabacm/servlet/apdownload_manutencao?1000,41"
2026,6,Sargento Joelson,26406.99,"https://www.gp.srv.br/transparencia_cuiabacm/servlet/apdownload_manutencao?1000,41"
2026,6,Tenente-Coronel Dias,26406.99,"https://www.gp.srv.br/transparencia_cuiabacm/servlet/apdownload_manutencao?1000,41"
2026,6,Wilson Kero Kero,26406.99,"https://www.gp.srv.br/transparencia_cuiabacm/servlet/apdownload_manutencao?1000,41"
2026,7,Adevair Cabral,26406.99,"https://www.gp.srv.br/transparencia_cuiabacm/servlet/apdownload_manutencao?1001,41"
2026,7,Alex Rodrigues,26406.99,"https://www.gp.srv.br/transparencia_cuiabacm/servlet/apdownload_manutencao?1001,41"
2026,7,Baixinha Giraldelli,26406.99,"https://www.gp.srv.br/transparencia_cuiabacm/servlet/apdownload_manutencao?1001,41"
2026,7,Cezinha Nascimento,26406.99,"https://www.gp.srv.br/transparencia_cuiabacm/servlet/apdownload_manutencao?1001,41"
2026,7,Chico 2000,26406.99,"https://www.gp.srv.br/transparencia_cuiabacm/servlet/apdownload_manutencao?1001,41"
2026,7,Daniel Monteiro,26406.99,"https://www.gp.srv.br/transparencia_cuiabacm/servlet/apdownload_manutencao?1001,41"
2026,7,Demilson Nogueira,26406.99,"https://www.gp.srv.br/transparencia_cuiabacm/servlet/apdownload_manutencao?1001,41"
2026,7,Dilemário Alencar,26406.99,"https://www.gp.srv.br/transparencia_cuiabacm/servlet/apdownload_manutencao?1001,41"
2026,7,Dra. Mara,26406.99,"https://www.gp.srv.br/transparencia_cuiabacm/servlet/apdownload_manutencao?1001,41"
2026,7,Dídimo Vovô,26406.99,"https://www.gp.srv.br/transparencia_cuiabacm/servlet/apdownload_manutencao?1001,41"
2026,7,Eduardo Magalhães,26406.99,"https://www.gp.srv.br/transparencia_cuiabacm/servlet/apdownload_manutencao?1001,41"
2026,7,Ilde Taques,26406.99,"https://www.gp.srv.br/transparencia_cuiabacm/servlet/apdownload_manutencao?1001,41"
2026,7,Jeferson Siqueira,26406.99,"https://www.gp.srv.br/transparencia_cuiabacm/servlet/apdownload_manutencao?1001,41"
2026,7,Katiuscia Manteli,26406.99,"https://www.gp.srv.br/transparencia_cuiabacm/servlet/apdownload_manutencao?1001,41"
2026,7,Kássio Coelho,26406.99,"https://www.gp.srv.br/transparencia_cuiabacm/servlet/apdownload_manutencao?1001,41"
2026,7,Marcrean Santos,26406.99,"https://www.gp.srv.br/transparencia_cuiabacm/servlet/apdownload_manutencao?1001,41"
2026,7,Marcus Brito Junior,26406.99,"https://www.gp.srv.br/transparencia_cuiabacm/servlet/apdownload_manutencao?1001,41"
2026,7,Maria Avalone,26406.99,"https://www.gp.srv.br/transparencia_cuiabacm/servlet/apdownload_manutencao?1001,41"
2026,7,Maysa Leão,26406.99,"https://www.gp.srv.br/transparencia_cuiabacm/servlet/apdownload_manutencao?1001,41"
2026,7,Michelly Alencar,26406.99,"https://www.gp.srv.br/transparencia_cuiabacm/servlet/apdownload_manutencao?1001,41"
2026,7,Paula Calil,26406.99,"https://www.gp.srv.br/transparencia_cuiabacm/servlet/apdownload_manutencao?1001,41"
2026,7,Prof. Mario Nadaf,26406.99,"https://www.gp.srv.br/transparencia_cuiabacm/servlet/apdownload_manutencao?1001,41"
2026,7,Ranalli,26406.99,"https://www.gp.srv.br/transparencia_cuiabacm/servlet/apdownload_manutencao?1001,41"
2026,7,Samantha Iris,26406.99,"https://www.gp.srv.br/transparencia_cuiabacm/servlet/apdownload_manutencao?1001,41"
2026,7,Sargento Joelson,26406.99,"https://www.gp.srv.br/transparencia_cuiabacm/servlet/apdownload_manutencao?1001,41"
2026,7,Tenente-Coronel Dias,26406.99,"https://www.gp.srv.br/transparencia_cuiabacm/servlet/apdownload_manutencao?1001,41"
2026,7,Wilson Kero Kero,26406.99,"https://www.gp.srv.br/transparencia_cuiabacm/servlet/apdownload_manutencao?1001,41"
2026,8,Adevair Cabral,26406.99,"https://www.gp.srv.br/transparencia_cuiabacm/servlet/apdownload_manutencao?1275,41"
2026,8,Alex Rodrigues,26406.99,"https://www.gp.srv.br/transparencia_cuiabacm/servlet/apdownload_manutencao?1275,41"
2026,8,Antonio Lemes,26406.99,"https://www.gp.srv.br/transparencia_cuiabacm/servlet/apdownload_manutencao?1275,41"
2026,8,Baixinha Giraldelli,26406.99,"https://www.gp.srv.br/transparencia_cuiabacm/servlet/apdownload_manutencao?1275,41"
2026,8,Cezinha Nascimento,26406.99,"https://www.gp.srv.br/transparencia_cuiabacm/servlet/apdownload_manutencao?1275,41"
2026,8,Chico 2000,26406.99,"https://www.gp.srv.br/transparencia_cuiabacm/servlet/apdownload_manutencao?1275,41"
2026,8,Daniel Monteiro,26406.99,"https://www.gp.srv.br/transparencia_cuiabacm/servlet/apdownload_manutencao?1275,41"
2026,8,Demilson Nogueira,26406.99,"https://www.gp.srv.br/transparencia_cuiabacm/servlet/apdownload_manutencao?1275,41"
2026,8,Dilemário Alencar,26406.99,"https://www.gp.srv.br/transparencia_cuiabacm/servlet/apdownload_manutencao?1275,41"
2026,8,Dra. Mara,26406.99,"https://www.gp.srv.br/transparencia_cuiabacm/servlet/apdownload_manutencao?1275,41"
2026,8,Dídimo Vovô,26406.99,"https://www.gp.srv.br/transparencia_cuiabacm/servlet/apdownload_manutencao?1275,41"
2026,8,Eduardo Magalhães,26406.99,"https://www.gp.srv.br/transparencia_cuiabacm/servlet/apdownload_manutencao?1275,41"
2026,8,Ilde Taques,26406.99,"https://www.gp.srv.br/transparencia_cuiabacm/servlet/apdownload_manutencao?1275,41"
2026,8,Katiuscia Manteli,26406.99,"https://www.gp.srv.br/transparencia_cuiabacm/servlet/apdownload_manutencao?1275,41"
2026,8,Kássio Coelho,26406.99,"https://www.gp.srv.br/transparencia_cuiabacm/servlet/apdownload_manutencao?1275,41"
2026,8,Marcrean Santos,26406.99,"https://www.gp.srv.br/transparencia_cuiabacm/servlet/apdownload_manutencao?1275,41"
2026,8,Marcus Brito Junior,26406.99,"https://www.gp.srv.br/transparencia_cuiabacm/servlet/apdownload_manutencao?1275,41"
2026,8,Maria Avalone,26406.99,"https://www.gp.srv.br/transparencia_cuiabacm/servlet/apdownload_manutencao?1275,41"
2026,8,Maysa Leão,26406.99,"https://www.gp.srv.br/transparencia_cuiabacm/servlet/apdownload_manutencao?1275,41"
2026,8,Michelly Alencar,26406.99,"https://www.gp.srv.br/transparencia_cuiabacm/servlet/apdownload_manutencao?1275,41"
2026,8,Paula Calil,26406.99,"https://www.gp.srv.br/transparencia_cuiabacm/servlet/apdownload_manutencao?1275,41"
2026,8,Prof. Mario Nadaf,26406.99,"https://www.gp.srv.br/transparencia_cuiabacm/servlet/apdownload_manutencao?1275,41"
2026,8,Ranalli,26406.99,"https://www.gp.srv.br/transparencia_cuiabacm/servlet/apdownload_manutencao?1275,41"
2026,8,Samantha Iris,26406.99,"https://www.gp.srv.br/transparencia_cuiabacm/servlet/apdownload_manutencao?1275,41"
2026,8,Sargento Joelson,26406.99,"https://www.gp.srv.br/transparencia_cuiabacm/servlet/apdownload_manutencao?1275,41"
2026,8,Tenente-Coronel Dias,26406.99,"https://www.gp.srv.br/transparencia_cuiabacm/servlet/apdownload_manutencao?1275,41"
2026,8,Wilson Kero Kero,26406.99,"https://www.gp.srv.br/transparencia_cuiabacm/servlet/apdownload_manutencao?1275,41"
