ano,mes,gabinete,cargo,pessoas
2026,9,GAB EDIMILSON DOURADO GOMES,ASSESSOR PARLAMENTAR CC-17,2
2026,9,GAB EDIMILSON DOURADO GOMES,ASSESSOR PARLAMENTARCC-05,2
2026,9,GAB EDIMILSON DOURADO GOMES,ASSESSOR PARLAMENTARCC-06,3
2026,9,GAB EDIMILSON DOURADO GOMES,ASSESSOR PARLAMENTARCC-08,3
2026,9,GAB EDIMILSON DOURADO GOMES,ASSESSOR PARLAMENTARCC-09,1
2026,9,GAB EDIMILSON DOURADO GOMES,ASSESSOR PARLAMENTARCC-10,1
2026,9,GAB EDIMILSON DOURADO GOMES,ASSESSOR PARLAMENTARCC-24,1
2026,9,GAB EDIMILSON DOURADO GOMES,ASSESSOR PARLAMENTARCC-26,1
2026,9,GAB EDIMILSON DOURADO GOMES,ASSESSOR PARLAMENTARCC-27,1
2026,9,GAB EDIMILSON DOURADO GOMES,ASSESSOR PARLAMENTARCC-30,1
2026,9,GAB EDIMILSON DOURADO GOMES,ASSESSOR PARLAMENTARCC-31,1
2026,9,GAB EDIMILSON DOURADO GOMES,ASSESSOR TÉC LEGIS. CC-14,2
2026,9,GAB EDIMILSON DOURADO GOMES,CHEFE DE GABINETE,1
2026,9,GAB MILITINO FEDER JÚNIOR,ASSESSOR PARLAMENTARCC-05,6
2026,9,GAB MILITINO FEDER JÚNIOR,ASSESSOR PARLAMENTARCC-06,2
2026,9,GAB MILITINO FEDER JÚNIOR,ASSESSOR PARLAMENTARCC-09,1
2026,9,GAB MILITINO FEDER JÚNIOR,ASSESSOR PARLAMENTARCC-11,1
2026,9,GAB MILITINO FEDER JÚNIOR,ASSESSOR PARLAMENTARCC-14,1
2026,9,GAB MILITINO FEDER JÚNIOR,ASSESSOR PARLAMENTARCC-19,1
2026,9,GAB MILITINO FEDER JÚNIOR,ASSESSOR PARLAMENTARCC-22,1
2026,9,GAB MILITINO FEDER JÚNIOR,ASSESSOR PARLAMENTARCC-26,1
2026,9,GAB MILITINO FEDER JÚNIOR,ASSESSOR PARLAMENTARCC-29,2
2026,9,GAB MILITINO FEDER JÚNIOR,ASSESSOR PARLAMENTARCC-33,1
2026,9,GAB MILITINO FEDER JÚNIOR,ASSESSOR TÉC LEGIS. CC-14,2
2026,9,GAB MILITINO FEDER JÚNIOR,CHEFE DE GABINETE,1
2026,9,GAB WANOEL CHAVES MARTINS,ASSESSOR PARLAMENTARCC-05,4
2026,9,GAB WANOEL CHAVES MARTINS,ASSESSOR PARLAMENTARCC-09,1
2026,9,GAB WANOEL CHAVES MARTINS,ASSESSOR PARLAMENTARCC-10,1
2026,9,GAB WANOEL CHAVES MARTINS,ASSESSOR PARLAMENTARCC-15,3
2026,9,GAB WANOEL CHAVES MARTINS,ASSESSOR PARLAMENTARCC-19,2
2026,9,GAB WANOEL CHAVES MARTINS,ASSESSOR PARLAMENTARCC-22,1
2026,9,GAB WANOEL CHAVES MARTINS,ASSESSOR PARLAMENTARCC-28,1
2026,9,GAB WANOEL CHAVES MARTINS,ASSESSOR PARLAMENTARCC-29,2
2026,9,GAB WANOEL CHAVES MARTINS,ASSESSOR PARLAMENTARCC-30,1
2026,9,GAB WANOEL CHAVES MARTINS,ASSESSOR TÉC LEGIS. CC-14,2
2026,9,GAB WANOEL CHAVES MARTINS,CHEFE DE GABINETE,1
2026,9,GAB. ADALTO DE BANDEIRANTES,ASSESSOR PARLAMENTARCC-05,4
2026,9,GAB. ADALTO DE BANDEIRANTES,ASSESSOR PARLAMENTARCC-09,1
2026,9,GAB. ADALTO DE BANDEIRANTES,ASSESSOR PARLAMENTARCC-13,1
2026,9,GAB. ADALTO DE BANDEIRANTES,ASSESSOR PARLAMENTARCC-14,1
2026,9,GAB. ADALTO DE BANDEIRANTES,ASSESSOR PARLAMENTARCC-22,2
2026,9,GAB. ADALTO DE BANDEIRANTES,ASSESSOR PARLAMENTARCC-24,1
2026,9,GAB. ADALTO DE BANDEIRANTES,ASSESSOR PARLAMENTARCC-27,1
2026,9,GAB. ADALTO DE BANDEIRANTES,ASSESSOR PARLAMENTARCC-28,1
2026,9,GAB. ADALTO DE BANDEIRANTES,ASSESSOR PARLAMENTARCC-31,1
2026,9,GAB. ADALTO DE BANDEIRANTES,ASSESSOR PARLAMENTARCC-33,1
2026,9,GAB. ADALTO DE BANDEIRANTES,ASSESSOR TÉC LEGIS. CC-14,1
2026,9,GAB. ADALTO DE BANDEIRANTES,CHEFE DE GABINETE,1
2026,9,GAB. ADRIANO GOMES,ASSESSOR PARLAMENTARCC-05,4
2026,9,GAB. ADRIANO GOMES,ASSESSOR PARLAMENTARCC-06,2
2026,9,GAB. ADRIANO GOMES,ASSESSOR PARLAMENTARCC-08,1
2026,9,GAB. ADRIANO GOMES,ASSESSOR PARLAMENTARCC-15,1
2026,9,GAB. ADRIANO GOMES,ASSESSOR PARLAMENTARCC-19,1
2026,9,GAB. ADRIANO GOMES,ASSESSOR PARLAMENTARCC-24,1
2026,9,GAB. ADRIANO GOMES,ASSESSOR PARLAMENTARCC-30,3
2026,9,GAB. ADRIANO GOMES,ASSESSOR PARLAMENTARCC-39,1
2026,9,GAB. ADRIANO GOMES,ASSESSOR TÉC LEGIS. CC-14,2
2026,9,GAB. ADRIANO GOMES,CHEFE DE GABINETE,1
2026,9,GAB. CLAUDIO HÉLIO SALES,ASSESSOR PARLAMENTAR CC-17,1
2026,9,GAB. CLAUDIO HÉLIO SALES,ASSESSOR PARLAMENTARCC-05,4
2026,9,GAB. CLAUDIO HÉLIO SALES,ASSESSOR PARLAMENTARCC-06,1
2026,9,GAB. CLAUDIO HÉLIO SALES,ASSESSOR PARLAMENTARCC-07,1
2026,9,GAB. CLAUDIO HÉLIO SALES,ASSESSOR PARLAMENTARCC-09,1
2026,9,GAB. CLAUDIO HÉLIO SALES,ASSESSOR PARLAMENTARCC-12,2
2026,9,GAB. CLAUDIO HÉLIO SALES,ASSESSOR PARLAMENTARCC-29,1
2026,9,GAB. CLAUDIO HÉLIO SALES,ASSESSOR PARLAMENTARCC-30,1
2026,9,GAB. CLAUDIO HÉLIO SALES,ASSESSOR PARLAMENTARCC-36,2
2026,9,GAB. CLAUDIO HÉLIO SALES,ASSESSOR TÉC LEGIS. CC-14,2
2026,9,GAB. CLAUDIO HÉLIO SALES,CHEFE DE GABINETE,1
2026,9,GAB. DR. BRENO MENDES,ASSESSOR PARLAMENTARCC-09,5
2026,9,GAB. DR. BRENO MENDES,ASSESSOR PARLAMENTARCC-10,1
2026,9,GAB. DR. BRENO MENDES,ASSESSOR PARLAMENTARCC-13,2
2026,9,GAB. DR. BRENO MENDES,ASSESSOR PARLAMENTARCC-14,1
2026,9,GAB. DR. BRENO MENDES,ASSESSOR PARLAMENTARCC-19,1
2026,9,GAB. DR. BRENO MENDES,ASSESSOR PARLAMENTARCC-20,1
2026,9,GAB. DR. BRENO MENDES,ASSESSOR PARLAMENTARCC-24,1
2026,9,GAB. DR. BRENO MENDES,ASSESSOR PARLAMENTARCC-33,1
2026,9,GAB. DR. BRENO MENDES,ASSESSOR PARLAMENTARCC-39,1
2026,9,GAB. DR. BRENO MENDES,ASSESSOR TÉC LEGIS. CC-14,2
2026,9,GAB. DR. BRENO MENDES,CHEFE DE GABINETE,1
2026,9,GAB. DR. SANTANA,ASSESSOR PARLAMENTARCC-05,10
2026,9,GAB. DR. SANTANA,ASSESSOR PARLAMENTARCC-09,1
2026,9,GAB. DR. SANTANA,ASSESSOR PARLAMENTARCC-27,1
2026,9,GAB. DR. SANTANA,ASSESSOR PARLAMENTARCC-29,1
2026,9,GAB. DR. SANTANA,ASSESSOR PARLAMENTARCC-30,1
2026,9,GAB. DR. SANTANA,ASSESSOR PARLAMENTARCC-33,2
2026,9,GAB. DR. SANTANA,ASSESSOR TÉC LEGIS. CC-14,2
2026,9,GAB. DR. SANTANA,CHEFE DE GABINETE,1
2026,9,GAB. DR. SANTANA,NS II PROFESSOR 20 HORAS (CLASSE A),1
2026,9,GAB. ELLIS REGINA,ASSESSOR PARLAMENTARCC-22,1
2026,9,GAB. ELLIS REGINA,ASSESSOR PARLAMENTARCC-27,1
2026,9,GAB. ELLIS REGINA,ASSESSOR PARLAMENTARCC-37,2
2026,9,GAB. ELLIS REGINA,ASSESSOR PARLAMENTARCC-39,2
2026,9,GAB. ELLIS REGINA,ASSESSOR TÉC LEGIS. CC-14,2
2026,9,GAB. ELLIS REGINA,CHEFE DE GABINETE,1
2026,9,GAB. EVERALDO FOGAÇA,ASSESSOR PARLAMENTARCC-05,2
2026,9,GAB. EVERALDO FOGAÇA,ASSESSOR PARLAMENTARCC-08,2
2026,9,GAB. EVERALDO FOGAÇA,ASSESSOR PARLAMENTARCC-13,1
2026,9,GAB. EVERALDO FOGAÇA,ASSESSOR PARLAMENTARCC-21,1
2026,9,GAB. EVERALDO FOGAÇA,ASSESSOR PARLAMENTARCC-24,1
2026,9,GAB. EVERALDO FOGAÇA,ASSESSOR PARLAMENTARCC-25,1
2026,9,GAB. EVERALDO FOGAÇA,ASSESSOR PARLAMENTARCC-27,2
2026,9,GAB. EVERALDO FOGAÇA,ASSESSOR PARLAMENTARCC-28,1
2026,9,GAB. EVERALDO FOGAÇA,ASSESSOR PARLAMENTARCC-29,2
2026,9,GAB. EVERALDO FOGAÇA,ASSESSOR PARLAMENTARCC-30,1
2026,9,GAB. EVERALDO FOGAÇA,ASSESSOR TÉC LEGIS. CC-14,2
2026,9,GAB. EVERALDO FOGAÇA,CHEFE DE GABINETE,1
2026,9,GAB. FERNANDO SILVA,ASSESSOR PARLAMENTARCC-05,4
2026,9,GAB. FERNANDO SILVA,ASSESSOR PARLAMENTARCC-06,1
2026,9,GAB. FERNANDO SILVA,ASSESSOR PARLAMENTARCC-07,3
2026,9,GAB. FERNANDO SILVA,ASSESSOR PARLAMENTARCC-09,1
2026,9,GAB. FERNANDO SILVA,ASSESSOR PARLAMENTARCC-16,1
2026,9,GAB. FERNANDO SILVA,ASSESSOR PARLAMENTARCC-24,1
2026,9,GAB. FERNANDO SILVA,ASSESSOR PARLAMENTARCC-25,1
2026,9,GAB. FERNANDO SILVA,ASSESSOR PARLAMENTARCC-26,1
2026,9,GAB. FERNANDO SILVA,ASSESSOR PARLAMENTARCC-28,4
2026,9,GAB. FERNANDO SILVA,ASSESSOR TÉC LEGIS. CC-14,2
2026,9,GAB. FERNANDO SILVA,CHEFE DE GABINETE,1
2026,9,GAB. GEDEÃO DO EDVILSON NEGREIROS,ASSESSOR PARLAMENTARCC-05,1
2026,9,GAB. GEDEÃO DO EDVILSON NEGREIROS,ASSESSOR PARLAMENTARCC-08,1
2026,9,GAB. GEDEÃO DO EDVILSON NEGREIROS,ASSESSOR PARLAMENTARCC-10,2
2026,9,GAB. GEDEÃO DO EDVILSON NEGREIROS,ASSESSOR PARLAMENTARCC-14,2
2026,9,GAB. GEDEÃO DO EDVILSON NEGREIROS,ASSESSOR PARLAMENTARCC-23,1
2026,9,GAB. GEDEÃO DO EDVILSON NEGREIROS,ASSESSOR PARLAMENTARCC-29,1
2026,9,GAB. GEDEÃO DO EDVILSON NEGREIROS,ASSESSOR PARLAMENTARCC-30,5
2026,9,GAB. GEDEÃO DO EDVILSON NEGREIROS,ASSESSOR TÉC LEGIS. CC-14,2
2026,9,GAB. GEDEÃO DO EDVILSON NEGREIROS,CHEFE DE GABINETE,1
2026,9,GAB. JEOVANE IBIZA,ASSESSOR PARLAMENTAR CC-17,4
2026,9,GAB. JEOVANE IBIZA,ASSESSOR PARLAMENTARCC-19,1
2026,9,GAB. JEOVANE IBIZA,ASSESSOR PARLAMENTARCC-23,2
2026,9,GAB. JEOVANE IBIZA,ASSESSOR PARLAMENTARCC-30,5
2026,9,GAB. JEOVANE IBIZA,ASSESSOR TÉC LEGIS. CC-14,2
2026,9,GAB. JEOVANE IBIZA,CHEFE DE GABINETE,1
2026,9,GAB. MÁRCIO PACELE,ASSESSOR PARLAMENTARCC-05,6
2026,9,GAB. MÁRCIO PACELE,ASSESSOR PARLAMENTARCC-06,1
2026,9,GAB. MÁRCIO PACELE,ASSESSOR PARLAMENTARCC-09,1
2026,9,GAB. MÁRCIO PACELE,ASSESSOR PARLAMENTARCC-14,2
2026,9,GAB. MÁRCIO PACELE,ASSESSOR PARLAMENTARCC-18,1
2026,9,GAB. MÁRCIO PACELE,ASSESSOR PARLAMENTARCC-19,2
2026,9,GAB. MÁRCIO PACELE,ASSESSOR PARLAMENTARCC-24,2
2026,9,GAB. MÁRCIO PACELE,ASSESSOR PARLAMENTARCC-29,1
2026,9,GAB. MÁRCIO PACELE,ASSESSOR PARLAMENTARCC-33,1
2026,9,GAB. MÁRCIO PACELE,ASSESSOR TÉC LEGIS. CC-14,2
2026,9,GAB. MÁRCIO PACELE,CHEFE DE GABINETE,1
2026,9,GAB. NILTON SOUZA,ASSESSOR PARLAMENTARCC-05,6
2026,9,GAB. NILTON SOUZA,ASSESSOR PARLAMENTARCC-09,1
2026,9,GAB. NILTON SOUZA,ASSESSOR PARLAMENTARCC-10,1
2026,9,GAB. NILTON SOUZA,ASSESSOR PARLAMENTARCC-14,2
2026,9,GAB. NILTON SOUZA,ASSESSOR PARLAMENTARCC-19,1
2026,9,GAB. NILTON SOUZA,ASSESSOR PARLAMENTARCC-30,3
2026,9,GAB. NILTON SOUZA,ASSESSOR PARLAMENTARCC-37,1
2026,9,GAB. NILTON SOUZA,ASSESSOR TÉC LEGIS. CC-14,2
2026,9,GAB. NILTON SOUZA,CHEFE DE GABINETE,1
2026,9,GAB. PASTOR BRUNO LUCIANO,ASSESSOR PARLAMENTA CC-35,1
2026,9,GAB. PASTOR BRUNO LUCIANO,ASSESSOR PARLAMENTARCC-05,2
2026,9,GAB. PASTOR BRUNO LUCIANO,ASSESSOR PARLAMENTARCC-07,1
2026,9,GAB. PASTOR BRUNO LUCIANO,ASSESSOR PARLAMENTARCC-10,2
2026,9,GAB. PASTOR BRUNO LUCIANO,ASSESSOR PARLAMENTARCC-21,1
2026,9,GAB. PASTOR BRUNO LUCIANO,ASSESSOR PARLAMENTARCC-24,3
2026,9,GAB. PASTOR BRUNO LUCIANO,ASSESSOR PARLAMENTARCC-34,2
2026,9,GAB. PASTOR BRUNO LUCIANO,ASSESSOR TÉC LEGIS. CC-14,2
2026,9,GAB. PASTOR BRUNO LUCIANO,CHEFE DE GABINETE,1
2026,9,GAB. PASTOR EVANILDO,ASSESSOR PARLAMENTARCC-01,1
2026,9,GAB. PASTOR EVANILDO,ASSESSOR PARLAMENTARCC-05,6
2026,9,GAB. PASTOR EVANILDO,ASSESSOR PARLAMENTARCC-09,2
2026,9,GAB. PASTOR EVANILDO,ASSESSOR PARLAMENTARCC-10,3
2026,9,GAB. PASTOR EVANILDO,ASSESSOR PARLAMENTARCC-14,1
2026,9,GAB. PASTOR EVANILDO,ASSESSOR PARLAMENTARCC-16,1
2026,9,GAB. PASTOR EVANILDO,ASSESSOR PARLAMENTARCC-19,1
2026,9,GAB. PASTOR EVANILDO,ASSESSOR PARLAMENTARCC-20,1
2026,9,GAB. PASTOR EVANILDO,ASSESSOR PARLAMENTARCC-24,1
2026,9,GAB. PASTOR EVANILDO,ASSESSOR PARLAMENTARCC-29,1
2026,9,GAB. PASTOR EVANILDO,ASSESSOR PARLAMENTARCC-30,1
2026,9,GAB. PASTOR EVANILDO,ASSESSOR PARLAMENTARCC-31,1
2026,9,GAB. PASTOR EVANILDO,ASSESSOR TÉC LEGIS. CC-14,1
2026,9,GAB. PASTOR EVANILDO,CHEFE DE GABINETE,1
2026,9,GAB. PEDRO GEOVAR,ASSESSOR PARLAMENTARCC-05,6
2026,9,GAB. PEDRO GEOVAR,ASSESSOR PARLAMENTARCC-09,3
2026,9,GAB. PEDRO GEOVAR,ASSESSOR PARLAMENTARCC-11,1
2026,9,GAB. PEDRO GEOVAR,ASSESSOR PARLAMENTARCC-14,1
2026,9,GAB. PEDRO GEOVAR,ASSESSOR PARLAMENTARCC-27,2
2026,9,GAB. PEDRO GEOVAR,ASSESSOR PARLAMENTARCC-29,1
2026,9,GAB. PEDRO GEOVAR,ASSESSOR PARLAMENTARCC-31,1
2026,9,GAB. PEDRO GEOVAR,ASSESSOR PARLAMENTARCC-32,1
2026,9,GAB. PEDRO GEOVAR,ASSESSOR TÉC LEGIS. CC-14,2
2026,9,GAB. PEDRO GEOVAR,CHEFE DE GABINETE,1
2026,9,GAB. PRESIDENCIA,ASSE.EXEC. ESCOLA LEGISLATIVO,1
2026,9,GAB. PRESIDENCIA,ASSESSOR DE COMISSÕES PERMANENTES,1
2026,9,GAB. PRESIDENCIA,ASSESSOR ESPECIAL DA PRESIDENCIA CC-22,4
2026,9,GAB. PRESIDENCIA,ASSESSOR EXEC. PRESIDÊNCIA,1
2026,9,GAB. PRESIDENCIA,ASSESSOR EXECUTIVO CC-10,9
2026,9,GAB. PRESIDENCIA,ASSESSOR PARLAMENTARCC-05,1
2026,9,GAB. PRESIDENCIA,ASSESSOR PARLAMENTARCC-07,1
2026,9,GAB. PRESIDENCIA,ASSESSOR PARLAMENTARCC-09,1
2026,9,GAB. PRESIDENCIA,ASSESSOR PARLAMENTARCC-24,1
2026,9,GAB. PRESIDENCIA,ASSESSOR PARLAMENTARCC-30,5
2026,9,GAB. PRESIDENCIA,ASSESSOR PARLAMENTARCC-31,2
2026,9,GAB. PRESIDENCIA,CHEFE DE GABINETE PRESIDENCIA,1
2026,9,GAB. PRESIDENCIA,COORDENADOR JURÍDICO,1
2026,9,GAB. PRESIDENCIA,GERENTE DA DIRETORIA LEGISLATIVA CC-31,1
2026,9,GAB. PRESIDENCIA,OFIC. DE DILIGÊNCIA B-IV,1
2026,9,GAB. PRESIDENCIA,OUVIDOR G. ADJUNTO DA CÂMARA,1
2026,9,GAB. PRESIDENCIA,SECRET. EXEC.PRESIDENCIA,4
2026,9,GAB. SOFIA ANDRADE,ASSESSOR PARLAMENTAR CC-17,1
2026,9,GAB. SOFIA ANDRADE,ASSESSOR PARLAMENTARCC-08,2
2026,9,GAB. SOFIA ANDRADE,ASSESSOR PARLAMENTARCC-09,2
2026,9,GAB. SOFIA ANDRADE,ASSESSOR PARLAMENTARCC-16,1
2026,9,GAB. SOFIA ANDRADE,ASSESSOR PARLAMENTARCC-27,1
2026,9,GAB. SOFIA ANDRADE,ASSESSOR PARLAMENTARCC-28,1
2026,9,GAB. SOFIA ANDRADE,ASSESSOR PARLAMENTARCC-29,1
2026,9,GAB. SOFIA ANDRADE,ASSESSOR PARLAMENTARCC-31,1
2026,9,GAB. SOFIA ANDRADE,ASSESSOR PARLAMENTARCC-33,2
2026,9,GAB. SOFIA ANDRADE,ASSESSOR TÉC LEGIS. CC-14,2
2026,9,GAB. SOFIA ANDRADE,CHEFE DE GABINETE,1
2026,9,GAB. THIAGO TEZZARI,ASSESSOR PARLAMENTARCC-05,4
2026,9,GAB. THIAGO TEZZARI,ASSESSOR PARLAMENTARCC-06,1
2026,9,GAB. THIAGO TEZZARI,ASSESSOR PARLAMENTARCC-09,3
2026,9,GAB. THIAGO TEZZARI,ASSESSOR PARLAMENTARCC-11,1
2026,9,GAB. THIAGO TEZZARI,ASSESSOR PARLAMENTARCC-18,1
2026,9,GAB. THIAGO TEZZARI,ASSESSOR PARLAMENTARCC-19,1
2026,9,GAB. THIAGO TEZZARI,ASSESSOR PARLAMENTARCC-24,1
2026,9,GAB. THIAGO TEZZARI,ASSESSOR PARLAMENTARCC-26,2
2026,9,GAB. THIAGO TEZZARI,ASSESSOR PARLAMENTARCC-27,1
2026,9,GAB. THIAGO TEZZARI,ASSESSOR PARLAMENTARCC-28,1
2026,9,GAB. THIAGO TEZZARI,ASSESSOR PARLAMENTARCC-29,1
2026,9,GAB. THIAGO TEZZARI,ASSESSOR TÉC LEGIS. CC-14,2
2026,9,GAB. THIAGO TEZZARI,CHEFE DE GABINETE,1
2026,9,GAB. VER. MACÁRIO,ASSESSOR PARLAMENTARCC-14,1
2026,9,GAB. VER. MACÁRIO,ASSESSOR PARLAMENTARCC-24,2
2026,9,GAB. VER. MACÁRIO,ASSESSOR PARLAMENTARCC-29,1
2026,9,GAB. VER. MACÁRIO,ASSESSOR PARLAMENTARCC-30,2
2026,9,GAB. VER. MACÁRIO,ASSESSOR PARLAMENTARCC-31,2
2026,9,GAB. VER. MACÁRIO,ASSESSOR PARLAMENTARCC-39,1
2026,9,GAB. VER. MACÁRIO,ASSESSOR TÉC LEGIS. CC-14,2
2026,9,GAB. VER. MACÁRIO,CHEFE DE GABINETE,1
2026,9,GAB. ZÉ PAROCA,ASSESSOR PARLAMENTARCC-05,2
2026,9,GAB. ZÉ PAROCA,ASSESSOR PARLAMENTARCC-06,1
2026,9,GAB. ZÉ PAROCA,ASSESSOR PARLAMENTARCC-13,1
2026,9,GAB. ZÉ PAROCA,ASSESSOR PARLAMENTARCC-14,1
2026,9,GAB. ZÉ PAROCA,ASSESSOR PARLAMENTARCC-18,1
2026,9,GAB. ZÉ PAROCA,ASSESSOR PARLAMENTARCC-19,2
2026,9,GAB. ZÉ PAROCA,ASSESSOR PARLAMENTARCC-21,1
2026,9,GAB. ZÉ PAROCA,ASSESSOR PARLAMENTARCC-27,1
2026,9,GAB. ZÉ PAROCA,ASSESSOR PARLAMENTARCC-30,4
2026,9,GAB. ZÉ PAROCA,ASSESSOR TÉC LEGIS. CC-14,2
2026,9,GAB. ZÉ PAROCA,CHEFE DE GABINETE,1
