orgao,ano_mes,nome,cargo,lotacao,subsidio,vantagens_pessoais,abono_permanencia,indenizacoes,vantagens_eventuais,ferias,decimo_terceiro,outras,total_bruto,diarias,itens,fonte,nota
CNJ,202501,ALEXANDRE TEIXEIRA DE FREITAS BASTOS CUNHA,Conselheiro do CNJ,,2090.40,0.00,,0.00,0.00,,,0.00,2090.40,4220.88,,https://www.cnj.jus.br/remuneracao/,página oficial da folha do CNJ (conselheiros); órgão de origem: TRIBUNAL REGIONAL DO TRABALHO DA 1ª REGIÃO-RJ (o que ele paga fica de fora)
CNJ,202501,DAIANE NOGUEIRA DE LIRA,Conselheiro do CNJ,,12047.06,0.00,,3762.72,0.00,,,0.00,15809.78,0.00,,https://www.cnj.jus.br/remuneracao/,página oficial da folha do CNJ (conselheiros); órgão de origem: ADVOCACIA-GERAL DA UNIÃO (o que ele paga fica de fora)
CNJ,202501,DANIELA PEREIRA MADEIRA,Conselheiro do CNJ,,4076.29,0.00,,0.00,0.00,,,0.00,4076.29,0.00,,https://www.cnj.jus.br/remuneracao/,página oficial da folha do CNJ (conselheiros); órgão de origem: TRIBUNAL REGIONAL FEDERAL DA 2ª REGIÃO (o que ele paga fica de fora)
CNJ,202501,GUILHERME GUIMARAES FELICIANO,Conselheiro do CNJ,,4076.29,0.00,,0.00,0.00,,,0.00,4076.29,6407.79,,https://www.cnj.jus.br/remuneracao/,página oficial da folha do CNJ (conselheiros); órgão de origem: TRIBUNAL REGIONAL DO TRABALHO DA 15ª REGIÃO (o que ele paga fica de fora)
CNJ,202501,JOÃO PAULO SANTOS SCHOUCAIR,Conselheiro do CNJ,,4870.65,0.00,,2250.67,0.00,,,0.00,7121.32,12262.48,,https://www.cnj.jus.br/remuneracao/,página oficial da folha do CNJ (conselheiros); órgão de origem: MINISTÉRIO PÚBLICO DO ESTADO DA BAHIA (o que ele paga fica de fora)
CNJ,202501,JOSÉ EDIVALDO ROCHA ROTONDANO,Conselheiro do CNJ,,2090.40,0.00,,0.00,0.00,,,0.00,2090.40,26998.60,,https://www.cnj.jus.br/remuneracao/,página oficial da folha do CNJ (conselheiros); órgão de origem: TRIBUNAL DE JUSTIÇA DO EST. DA BAHIA (o que ele paga fica de fora)
CNJ,202501,MÔNICA AUTRAN MACHADO NOBRE,Conselheiro do CNJ,,2090.40,0.00,,0.00,0.00,,,0.00,2090.40,2638.05,,https://www.cnj.jus.br/remuneracao/,página oficial da folha do CNJ (conselheiros); órgão de origem: TRIBUNAL REGIONAL FEDERAL - 3ª REGIÃO (o que ele paga fica de fora)
CNJ,202501,PABLO COUTINHO BARRETO,Conselheiro do CNJ,,2090.40,0.00,,0.00,0.00,,,0.00,2090.40,0.00,,https://www.cnj.jus.br/remuneracao/,página oficial da folha do CNJ (conselheiros); órgão de origem: MINISTERIO PUBLICO FEDERAL (o que ele paga fica de fora)
CNJ,202501,RENATA GIL DE ALCÂNTARA VIDEIRA,Conselheiro do CNJ,,4076.29,0.00,,0.00,0.00,,,0.00,4076.29,13947.27,,https://www.cnj.jus.br/remuneracao/,página oficial da folha do CNJ (conselheiros); órgão de origem: TRIBUNAL DE JUSTIÇA DO ESTADO DO RIO DE JANEIRO (o que ele paga fica de fora)
CNJ,202502,ALEXANDRE TEIXEIRA DE FREITAS BASTOS CUNHA,Conselheiro do CNJ,,2202.39,0.00,,0.00,0.00,,,0.00,2202.39,11265.92,,https://www.cnj.jus.br/remuneracao/,página oficial da folha do CNJ (conselheiros); órgão de origem: TRIBUNAL REGIONAL DO TRABALHO DA 1ª REGIÃO-RJ (o que ele paga fica de fora)
CNJ,202502,DAIANE NOGUEIRA DE LIRA,Conselheiro do CNJ,,14286.85,0.00,,3762.72,0.00,,,0.00,18049.57,2212.40,,https://www.cnj.jus.br/remuneracao/,página oficial da folha do CNJ (conselheiros); órgão de origem: ADVOCACIA-GERAL DA UNIÃO (o que ele paga fica de fora)
CNJ,202502,DANIELA PEREIRA MADEIRA,Conselheiro do CNJ,,4294.67,0.00,,0.00,0.00,,,0.00,4294.67,3318.60,,https://www.cnj.jus.br/remuneracao/,página oficial da folha do CNJ (conselheiros); órgão de origem: TRIBUNAL REGIONAL FEDERAL DA 2ª REGIÃO (o que ele paga fica de fora)
CNJ,202502,GUILHERME GUIMARAES FELICIANO,Conselheiro do CNJ,,4294.67,0.00,,0.00,0.00,,,0.00,4294.67,9402.70,,https://www.cnj.jus.br/remuneracao/,página oficial da folha do CNJ (conselheiros); órgão de origem: TRIBUNAL REGIONAL DO TRABALHO DA 15ª REGIÃO (o que ele paga fica de fora)
CNJ,202502,JOÃO PAULO SANTOS SCHOUCAIR,Conselheiro do CNJ,,7110.44,0.00,,2250.67,0.00,,,0.00,9361.11,509.80,,https://www.cnj.jus.br/remuneracao/,página oficial da folha do CNJ (conselheiros); órgão de origem: MINISTÉRIO PÚBLICO DO ESTADO DA BAHIA (o que ele paga fica de fora)
CNJ,202502,JOSÉ EDIVALDO ROCHA ROTONDANO,Conselheiro do CNJ,,2202.39,0.00,,0.00,0.00,,,0.00,2202.39,8875.09,,https://www.cnj.jus.br/remuneracao/,página oficial da folha do CNJ (conselheiros); órgão de origem: TRIBUNAL DE JUSTIÇA DO EST. DA BAHIA (o que ele paga fica de fora)
CNJ,202502,MÔNICA AUTRAN MACHADO NOBRE,Conselheiro do CNJ,,2202.39,0.00,,0.00,0.00,,,0.00,2202.39,8525.91,,https://www.cnj.jus.br/remuneracao/,página oficial da folha do CNJ (conselheiros); órgão de origem: TRIBUNAL REGIONAL FEDERAL - 3ª REGIÃO (o que ele paga fica de fora)
CNJ,202502,PABLO COUTINHO BARRETO,Conselheiro do CNJ,,2202.39,0.00,,3261.64,0.00,,,1045.20,6509.23,5531.00,,https://www.cnj.jus.br/remuneracao/,página oficial da folha do CNJ (conselheiros); órgão de origem: MINISTERIO PUBLICO FEDERAL (o que ele paga fica de fora)
CNJ,202502,RENATA GIL DE ALCÂNTARA VIDEIRA,Conselheiro do CNJ,,4294.67,0.00,,0.00,0.00,,,0.00,4294.67,11062.00,,https://www.cnj.jus.br/remuneracao/,página oficial da folha do CNJ (conselheiros); órgão de origem: TRIBUNAL DE JUSTIÇA DO ESTADO DO RIO DE JANEIRO (o que ele paga fica de fora)
CNJ,202503,ALEXANDRE TEIXEIRA DE FREITAS BASTOS CUNHA,Conselheiro do CNJ,,2202.39,0.00,,0.00,0.00,,,0.00,2202.39,11062.00,,https://www.cnj.jus.br/remuneracao/,página oficial da folha do CNJ (conselheiros); órgão de origem: TRIBUNAL REGIONAL DO TRABALHO DA 1ª REGIÃO-RJ (o que ele paga fica de fora)
CNJ,202503,DAIANE NOGUEIRA DE LIRA,Conselheiro do CNJ,,14286.85,0.00,,3964.30,0.00,,,0.00,18251.15,13274.40,,https://www.cnj.jus.br/remuneracao/,página oficial da folha do CNJ (conselheiros); órgão de origem: ADVOCACIA-GERAL DA UNIÃO (o que ele paga fica de fora)
CNJ,202503,DANIELA PEREIRA MADEIRA,Conselheiro do CNJ,,4294.67,0.00,,0.00,0.00,,,0.00,4294.67,12721.30,,https://www.cnj.jus.br/remuneracao/,página oficial da folha do CNJ (conselheiros); órgão de origem: TRIBUNAL REGIONAL FEDERAL DA 2ª REGIÃO (o que ele paga fica de fora)
CNJ,202503,GUILHERME GUIMARAES FELICIANO,Conselheiro do CNJ,,4294.67,0.00,,0.00,0.00,,,0.00,4294.67,11615.10,,https://www.cnj.jus.br/remuneracao/,página oficial da folha do CNJ (conselheiros); órgão de origem: TRIBUNAL REGIONAL DO TRABALHO DA 15ª REGIÃO (o que ele paga fica de fora)
CNJ,202503,JOÃO PAULO SANTOS SCHOUCAIR,Conselheiro do CNJ,,5131.58,0.00,,2250.67,0.00,,,0.00,7382.25,24336.40,,https://www.cnj.jus.br/remuneracao/,página oficial da folha do CNJ (conselheiros); órgão de origem: MINISTÉRIO PÚBLICO DO ESTADO DA BAHIA (o que ele paga fica de fora)
CNJ,202503,JOSÉ EDIVALDO ROCHA ROTONDANO,Conselheiro do CNJ,,2202.39,0.00,,0.00,0.00,,,0.00,2202.39,7743.40,,https://www.cnj.jus.br/remuneracao/,página oficial da folha do CNJ (conselheiros); órgão de origem: TRIBUNAL DE JUSTIÇA DO EST. DA BAHIA (o que ele paga fica de fora)
CNJ,202503,MARCELLO TERTO E SILVA,Conselheiro do CNJ,GABINETE VAGA 2 ADVOGADO,710.37,0.00,,47300.38,0.00,,,0.00,48010.75,11062.00,,https://www.cnj.jus.br/remuneracao/,"página oficial da folha do CNJ (conselheiros); órgão de origem: PROCURADORIA GERAL DO ESTADO DE GOIAS (o que ele paga fica de fora); a página mostra o subsídio como "",10.37"": o valor aqui é o total da página menos as outras partes"
CNJ,202503,MÔNICA AUTRAN MACHADO NOBRE,Conselheiro do CNJ,,2202.39,0.00,,0.00,0.00,,,0.00,2202.39,11062.00,,https://www.cnj.jus.br/remuneracao/,página oficial da folha do CNJ (conselheiros); órgão de origem: TRIBUNAL REGIONAL FEDERAL - 3ª REGIÃO (o que ele paga fica de fora)
CNJ,202503,PABLO COUTINHO BARRETO,Conselheiro do CNJ,,2202.39,0.00,,3261.64,0.00,,,0.00,5464.03,7190.30,,https://www.cnj.jus.br/remuneracao/,página oficial da folha do CNJ (conselheiros); órgão de origem: MINISTERIO PUBLICO FEDERAL (o que ele paga fica de fora)
CNJ,202503,RENATA GIL DE ALCÂNTARA VIDEIRA,Conselheiro do CNJ,,4294.67,0.00,,0.00,0.00,,,0.00,4294.67,44425.22,,https://www.cnj.jus.br/remuneracao/,página oficial da folha do CNJ (conselheiros); órgão de origem: TRIBUNAL DE JUSTIÇA DO ESTADO DO RIO DE JANEIRO (o que ele paga fica de fora)
CNJ,202503,RODRIGO BADARÓ ALMEIDA DE CASTRO,Conselheiro do CNJ,GABINETE VAGA CIDADÃO SENADO,29365.25,0.00,,2522.51,0.00,,,0.00,31887.76,0.00,,https://www.cnj.jus.br/remuneracao/,página oficial da folha do CNJ (conselheiros)
CNJ,202503,ULISSES RABANEDA DOS SANTOS,Conselheiro do CNJ,GABINETE VAGA 1 ADVOGADO,44047.88,0.00,,48030.79,0.00,,,0.00,92078.67,0.00,,https://www.cnj.jus.br/remuneracao/,página oficial da folha do CNJ (conselheiros)
CNJ,202504,ALEXANDRE TEIXEIRA DE FREITAS BASTOS CUNHA,Conselheiro do CNJ,,2202.39,0.00,,0.00,0.00,,,0.00,2202.39,11615.10,,https://www.cnj.jus.br/remuneracao/,página oficial da folha do CNJ (conselheiros); órgão de origem: TRIBUNAL REGIONAL DO TRABALHO DA 1ª REGIÃO-RJ (o que ele paga fica de fora)
CNJ,202504,DAIANE NOGUEIRA DE LIRA,Conselheiro do CNJ,,14286.85,0.00,,3964.30,0.00,,,0.00,18251.15,3318.60,,https://www.cnj.jus.br/remuneracao/,página oficial da folha do CNJ (conselheiros); órgão de origem: ADVOCACIA-GERAL DA UNIÃO (o que ele paga fica de fora)
CNJ,202504,DANIELA PEREIRA MADEIRA,Conselheiro do CNJ,,4294.67,0.00,,0.00,0.00,,,0.00,4294.67,19358.50,,https://www.cnj.jus.br/remuneracao/,página oficial da folha do CNJ (conselheiros); órgão de origem: TRIBUNAL REGIONAL FEDERAL DA 2ª REGIÃO (o que ele paga fica de fora)
CNJ,202504,GUILHERME GUIMARAES FELICIANO,Conselheiro do CNJ,,4294.67,0.00,,0.00,0.00,,,0.00,4294.67,13827.50,,https://www.cnj.jus.br/remuneracao/,página oficial da folha do CNJ (conselheiros); órgão de origem: TRIBUNAL REGIONAL DO TRABALHO DA 15ª REGIÃO (o que ele paga fica de fora)
CNJ,202504,JOÃO PAULO SANTOS SCHOUCAIR,Conselheiro do CNJ,,5131.58,0.00,,2250.67,0.00,,,0.00,7382.25,11062.00,,https://www.cnj.jus.br/remuneracao/,página oficial da folha do CNJ (conselheiros); órgão de origem: MINISTÉRIO PÚBLICO DO ESTADO DA BAHIA (o que ele paga fica de fora)
CNJ,202504,JOSÉ EDIVALDO ROCHA ROTONDANO,Conselheiro do CNJ,,2202.39,0.00,,0.00,0.00,,,0.00,2202.39,0.00,,https://www.cnj.jus.br/remuneracao/,página oficial da folha do CNJ (conselheiros); órgão de origem: TRIBUNAL DE JUSTIÇA DO EST. DA BAHIA (o que ele paga fica de fora)
CNJ,202504,MARCELLO TERTO E SILVA,Conselheiro do CNJ,GABINETE VAGA 2 ADVOGADO,710.37,0.00,,3964.30,0.00,,,0.00,4674.67,13274.40,,https://www.cnj.jus.br/remuneracao/,"página oficial da folha do CNJ (conselheiros); órgão de origem: PROCURADORIA GERAL DO ESTADO DE GOIAS (o que ele paga fica de fora); a página mostra o subsídio como "",10.37"": o valor aqui é o total da página menos as outras partes"
CNJ,202504,MÔNICA AUTRAN MACHADO NOBRE,Conselheiro do CNJ,,2202.39,0.00,,0.00,0.00,,,0.00,2202.39,4424.80,,https://www.cnj.jus.br/remuneracao/,página oficial da folha do CNJ (conselheiros); órgão de origem: TRIBUNAL REGIONAL FEDERAL - 3ª REGIÃO (o que ele paga fica de fora)
CNJ,202504,PABLO COUTINHO BARRETO,Conselheiro do CNJ,,2202.39,0.00,,3261.64,0.00,,,0.00,5464.03,4977.90,,https://www.cnj.jus.br/remuneracao/,página oficial da folha do CNJ (conselheiros); órgão de origem: MINISTERIO PUBLICO FEDERAL (o que ele paga fica de fora)
CNJ,202504,RENATA GIL DE ALCÂNTARA VIDEIRA,Conselheiro do CNJ,,4294.67,0.00,,0.00,0.00,,,0.00,4294.67,8849.60,,https://www.cnj.jus.br/remuneracao/,página oficial da folha do CNJ (conselheiros); órgão de origem: TRIBUNAL DE JUSTIÇA DO ESTADO DO RIO DE JANEIRO (o que ele paga fica de fora)
CNJ,202504,RODRIGO BADARÓ ALMEIDA DE CASTRO,Conselheiro do CNJ,GABINETE VAGA CIDADÃO SENADO,44047.88,0.00,,2108.44,0.00,,,0.00,46156.32,0.00,,https://www.cnj.jus.br/remuneracao/,página oficial da folha do CNJ (conselheiros)
CNJ,202504,ULISSES RABANEDA DOS SANTOS,Conselheiro do CNJ,GABINETE VAGA 1 ADVOGADO,44047.88,0.00,,2108.44,0.00,,,0.00,46156.32,12444.75,,https://www.cnj.jus.br/remuneracao/,página oficial da folha do CNJ (conselheiros)
CNJ,202505,ALEXANDRE TEIXEIRA DE FREITAS BASTOS CUNHA,Conselheiro do CNJ,,2202.39,0.00,,0.00,0.00,,,0.00,2202.39,14933.70,,https://www.cnj.jus.br/remuneracao/,página oficial da folha do CNJ (conselheiros); órgão de origem: TRIBUNAL REGIONAL DO TRABALHO DA 1ª REGIÃO-RJ (o que ele paga fica de fora)
CNJ,202505,DAIANE NOGUEIRA DE LIRA,Conselheiro do CNJ,,14286.85,0.00,,0.00,0.00,,,0.00,14286.85,10508.90,,https://www.cnj.jus.br/remuneracao/,página oficial da folha do CNJ (conselheiros); órgão de origem: ADVOCACIA-GERAL DA UNIÃO (o que ele paga fica de fora)
CNJ,202505,DANIELA PEREIRA MADEIRA,Conselheiro do CNJ,,4294.67,0.00,,0.00,0.00,,,0.00,4294.67,11615.10,,https://www.cnj.jus.br/remuneracao/,página oficial da folha do CNJ (conselheiros); órgão de origem: TRIBUNAL REGIONAL FEDERAL DA 2ª REGIÃO (o que ele paga fica de fora)
CNJ,202505,GUILHERME GUIMARAES FELICIANO,Conselheiro do CNJ,,4294.67,0.00,,0.00,0.00,,,0.00,4294.67,8296.50,,https://www.cnj.jus.br/remuneracao/,página oficial da folha do CNJ (conselheiros); órgão de origem: TRIBUNAL REGIONAL DO TRABALHO DA 15ª REGIÃO (o que ele paga fica de fora)
CNJ,202505,JOÃO PAULO SANTOS SCHOUCAIR,Conselheiro do CNJ,,5131.58,0.00,,0.00,0.00,,,0.00,5131.58,11062.00,,https://www.cnj.jus.br/remuneracao/,página oficial da folha do CNJ (conselheiros); órgão de origem: MINISTÉRIO PÚBLICO DO ESTADO DA BAHIA (o que ele paga fica de fora)
CNJ,202505,JOSÉ EDIVALDO ROCHA ROTONDANO,Conselheiro do CNJ,,2202.39,0.00,,0.00,0.00,,,0.00,2202.39,11298.50,,https://www.cnj.jus.br/remuneracao/,página oficial da folha do CNJ (conselheiros); órgão de origem: TRIBUNAL DE JUSTIÇA DO EST. DA BAHIA (o que ele paga fica de fora)
CNJ,202505,MARCELLO TERTO E SILVA,Conselheiro do CNJ,GABINETE VAGA 2 ADVOGADO,710.37,0.00,,3964.30,0.00,,,0.00,4674.67,1659.30,,https://www.cnj.jus.br/remuneracao/,"página oficial da folha do CNJ (conselheiros); órgão de origem: PROCURADORIA GERAL DO ESTADO DE GOIAS (o que ele paga fica de fora); a página mostra o subsídio como "",10.37"": o valor aqui é o total da página menos as outras partes"
CNJ,202505,MÔNICA AUTRAN MACHADO NOBRE,Conselheiro do CNJ,,2202.39,0.00,,0.00,0.00,,,0.00,2202.39,11062.00,,https://www.cnj.jus.br/remuneracao/,página oficial da folha do CNJ (conselheiros); órgão de origem: TRIBUNAL REGIONAL FEDERAL - 3ª REGIÃO (o que ele paga fica de fora)
CNJ,202505,PABLO COUTINHO BARRETO,Conselheiro do CNJ,,2202.39,0.00,,3261.64,0.00,,,0.00,5464.03,6637.20,,https://www.cnj.jus.br/remuneracao/,página oficial da folha do CNJ (conselheiros); órgão de origem: MINISTERIO PUBLICO FEDERAL (o que ele paga fica de fora)
CNJ,202505,RENATA GIL DE ALCÂNTARA VIDEIRA,Conselheiro do CNJ,,4294.67,0.00,,0.00,0.00,,,0.00,4294.67,8849.60,,https://www.cnj.jus.br/remuneracao/,página oficial da folha do CNJ (conselheiros); órgão de origem: TRIBUNAL DE JUSTIÇA DO ESTADO DO RIO DE JANEIRO (o que ele paga fica de fora)
CNJ,202505,RODRIGO BADARÓ ALMEIDA DE CASTRO,Conselheiro do CNJ,GABINETE VAGA CIDADÃO SENADO,44047.88,0.00,,9713.02,0.00,,,0.00,53760.90,0.00,,https://www.cnj.jus.br/remuneracao/,página oficial da folha do CNJ (conselheiros)
CNJ,202505,ULISSES RABANEDA DOS SANTOS,Conselheiro do CNJ,GABINETE VAGA 1 ADVOGADO,44047.88,0.00,,1784.42,0.00,,,0.00,45832.30,5531.00,,https://www.cnj.jus.br/remuneracao/,página oficial da folha do CNJ (conselheiros)
CNJ,202506,ALEXANDRE TEIXEIRA DE FREITAS BASTOS CUNHA,Conselheiro do CNJ,,2202.39,0.00,,0.00,0.00,,,0.00,2202.39,7743.40,,https://www.cnj.jus.br/remuneracao/,página oficial da folha do CNJ (conselheiros); órgão de origem: TRIBUNAL REGIONAL DO TRABALHO DA 1ª REGIÃO-RJ (o que ele paga fica de fora)
CNJ,202506,DAIANE NOGUEIRA DE LIRA,Conselheiro do CNJ,,14286.85,0.00,,7928.60,0.00,,,0.00,22215.45,8296.50,,https://www.cnj.jus.br/remuneracao/,página oficial da folha do CNJ (conselheiros); órgão de origem: ADVOCACIA-GERAL DA UNIÃO (o que ele paga fica de fora)
CNJ,202506,DANIELA PEREIRA MADEIRA,Conselheiro do CNJ,,4294.67,0.00,,0.00,0.00,,,0.00,4294.67,16039.90,,https://www.cnj.jus.br/remuneracao/,página oficial da folha do CNJ (conselheiros); órgão de origem: TRIBUNAL REGIONAL FEDERAL DA 2ª REGIÃO (o que ele paga fica de fora)
CNJ,202506,GUILHERME GUIMARAES FELICIANO,Conselheiro do CNJ,,4294.67,0.00,,0.00,0.00,,,0.00,4294.67,11062.00,,https://www.cnj.jus.br/remuneracao/,página oficial da folha do CNJ (conselheiros); órgão de origem: TRIBUNAL REGIONAL DO TRABALHO DA 15ª REGIÃO (o que ele paga fica de fora)
CNJ,202506,JOÃO PAULO SANTOS SCHOUCAIR,Conselheiro do CNJ,,5131.58,0.00,,4756.10,0.00,,,0.00,9887.68,11062.00,,https://www.cnj.jus.br/remuneracao/,página oficial da folha do CNJ (conselheiros); órgão de origem: MINISTÉRIO PÚBLICO DO ESTADO DA BAHIA (o que ele paga fica de fora)
CNJ,202506,JOSÉ EDIVALDO ROCHA ROTONDANO,Conselheiro do CNJ,,2202.39,0.00,,0.00,0.00,,,0.00,2202.39,1106.20,,https://www.cnj.jus.br/remuneracao/,página oficial da folha do CNJ (conselheiros); órgão de origem: TRIBUNAL DE JUSTIÇA DO EST. DA BAHIA (o que ele paga fica de fora)
CNJ,202506,MARCELLO TERTO E SILVA,Conselheiro do CNJ,GABINETE VAGA 2 ADVOGADO,0.00,0.00,,5386.95,0.00,,,0.00,5386.95,12168.20,,https://www.cnj.jus.br/remuneracao/,página oficial da folha do CNJ (conselheiros); órgão de origem: PROCURADORIA GERAL DO ESTADO DE GOIAS (o que ele paga fica de fora)
CNJ,202506,MÔNICA AUTRAN MACHADO NOBRE,Conselheiro do CNJ,,2202.39,0.00,,0.00,0.00,,,0.00,2202.39,6084.10,,https://www.cnj.jus.br/remuneracao/,página oficial da folha do CNJ (conselheiros); órgão de origem: TRIBUNAL REGIONAL FEDERAL - 3ª REGIÃO (o que ele paga fica de fora)
CNJ,202506,PABLO COUTINHO BARRETO,Conselheiro do CNJ,,2202.39,0.00,,6523.28,0.00,,,0.00,8725.67,2765.50,,https://www.cnj.jus.br/remuneracao/,página oficial da folha do CNJ (conselheiros); órgão de origem: MINISTERIO PUBLICO FEDERAL (o que ele paga fica de fora)
CNJ,202506,RENATA GIL DE ALCÂNTARA VIDEIRA,Conselheiro do CNJ,,4294.67,0.00,,0.00,0.00,,,0.00,4294.67,8849.60,,https://www.cnj.jus.br/remuneracao/,página oficial da folha do CNJ (conselheiros); órgão de origem: TRIBUNAL DE JUSTIÇA DO ESTADO DO RIO DE JANEIRO (o que ele paga fica de fora)
CNJ,202506,RODRIGO BADARÓ ALMEIDA DE CASTRO,Conselheiro do CNJ,GABINETE VAGA CIDADÃO SENADO,44047.88,0.00,,5748.72,0.00,,,18353.28,68149.88,0.00,,https://www.cnj.jus.br/remuneracao/,página oficial da folha do CNJ (conselheiros)
CNJ,202506,ULISSES RABANEDA DOS SANTOS,Conselheiro do CNJ,GABINETE VAGA 1 ADVOGADO,44047.88,0.00,,1784.42,0.00,,,20188.61,66020.91,5531.00,,https://www.cnj.jus.br/remuneracao/,página oficial da folha do CNJ (conselheiros)
CNJ,202507,ALEXANDRE TEIXEIRA DE FREITAS BASTOS CUNHA,Conselheiro do CNJ,,2202.39,0.00,,0.00,0.00,,,0.00,2202.39,16039.90,,https://www.cnj.jus.br/remuneracao/,página oficial da folha do CNJ (conselheiros); órgão de origem: TRIBUNAL REGIONAL DO TRABALHO DA 1ª REGIÃO-RJ (o que ele paga fica de fora)
CNJ,202507,DAIANE NOGUEIRA DE LIRA,Conselheiro do CNJ,,14286.85,0.00,,3964.30,0.00,,,0.00,18251.15,0.00,,https://www.cnj.jus.br/remuneracao/,página oficial da folha do CNJ (conselheiros); órgão de origem: ADVOCACIA-GERAL DA UNIÃO (o que ele paga fica de fora)
CNJ,202507,DANIELA PEREIRA MADEIRA,Conselheiro do CNJ,,4294.67,0.00,,0.00,0.00,,,0.00,4294.67,8296.50,,https://www.cnj.jus.br/remuneracao/,página oficial da folha do CNJ (conselheiros); órgão de origem: TRIBUNAL REGIONAL FEDERAL DA 2ª REGIÃO (o que ele paga fica de fora)
CNJ,202507,GUILHERME GUIMARAES FELICIANO,Conselheiro do CNJ,,4294.67,0.00,,0.00,0.00,,,0.00,4294.67,22677.10,,https://www.cnj.jus.br/remuneracao/,página oficial da folha do CNJ (conselheiros); órgão de origem: TRIBUNAL REGIONAL DO TRABALHO DA 15ª REGIÃO (o que ele paga fica de fora)
CNJ,202507,JOÃO PAULO SANTOS SCHOUCAIR,Conselheiro do CNJ,,5131.58,0.00,,0.00,0.00,,,0.00,5131.58,14933.70,,https://www.cnj.jus.br/remuneracao/,página oficial da folha do CNJ (conselheiros); órgão de origem: MINISTÉRIO PÚBLICO DO ESTADO DA BAHIA (o que ele paga fica de fora)
CNJ,202507,JOSÉ EDIVALDO ROCHA ROTONDANO,Conselheiro do CNJ,,2202.39,0.00,,0.00,0.00,,,0.00,2202.39,12168.20,,https://www.cnj.jus.br/remuneracao/,página oficial da folha do CNJ (conselheiros); órgão de origem: TRIBUNAL DE JUSTIÇA DO EST. DA BAHIA (o que ele paga fica de fora)
CNJ,202507,MÔNICA AUTRAN MACHADO NOBRE,Conselheiro do CNJ,,2202.39,0.00,,0.00,0.00,,,0.00,2202.39,2765.50,,https://www.cnj.jus.br/remuneracao/,página oficial da folha do CNJ (conselheiros); órgão de origem: TRIBUNAL REGIONAL FEDERAL - 3ª REGIÃO (o que ele paga fica de fora)
CNJ,202507,PABLO COUTINHO BARRETO,Conselheiro do CNJ,,2202.39,0.00,,9784.92,0.00,,,0.00,11987.31,11062.00,,https://www.cnj.jus.br/remuneracao/,página oficial da folha do CNJ (conselheiros); órgão de origem: MINISTERIO PUBLICO FEDERAL (o que ele paga fica de fora)
CNJ,202507,RENATA GIL DE ALCÂNTARA VIDEIRA,Conselheiro do CNJ,,4294.67,0.00,,0.00,0.00,,,0.00,4294.67,16593.00,,https://www.cnj.jus.br/remuneracao/,página oficial da folha do CNJ (conselheiros); órgão de origem: TRIBUNAL DE JUSTIÇA DO ESTADO DO RIO DE JANEIRO (o que ele paga fica de fora)
CNJ,202507,RODRIGO BADARÓ ALMEIDA DE CASTRO,Conselheiro do CNJ,GABINETE VAGA CIDADÃO SENADO,44047.88,0.00,,5748.72,0.00,,,0.00,49796.60,0.00,,https://www.cnj.jus.br/remuneracao/,página oficial da folha do CNJ (conselheiros)
CNJ,202507,ULISSES RABANEDA DOS SANTOS,Conselheiro do CNJ,GABINETE VAGA 1 ADVOGADO,44047.88,0.00,,1784.42,0.00,,,0.00,45832.30,8296.50,,https://www.cnj.jus.br/remuneracao/,página oficial da folha do CNJ (conselheiros)
CNJ,202508,ALEXANDRE TEIXEIRA DE FREITAS BASTOS CUNHA,Conselheiro do CNJ,,2202.39,0.00,,0.00,0.00,,,0.00,2202.39,8296.50,,https://www.cnj.jus.br/remuneracao/,página oficial da folha do CNJ (conselheiros); órgão de origem: TRIBUNAL REGIONAL DO TRABALHO DA 1ª REGIÃO-RJ (o que ele paga fica de fora)
CNJ,202508,DAIANE NOGUEIRA DE LIRA,Conselheiro do CNJ,,11608.36,0.00,,3964.30,0.00,,,0.00,15572.66,6084.10,,https://www.cnj.jus.br/remuneracao/,página oficial da folha do CNJ (conselheiros); órgão de origem: ADVOCACIA-GERAL DA UNIÃO (o que ele paga fica de fora)
CNJ,202508,DANIELA PEREIRA MADEIRA,Conselheiro do CNJ,,4294.67,0.00,,0.00,0.00,,,0.00,4294.67,19358.50,,https://www.cnj.jus.br/remuneracao/,página oficial da folha do CNJ (conselheiros); órgão de origem: TRIBUNAL REGIONAL FEDERAL DA 2ª REGIÃO (o que ele paga fica de fora)
CNJ,202508,GUILHERME GUIMARAES FELICIANO,Conselheiro do CNJ,,4294.67,0.00,,0.00,0.00,,,0.00,4294.67,14933.70,,https://www.cnj.jus.br/remuneracao/,página oficial da folha do CNJ (conselheiros); órgão de origem: TRIBUNAL REGIONAL DO TRABALHO DA 15ª REGIÃO (o que ele paga fica de fora)
CNJ,202508,JOÃO PAULO SANTOS SCHOUCAIR,Conselheiro do CNJ,,5131.58,0.00,,0.00,0.00,,,0.00,5131.58,15486.80,,https://www.cnj.jus.br/remuneracao/,página oficial da folha do CNJ (conselheiros); órgão de origem: MINISTÉRIO PÚBLICO DO ESTADO DA BAHIA (o que ele paga fica de fora)
CNJ,202508,JOSÉ EDIVALDO ROCHA ROTONDANO,Conselheiro do CNJ,,2202.39,0.00,,0.00,0.00,,,0.00,2202.39,14380.60,,https://www.cnj.jus.br/remuneracao/,página oficial da folha do CNJ (conselheiros); órgão de origem: TRIBUNAL DE JUSTIÇA DO EST. DA BAHIA (o que ele paga fica de fora)
CNJ,202508,MARCELLO TERTO E SILVA,Conselheiro do CNJ,GABINETE VAGA 2 ADVOGADO,0.00,0.00,,11841.29,0.00,,,0.00,11841.29,13827.50,,https://www.cnj.jus.br/remuneracao/,página oficial da folha do CNJ (conselheiros); órgão de origem: PROCURADORIA GERAL DO ESTADO DE GOIAS (o que ele paga fica de fora)
CNJ,202508,MÔNICA AUTRAN MACHADO NOBRE,Conselheiro do CNJ,,2202.39,0.00,,0.00,0.00,,,0.00,2202.39,8296.50,,https://www.cnj.jus.br/remuneracao/,página oficial da folha do CNJ (conselheiros); órgão de origem: TRIBUNAL REGIONAL FEDERAL - 3ª REGIÃO (o que ele paga fica de fora)
CNJ,202508,PABLO COUTINHO BARRETO,Conselheiro do CNJ,,2202.39,0.00,,0.00,0.00,,,0.00,2202.39,8296.50,,https://www.cnj.jus.br/remuneracao/,página oficial da folha do CNJ (conselheiros); órgão de origem: MINISTERIO PUBLICO FEDERAL (o que ele paga fica de fora)
CNJ,202508,RENATA GIL DE ALCÂNTARA VIDEIRA,Conselheiro do CNJ,,4294.67,0.00,,0.00,0.00,,,0.00,4294.67,21834.44,,https://www.cnj.jus.br/remuneracao/,página oficial da folha do CNJ (conselheiros); órgão de origem: TRIBUNAL DE JUSTIÇA DO ESTADO DO RIO DE JANEIRO (o que ele paga fica de fora)
CNJ,202508,RODRIGO BADARÓ ALMEIDA DE CASTRO,Conselheiro do CNJ,GABINETE VAGA CIDADÃO SENADO,44047.88,0.00,,5748.72,0.00,,,0.00,49796.60,4977.90,,https://www.cnj.jus.br/remuneracao/,página oficial da folha do CNJ (conselheiros)
CNJ,202508,ULISSES RABANEDA DOS SANTOS,Conselheiro do CNJ,GABINETE VAGA 1 ADVOGADO,44047.88,0.00,,1784.42,0.00,,,0.00,45832.30,1659.30,,https://www.cnj.jus.br/remuneracao/,página oficial da folha do CNJ (conselheiros)
CNJ,202509,ALEXANDRE TEIXEIRA DE FREITAS BASTOS CUNHA,Conselheiro do CNJ,,2202.39,0.00,,0.00,0.00,,,0.00,2202.39,11615.10,,https://www.cnj.jus.br/remuneracao/,página oficial da folha do CNJ (conselheiros); órgão de origem: TRIBUNAL REGIONAL DO TRABALHO DA 1ª REGIÃO-RJ (o que ele paga fica de fora)
CNJ,202509,DAIANE NOGUEIRA DE LIRA,Conselheiro do CNJ,,11608.36,0.00,,3964.30,0.00,,,0.00,15572.66,2212.40,,https://www.cnj.jus.br/remuneracao/,página oficial da folha do CNJ (conselheiros); órgão de origem: ADVOCACIA-GERAL DA UNIÃO (o que ele paga fica de fora)
CNJ,202509,DANIELA PEREIRA MADEIRA,Conselheiro do CNJ,,4294.67,0.00,,0.00,0.00,,,0.00,4294.67,22437.88,,https://www.cnj.jus.br/remuneracao/,página oficial da folha do CNJ (conselheiros); órgão de origem: TRIBUNAL REGIONAL FEDERAL DA 2ª REGIÃO (o que ele paga fica de fora)
CNJ,202509,GUILHERME GUIMARAES FELICIANO,Conselheiro do CNJ,,4294.67,0.00,,0.00,0.00,,,0.00,4294.67,9402.70,,https://www.cnj.jus.br/remuneracao/,página oficial da folha do CNJ (conselheiros); órgão de origem: TRIBUNAL REGIONAL DO TRABALHO DA 15ª REGIÃO (o que ele paga fica de fora)
CNJ,202509,JOÃO PAULO SANTOS SCHOUCAIR,Conselheiro do CNJ,,5131.58,0.00,,0.00,0.00,,,0.00,5131.58,12721.30,,https://www.cnj.jus.br/remuneracao/,página oficial da folha do CNJ (conselheiros); órgão de origem: MINISTÉRIO PÚBLICO DO ESTADO DA BAHIA (o que ele paga fica de fora)
CNJ,202509,JOSÉ EDIVALDO ROCHA ROTONDANO,Conselheiro do CNJ,,2202.39,0.00,,0.00,0.00,,,0.00,2202.39,9955.80,,https://www.cnj.jus.br/remuneracao/,página oficial da folha do CNJ (conselheiros); órgão de origem: TRIBUNAL DE JUSTIÇA DO EST. DA BAHIA (o que ele paga fica de fora)
CNJ,202509,MARCELLO TERTO E SILVA,Conselheiro do CNJ,GABINETE VAGA 2 ADVOGADO,0.00,0.00,,5803.97,0.00,,,0.00,5803.97,11062.00,,https://www.cnj.jus.br/remuneracao/,página oficial da folha do CNJ (conselheiros); órgão de origem: PROCURADORIA GERAL DO ESTADO DE GOIAS (o que ele paga fica de fora)
CNJ,202509,MÔNICA AUTRAN MACHADO NOBRE,Conselheiro do CNJ,,2202.39,0.00,,0.00,0.00,,,0.00,2202.39,11615.10,,https://www.cnj.jus.br/remuneracao/,página oficial da folha do CNJ (conselheiros); órgão de origem: TRIBUNAL REGIONAL FEDERAL - 3ª REGIÃO (o que ele paga fica de fora)
CNJ,202509,PABLO COUTINHO BARRETO,Conselheiro do CNJ,,2202.39,0.00,,0.00,0.00,,,0.00,2202.39,9955.80,,https://www.cnj.jus.br/remuneracao/,página oficial da folha do CNJ (conselheiros); órgão de origem: MINISTERIO PUBLICO FEDERAL (o que ele paga fica de fora)
CNJ,202509,RENATA GIL DE ALCÂNTARA VIDEIRA,Conselheiro do CNJ,,4294.67,0.00,,0.00,0.00,,,0.00,4294.67,6084.10,,https://www.cnj.jus.br/remuneracao/,página oficial da folha do CNJ (conselheiros); órgão de origem: TRIBUNAL DE JUSTIÇA DO ESTADO DO RIO DE JANEIRO (o que ele paga fica de fora)
CNJ,202509,RODRIGO BADARÓ ALMEIDA DE CASTRO,Conselheiro do CNJ,GABINETE VAGA CIDADÃO SENADO,44047.88,0.00,,5748.72,0.00,,,0.00,49796.60,0.00,,https://www.cnj.jus.br/remuneracao/,página oficial da folha do CNJ (conselheiros)
CNJ,202509,ULISSES RABANEDA DOS SANTOS,Conselheiro do CNJ,GABINETE VAGA 1 ADVOGADO,44047.88,0.00,,1784.42,0.00,,,0.00,45832.30,0.00,,https://www.cnj.jus.br/remuneracao/,página oficial da folha do CNJ (conselheiros)
CNJ,202510,ALEXANDRE TEIXEIRA DE FREITAS BASTOS CUNHA,Conselheiro do CNJ,,2202.39,0.00,,0.00,0.00,,,0.00,2202.39,9955.80,,https://www.cnj.jus.br/remuneracao/,página oficial da folha do CNJ (conselheiros); órgão de origem: TRIBUNAL REGIONAL DO TRABALHO DA 1ª REGIÃO-RJ (o que ele paga fica de fora)
CNJ,202510,DAIANE NOGUEIRA DE LIRA,Conselheiro do CNJ,,11608.36,0.00,,3964.30,0.00,,,0.00,15572.66,7743.40,,https://www.cnj.jus.br/remuneracao/,página oficial da folha do CNJ (conselheiros); órgão de origem: ADVOCACIA-GERAL DA UNIÃO (o que ele paga fica de fora)
CNJ,202510,DANIELA PEREIRA MADEIRA,Conselheiro do CNJ,,4294.67,0.00,,0.00,0.00,,,0.00,4294.67,19545.29,,https://www.cnj.jus.br/remuneracao/,página oficial da folha do CNJ (conselheiros); órgão de origem: TRIBUNAL REGIONAL FEDERAL DA 2ª REGIÃO (o que ele paga fica de fora)
CNJ,202510,GUILHERME GUIMARAES FELICIANO,Conselheiro do CNJ,,4294.67,0.00,,0.00,0.00,,,0.00,4294.67,14933.70,,https://www.cnj.jus.br/remuneracao/,página oficial da folha do CNJ (conselheiros); órgão de origem: TRIBUNAL REGIONAL DO TRABALHO DA 15ª REGIÃO (o que ele paga fica de fora)
CNJ,202510,JOÃO PAULO SANTOS SCHOUCAIR,Conselheiro do CNJ,,5131.58,0.00,,0.00,0.00,,,0.00,5131.58,21017.80,,https://www.cnj.jus.br/remuneracao/,página oficial da folha do CNJ (conselheiros); órgão de origem: MINISTÉRIO PÚBLICO DO ESTADO DA BAHIA (o que ele paga fica de fora)
CNJ,202510,JOSÉ EDIVALDO ROCHA ROTONDANO,Conselheiro do CNJ,,2202.39,0.00,,0.00,0.00,,,0.00,2202.39,4977.90,,https://www.cnj.jus.br/remuneracao/,página oficial da folha do CNJ (conselheiros); órgão de origem: TRIBUNAL DE JUSTIÇA DO EST. DA BAHIA (o que ele paga fica de fora)
CNJ,202510,MARCELLO TERTO E SILVA,Conselheiro do CNJ,GABINETE VAGA 2 ADVOGADO,0.00,0.00,,5894.84,0.00,,,0.00,5894.84,11062.00,,https://www.cnj.jus.br/remuneracao/,página oficial da folha do CNJ (conselheiros); órgão de origem: PROCURADORIA GERAL DO ESTADO DE GOIAS (o que ele paga fica de fora)
CNJ,202510,MÔNICA AUTRAN MACHADO NOBRE,Conselheiro do CNJ,,2202.39,0.00,,0.00,0.00,,,0.00,2202.39,11615.10,,https://www.cnj.jus.br/remuneracao/,página oficial da folha do CNJ (conselheiros); órgão de origem: TRIBUNAL REGIONAL FEDERAL - 3ª REGIÃO (o que ele paga fica de fora)
CNJ,202510,PABLO COUTINHO BARRETO,Conselheiro do CNJ,,2202.39,0.00,,0.00,0.00,,,1045.20,3247.59,0.00,,https://www.cnj.jus.br/remuneracao/,página oficial da folha do CNJ (conselheiros); órgão de origem: MINISTERIO PUBLICO FEDERAL (o que ele paga fica de fora)
CNJ,202510,RENATA GIL DE ALCÂNTARA VIDEIRA,Conselheiro do CNJ,,4294.67,0.00,,0.00,0.00,,,0.00,4294.67,4977.90,,https://www.cnj.jus.br/remuneracao/,página oficial da folha do CNJ (conselheiros); órgão de origem: TRIBUNAL DE JUSTIÇA DO ESTADO DO RIO DE JANEIRO (o que ele paga fica de fora)
CNJ,202510,RODRIGO BADARÓ ALMEIDA DE CASTRO,Conselheiro do CNJ,GABINETE VAGA CIDADÃO SENADO,44047.88,0.00,,5748.72,0.00,,,0.00,49796.60,3871.70,,https://www.cnj.jus.br/remuneracao/,página oficial da folha do CNJ (conselheiros)
CNJ,202510,ULISSES RABANEDA DOS SANTOS,Conselheiro do CNJ,GABINETE VAGA 1 ADVOGADO,44047.88,0.00,,1784.42,0.00,,,0.00,45832.30,11062.00,,https://www.cnj.jus.br/remuneracao/,página oficial da folha do CNJ (conselheiros)
CNJ,202512,ALEXANDRE TEIXEIRA DE FREITAS BASTOS CUNHA,Conselheiro do CNJ,,2202.39,0.00,,0.00,0.00,,,2202.39,4404.78,6084.10,,https://www.cnj.jus.br/remuneracao/,página oficial da folha do CNJ (conselheiros); órgão de origem: TRIBUNAL REGIONAL DO TRABALHO DA 1ª REGIÃO-RJ (o que ele paga fica de fora)
CNJ,202512,DAIANE NOGUEIRA DE LIRA,Conselheiro do CNJ,,11608.36,0.00,,3964.30,0.00,,,13340.46,28913.12,553.10,,https://www.cnj.jus.br/remuneracao/,página oficial da folha do CNJ (conselheiros); órgão de origem: ADVOCACIA-GERAL DA UNIÃO (o que ele paga fica de fora)
CNJ,202512,DANIELA PEREIRA MADEIRA,Conselheiro do CNJ,,4294.67,0.00,,0.00,0.00,,,4294.67,8589.34,6637.20,,https://www.cnj.jus.br/remuneracao/,página oficial da folha do CNJ (conselheiros); órgão de origem: TRIBUNAL REGIONAL FEDERAL DA 2ª REGIÃO (o que ele paga fica de fora)
CNJ,202512,GUILHERME GUIMARAES FELICIANO,Conselheiro do CNJ,,4294.67,0.00,,0.00,0.00,,,4294.67,8589.34,4977.90,,https://www.cnj.jus.br/remuneracao/,página oficial da folha do CNJ (conselheiros); órgão de origem: TRIBUNAL REGIONAL DO TRABALHO DA 15ª REGIÃO (o que ele paga fica de fora)
CNJ,202512,JOÃO PAULO SANTOS SCHOUCAIR,Conselheiro do CNJ,,5131.58,0.00,,0.00,0.00,,,5131.58,10263.16,0.00,,https://www.cnj.jus.br/remuneracao/,página oficial da folha do CNJ (conselheiros); órgão de origem: MINISTÉRIO PÚBLICO DO ESTADO DA BAHIA (o que ele paga fica de fora)
CNJ,202512,JOSÉ EDIVALDO ROCHA ROTONDANO,Conselheiro do CNJ,,2202.39,0.00,,0.00,0.00,,,2202.39,4404.78,8296.50,,https://www.cnj.jus.br/remuneracao/,página oficial da folha do CNJ (conselheiros); órgão de origem: TRIBUNAL DE JUSTIÇA DO EST. DA BAHIA (o que ele paga fica de fora)
CNJ,202512,MARCELLO TERTO E SILVA,Conselheiro do CNJ,GABINETE VAGA 2 ADVOGADO,0.00,0.00,,11789.08,0.00,,,0.00,11789.08,11062.00,,https://www.cnj.jus.br/remuneracao/,página oficial da folha do CNJ (conselheiros); órgão de origem: PROCURADORIA GERAL DO ESTADO DE GOIAS (o que ele paga fica de fora)
CNJ,202512,MÔNICA AUTRAN MACHADO NOBRE,Conselheiro do CNJ,,2202.39,0.00,,0.00,0.00,,,2202.39,4404.78,0.00,,https://www.cnj.jus.br/remuneracao/,página oficial da folha do CNJ (conselheiros); órgão de origem: TRIBUNAL REGIONAL FEDERAL - 3ª REGIÃO (o que ele paga fica de fora)
CNJ,202512,RENATA GIL DE ALCÂNTARA VIDEIRA,Conselheiro do CNJ,,4294.67,0.00,,0.00,0.00,,,4294.67,8589.34,12721.30,,https://www.cnj.jus.br/remuneracao/,página oficial da folha do CNJ (conselheiros); órgão de origem: TRIBUNAL DE JUSTIÇA DO ESTADO DO RIO DE JANEIRO (o que ele paga fica de fora)
CNJ,202512,RODRIGO BADARÓ ALMEIDA DE CASTRO,Conselheiro do CNJ,GABINETE VAGA CIDADÃO SENADO,44047.88,0.00,,5748.72,0.00,,,36706.57,86503.17,0.00,,https://www.cnj.jus.br/remuneracao/,página oficial da folha do CNJ (conselheiros)
CNJ,202512,SILVIO ROBERTO OLIVEIRA DE AMORIM JUNIOR,Conselheiro do CNJ,GABINETE VAGA MEMBRO MPU,2202.39,0.00,,0.00,0.00,,,0.00,2202.39,3871.70,,https://www.cnj.jus.br/remuneracao/,página oficial da folha do CNJ (conselheiros); órgão de origem: MINISTÉRIO PÚBLICO FEDERAL (o que ele paga fica de fora)
CNJ,202512,ULISSES RABANEDA DOS SANTOS,Conselheiro do CNJ,GABINETE VAGA 1 ADVOGADO,44047.88,0.00,,1784.42,0.00,,,40377.22,86209.52,0.00,,https://www.cnj.jus.br/remuneracao/,página oficial da folha do CNJ (conselheiros)
CNJ,202601,ALEXANDRE TEIXEIRA DE FREITAS BASTOS CUNHA,Conselheiro do CNJ,,2202.39,0.00,,0.00,0.00,,,0.00,2202.39,4613.47,,https://www.cnj.jus.br/remuneracao/,página oficial da folha do CNJ (conselheiros); órgão de origem: TRIBUNAL REGIONAL DO TRABALHO DA 1ª REGIÃO-RJ (o que ele paga fica de fora)
CNJ,202601,DAIANE NOGUEIRA DE LIRA,Conselheiro do CNJ,,11608.36,0.00,,3964.30,0.00,,,0.00,15572.66,0.00,,https://www.cnj.jus.br/remuneracao/,página oficial da folha do CNJ (conselheiros); órgão de origem: ADVOCACIA-GERAL DA UNIÃO (o que ele paga fica de fora)
CNJ,202601,DANIELA PEREIRA MADEIRA,Conselheiro do CNJ,,4294.67,0.00,,0.00,0.00,,,0.00,4294.67,0.00,,https://www.cnj.jus.br/remuneracao/,página oficial da folha do CNJ (conselheiros); órgão de origem: TRIBUNAL REGIONAL FEDERAL DA 2ª REGIÃO (o que ele paga fica de fora)
CNJ,202601,GUILHERME GUIMARAES FELICIANO,Conselheiro do CNJ,,4294.67,0.00,,0.00,0.00,,,0.00,4294.67,7261.05,,https://www.cnj.jus.br/remuneracao/,página oficial da folha do CNJ (conselheiros); órgão de origem: TRIBUNAL REGIONAL DO TRABALHO DA 15ª REGIÃO (o que ele paga fica de fora)
CNJ,202601,JOÃO PAULO SANTOS SCHOUCAIR,Conselheiro do CNJ,,5131.58,0.00,,0.00,0.00,,,0.00,5131.58,48197.02,,https://www.cnj.jus.br/remuneracao/,página oficial da folha do CNJ (conselheiros); órgão de origem: MINISTÉRIO PÚBLICO DO ESTADO DA BAHIA (o que ele paga fica de fora)
CNJ,202601,JOSÉ EDIVALDO ROCHA ROTONDANO,Conselheiro do CNJ,,2202.39,0.00,,0.00,0.00,,,0.00,2202.39,0.00,,https://www.cnj.jus.br/remuneracao/,página oficial da folha do CNJ (conselheiros); órgão de origem: TRIBUNAL DE JUSTIÇA DO EST. DA BAHIA (o que ele paga fica de fora)
CNJ,202601,MÔNICA AUTRAN MACHADO NOBRE,Conselheiro do CNJ,,2202.39,0.00,,0.00,0.00,,,0.00,2202.39,0.00,,https://www.cnj.jus.br/remuneracao/,página oficial da folha do CNJ (conselheiros); órgão de origem: TRIBUNAL REGIONAL FEDERAL - 3ª REGIÃO (o que ele paga fica de fora)
CNJ,202601,RENATA GIL DE ALCÂNTARA VIDEIRA,Conselheiro do CNJ,,4294.67,0.00,,0.00,0.00,,,0.00,4294.67,0.00,,https://www.cnj.jus.br/remuneracao/,página oficial da folha do CNJ (conselheiros); órgão de origem: TRIBUNAL DE JUSTIÇA DO ESTADO DO RIO DE JANEIRO (o que ele paga fica de fora)
CNJ,202601,RODRIGO BADARÓ ALMEIDA DE CASTRO,Conselheiro do CNJ,GABINETE VAGA CIDADÃO SENADO,44047.88,0.00,,5748.72,0.00,,,0.00,49796.60,2883.42,,https://www.cnj.jus.br/remuneracao/,página oficial da folha do CNJ (conselheiros)
CNJ,202601,SILVIO ROBERTO OLIVEIRA DE AMORIM JUNIOR,Conselheiro do CNJ,GABINETE VAGA MEMBRO MPU,2202.39,0.00,,0.00,0.00,,,0.00,2202.39,27896.90,,https://www.cnj.jus.br/remuneracao/,página oficial da folha do CNJ (conselheiros); órgão de origem: MINISTÉRIO PÚBLICO FEDERAL (o que ele paga fica de fora)
CNJ,202601,ULISSES RABANEDA DOS SANTOS,Conselheiro do CNJ,GABINETE VAGA 1 ADVOGADO,44047.88,0.00,,1784.42,0.00,,,0.00,45832.30,0.00,,https://www.cnj.jus.br/remuneracao/,página oficial da folha do CNJ (conselheiros)
CNJ,202602,ALEXANDRE TEIXEIRA DE FREITAS BASTOS CUNHA,Conselheiro do CNJ,,2202.39,0.00,,0.00,0.00,,,0.00,2202.39,0.00,,https://www.cnj.jus.br/remuneracao/,página oficial da folha do CNJ (conselheiros); órgão de origem: TRIBUNAL REGIONAL DO TRABALHO DA 1ª REGIÃO-RJ (o que ele paga fica de fora)
CNJ,202602,DAIANE NOGUEIRA DE LIRA,Conselheiro do CNJ,GABINETE VAGA CIDADÃO CÂMARA,11608.36,0.00,,0.00,0.00,,,0.00,11608.36,0.00,,https://www.cnj.jus.br/remuneracao/,página oficial da folha do CNJ (conselheiros); órgão de origem: ADVOCACIA-GERAL DA UNIÃO (o que ele paga fica de fora)
CNJ,202602,FÁBIO FRANCISCO ESTEVES,Conselheiro do CNJ,GABINETE VAGA JUIZ ESTADUAL,4008.36,0.00,,0.00,0.00,,,0.00,4008.36,0.00,,https://www.cnj.jus.br/remuneracao/,página oficial da folha do CNJ (conselheiros); órgão de origem: TRIBUNAL DE JUSTIÇA DO DISTRITO FEDERAL E DOS TERRITÓRIOS (o que ele paga fica de fora)
CNJ,202602,GUILHERME GUIMARAES FELICIANO,Conselheiro do CNJ,,4294.67,0.00,,0.00,0.00,,,0.00,4294.67,11533.70,,https://www.cnj.jus.br/remuneracao/,página oficial da folha do CNJ (conselheiros); órgão de origem: TRIBUNAL REGIONAL DO TRABALHO DA 15ª REGIÃO (o que ele paga fica de fora)
CNJ,202602,JACEGUARA DANTAS DA SILVA,Conselheiro do CNJ,GABINETE VAGA DESEMBARGADOR TJ,2055.56,0.00,,44047.88,0.00,,,0.00,46103.44,11533.69,,https://www.cnj.jus.br/remuneracao/,página oficial da folha do CNJ (conselheiros); órgão de origem: TRIBUNAL DE JUSTIÇA DO MATO GROSSO DO SUL (o que ele paga fica de fora)
CNJ,202602,JOÃO PAULO SANTOS SCHOUCAIR,Conselheiro do CNJ,,5131.58,0.00,,0.00,0.00,,,0.00,5131.58,25950.82,,https://www.cnj.jus.br/remuneracao/,página oficial da folha do CNJ (conselheiros); órgão de origem: MINISTÉRIO PÚBLICO DO ESTADO DA BAHIA (o que ele paga fica de fora)
CNJ,202602,JOSÉ EDIVALDO ROCHA ROTONDANO,Conselheiro do CNJ,,0.00,0.00,,44047.88,0.00,,,0.00,44047.88,0.00,,https://www.cnj.jus.br/remuneracao/,página oficial da folha do CNJ (conselheiros); órgão de origem: TRIBUNAL DE JUSTIÇA DO EST. DA BAHIA (o que ele paga fica de fora)
CNJ,202602,MARCELLO TERTO E SILVA,Conselheiro do CNJ,GABINETE VAGA 2 ADVOGADO,0.00,0.00,,5894.84,0.00,,,0.00,5894.84,0.00,,https://www.cnj.jus.br/remuneracao/,página oficial da folha do CNJ (conselheiros); órgão de origem: PROCURADORIA GERAL DO ESTADO DE GOIAS (o que ele paga fica de fora)
CNJ,202602,RENATA GIL DE ALCÂNTARA VIDEIRA,Conselheiro do CNJ,,0.00,0.00,,0.00,0.00,,,357.89,357.89,0.00,,https://www.cnj.jus.br/remuneracao/,página oficial da folha do CNJ (conselheiros); órgão de origem: TRIBUNAL DE JUSTIÇA DO ESTADO DO RIO DE JANEIRO (o que ele paga fica de fora)
CNJ,202602,RODRIGO BADARÓ ALMEIDA DE CASTRO,Conselheiro do CNJ,GABINETE VAGA CIDADÃO SENADO,44047.88,0.00,,5887.07,0.00,,,0.00,49934.95,0.00,,https://www.cnj.jus.br/remuneracao/,página oficial da folha do CNJ (conselheiros)
CNJ,202602,SILVIO ROBERTO OLIVEIRA DE AMORIM JUNIOR,Conselheiro do CNJ,GABINETE VAGA MEMBRO MPU,2202.39,0.00,,0.00,0.00,,,0.00,2202.39,4036.79,,https://www.cnj.jus.br/remuneracao/,página oficial da folha do CNJ (conselheiros); órgão de origem: MINISTÉRIO PÚBLICO FEDERAL (o que ele paga fica de fora)
CNJ,202602,ULISSES RABANEDA DOS SANTOS,Conselheiro do CNJ,GABINETE VAGA 1 ADVOGADO,44047.88,0.00,,1922.77,0.00,,,0.00,45970.65,18729.31,,https://www.cnj.jus.br/remuneracao/,página oficial da folha do CNJ (conselheiros)
CNJ,202603,ALEXANDRE TEIXEIRA DE FREITAS BASTOS CUNHA,Conselheiro do CNJ,,293.65,0.00,,44047.88,0.00,,,367.06,44708.59,0.00,,https://www.cnj.jus.br/remuneracao/,"página oficial da folha do CNJ (conselheiros); órgão de origem: TRIBUNAL REGIONAL DO TRABALHO DA 1ª REGIÃO-RJ (o que ele paga fica de fora); a página mostra o subsídio como "",93.65"": o valor aqui é o total da página menos as outras partes"
CNJ,202603,DAIANE NOGUEIRA DE LIRA,Conselheiro do CNJ,GABINETE VAGA CIDADÃO CÂMARA,11608.36,0.00,,3964.30,0.00,,,0.00,15572.66,10668.66,,https://www.cnj.jus.br/remuneracao/,página oficial da folha do CNJ (conselheiros); órgão de origem: ADVOCACIA-GERAL DA UNIÃO (o que ele paga fica de fora)
CNJ,202603,DANIELA PEREIRA MADEIRA,Conselheiro do CNJ,,0.00,0.00,,44047.88,0.00,,,357.89,44405.77,0.00,,https://www.cnj.jus.br/remuneracao/,página oficial da folha do CNJ (conselheiros); órgão de origem: TRIBUNAL REGIONAL FEDERAL DA 2ª REGIÃO (o que ele paga fica de fora)
CNJ,202603,FÁBIO FRANCISCO ESTEVES,Conselheiro do CNJ,GABINETE VAGA JUIZ ESTADUAL,4294.67,0.00,,0.00,0.00,,,0.00,4294.67,12110.36,,https://www.cnj.jus.br/remuneracao/,página oficial da folha do CNJ (conselheiros); órgão de origem: TRIBUNAL DE JUSTIÇA DO DISTRITO FEDERAL E DOS TERRITÓRIOS (o que ele paga fica de fora)
CNJ,202603,GUILHERME GUIMARAES FELICIANO,Conselheiro do CNJ,,4294.67,0.00,,0.00,0.00,,,0.00,4294.67,14993.79,,https://www.cnj.jus.br/remuneracao/,página oficial da folha do CNJ (conselheiros); órgão de origem: TRIBUNAL REGIONAL DO TRABALHO DA 15ª REGIÃO (o que ele paga fica de fora)
CNJ,202603,JACEGUARA DANTAS DA SILVA,Conselheiro do CNJ,GABINETE VAGA DESEMBARGADOR TJ,2202.39,0.00,,0.00,0.00,,,0.00,2202.39,62982.15,,https://www.cnj.jus.br/remuneracao/,página oficial da folha do CNJ (conselheiros); órgão de origem: TRIBUNAL DE JUSTIÇA DO MATO GROSSO DO SUL (o que ele paga fica de fora)
CNJ,202603,JOÃO PAULO SANTOS SCHOUCAIR,Conselheiro do CNJ,,5131.58,0.00,,0.00,0.00,,,0.00,5131.58,22490.71,,https://www.cnj.jus.br/remuneracao/,página oficial da folha do CNJ (conselheiros); órgão de origem: MINISTÉRIO PÚBLICO DO ESTADO DA BAHIA (o que ele paga fica de fora)
CNJ,202603,MARCELLO TERTO E SILVA,Conselheiro do CNJ,GABINETE VAGA 2 ADVOGADO,0.00,0.00,,5894.84,0.00,,,0.00,5894.84,13840.43,,https://www.cnj.jus.br/remuneracao/,página oficial da folha do CNJ (conselheiros); órgão de origem: PROCURADORIA GERAL DO ESTADO DE GOIAS (o que ele paga fica de fora)
CNJ,202603,MÔNICA AUTRAN MACHADO NOBRE,Conselheiro do CNJ,,0.00,0.00,,44047.88,0.00,,,0.00,44047.88,0.00,,https://www.cnj.jus.br/remuneracao/,página oficial da folha do CNJ (conselheiros); órgão de origem: TRIBUNAL REGIONAL FEDERAL - 3ª REGIÃO (o que ele paga fica de fora)
CNJ,202603,RODRIGO BADARÓ ALMEIDA DE CASTRO,Conselheiro do CNJ,GABINETE VAGA CIDADÃO SENADO,44047.88,0.00,,7806.96,0.00,,,0.00,51854.84,3460.10,,https://www.cnj.jus.br/remuneracao/,página oficial da folha do CNJ (conselheiros)
CNJ,202603,SILVIO ROBERTO OLIVEIRA DE AMORIM JUNIOR,Conselheiro do CNJ,GABINETE VAGA MEMBRO MPU,2202.39,0.00,,0.00,0.00,,,0.00,2202.39,14993.79,,https://www.cnj.jus.br/remuneracao/,página oficial da folha do CNJ (conselheiros); órgão de origem: MINISTÉRIO PÚBLICO FEDERAL (o que ele paga fica de fora)
CNJ,202603,ULISSES RABANEDA DOS SANTOS,Conselheiro do CNJ,GABINETE VAGA 1 ADVOGADO,44047.88,0.00,,1860.51,0.00,,,0.00,45908.39,5766.85,,https://www.cnj.jus.br/remuneracao/,página oficial da folha do CNJ (conselheiros)
CNJ,202604,DAIANE NOGUEIRA DE LIRA,Conselheiro do CNJ,GABINETE VAGA CIDADÃO CÂMARA,11608.36,0.00,,7928.60,820.72,,,0.00,20357.68,6343.52,,https://www.cnj.jus.br/remuneracao/,página oficial da folha do CNJ (conselheiros); órgão de origem: ADVOCACIA-GERAL DA UNIÃO (o que ele paga fica de fora)
CNJ,202604,FÁBIO FRANCISCO ESTEVES,Conselheiro do CNJ,GABINETE VAGA JUIZ ESTADUAL,4294.67,0.00,,0.00,0.00,,,849.03,5143.70,46248.97,,https://www.cnj.jus.br/remuneracao/,página oficial da folha do CNJ (conselheiros); órgão de origem: TRIBUNAL DE JUSTIÇA DO DISTRITO FEDERAL E DOS TERRITÓRIOS (o que ele paga fica de fora)
CNJ,202604,GUILHERME GUIMARAES FELICIANO,Conselheiro do CNJ,,4294.67,0.00,,0.00,0.00,,,0.00,4294.67,12110.38,,https://www.cnj.jus.br/remuneracao/,página oficial da folha do CNJ (conselheiros); órgão de origem: TRIBUNAL REGIONAL DO TRABALHO DA 15ª REGIÃO (o que ele paga fica de fora)
CNJ,202604,JACEGUARA DANTAS DA SILVA,Conselheiro do CNJ,GABINETE VAGA DESEMBARGADOR TJ,2202.39,0.00,,0.00,0.00,,,0.00,2202.39,14417.12,,https://www.cnj.jus.br/remuneracao/,página oficial da folha do CNJ (conselheiros); órgão de origem: TRIBUNAL DE JUSTIÇA DO MATO GROSSO DO SUL (o que ele paga fica de fora)
CNJ,202604,JOÃO PAULO SANTOS SCHOUCAIR,Conselheiro do CNJ,,5131.58,0.00,,0.00,0.00,,,0.00,5131.58,15164.95,,https://www.cnj.jus.br/remuneracao/,página oficial da folha do CNJ (conselheiros); órgão de origem: MINISTÉRIO PÚBLICO DO ESTADO DA BAHIA (o que ele paga fica de fora)
CNJ,202604,MARCELLO TERTO E SILVA,Conselheiro do CNJ,GABINETE VAGA 2 ADVOGADO,0.00,0.00,,5894.84,0.00,,,0.00,5894.84,7496.90,,https://www.cnj.jus.br/remuneracao/,página oficial da folha do CNJ (conselheiros); órgão de origem: PROCURADORIA GERAL DO ESTADO DE GOIAS (o que ele paga fica de fora)
CNJ,202604,RODRIGO BADARÓ ALMEIDA DE CASTRO,Conselheiro do CNJ,GABINETE VAGA CIDADÃO SENADO,44047.88,0.00,,7806.96,0.00,,,0.00,51854.84,3460.10,,https://www.cnj.jus.br/remuneracao/,página oficial da folha do CNJ (conselheiros)
CNJ,202604,SILVIO ROBERTO OLIVEIRA DE AMORIM JUNIOR,Conselheiro do CNJ,GABINETE VAGA MEMBRO MPU,2202.39,0.00,,0.00,0.00,,,0.00,2202.39,8073.58,,https://www.cnj.jus.br/remuneracao/,página oficial da folha do CNJ (conselheiros); órgão de origem: MINISTÉRIO PÚBLICO FEDERAL (o que ele paga fica de fora)
CNJ,202604,ULISSES RABANEDA DOS SANTOS,Conselheiro do CNJ,GABINETE VAGA 1 ADVOGADO,44047.88,0.00,,1860.51,0.00,,,0.00,45908.39,8650.27,,https://www.cnj.jus.br/remuneracao/,página oficial da folha do CNJ (conselheiros)
CNJ,202605,ANDREA CUNHA ESMERALDO,Conselheiro do CNJ,GABINETE VAGA JUIZ TRF,954.37,0.00,,0.00,0.00,,,0.00,954.37,2883.42,,https://www.cnj.jus.br/remuneracao/,"página oficial da folha do CNJ (conselheiros); órgão de origem: TRIBUNAL REGIONAL FEDERAL DA 2ª REGIÃO (o que ele paga fica de fora); a página mostra o subsídio como "",54.37"": o valor aqui é o total da página menos as outras partes"
CNJ,202605,DAIANE NOGUEIRA DE LIRA,Conselheiro do CNJ,GABINETE VAGA CIDADÃO CÂMARA,8623.92,0.00,,3964.30,0.00,,,0.00,12588.22,7785.25,,https://www.cnj.jus.br/remuneracao/,página oficial da folha do CNJ (conselheiros); órgão de origem: ADVOCACIA-GERAL DA UNIÃO (o que ele paga fica de fora)
CNJ,202605,FÁBIO FRANCISCO ESTEVES,Conselheiro do CNJ,GABINETE VAGA JUIZ ESTADUAL,4294.67,0.00,,0.00,0.00,,,0.00,4294.67,10956.99,,https://www.cnj.jus.br/remuneracao/,página oficial da folha do CNJ (conselheiros); órgão de origem: TRIBUNAL DE JUSTIÇA DO DISTRITO FEDERAL E DOS TERRITÓRIOS (o que ele paga fica de fora)
CNJ,202605,GUILHERME GUIMARAES FELICIANO,Conselheiro do CNJ,,2004.18,0.00,,0.00,0.00,,,0.00,2004.18,0.00,,https://www.cnj.jus.br/remuneracao/,página oficial da folha do CNJ (conselheiros); órgão de origem: TRIBUNAL REGIONAL DO TRABALHO DA 15ª REGIÃO (o que ele paga fica de fora)
CNJ,202605,ILAN PRESSER,Conselheiro do CNJ,GABINETE VAGA JUIZ FEDERAL,1861.02,0.00,,0.00,511.78,,,0.00,2372.80,0.00,,https://www.cnj.jus.br/remuneracao/,página oficial da folha do CNJ (conselheiros); órgão de origem: TRIBUNAL REGIONAL FEDERAL DA 1ª REGIÃO (o que ele paga fica de fora)
CNJ,202605,JACEGUARA DANTAS DA SILVA,Conselheiro do CNJ,GABINETE VAGA DESEMBARGADOR TJ,2202.39,0.00,,0.00,0.00,,,0.00,2202.39,14993.80,,https://www.cnj.jus.br/remuneracao/,página oficial da folha do CNJ (conselheiros); órgão de origem: TRIBUNAL DE JUSTIÇA DO MATO GROSSO DO SUL (o que ele paga fica de fora)
CNJ,202605,JOÃO PAULO SANTOS SCHOUCAIR,Conselheiro do CNJ,,5131.58,0.00,,0.00,0.00,,,0.00,5131.58,14417.12,,https://www.cnj.jus.br/remuneracao/,página oficial da folha do CNJ (conselheiros); órgão de origem: MINISTÉRIO PÚBLICO DO ESTADO DA BAHIA (o que ele paga fica de fora)
CNJ,202605,NOEMIA APARECIDA GARCIA PORTO,Conselheiro do CNJ,GABINETE VAGA JUIZ DO TRABALHO,1861.02,0.00,,0.00,0.00,,,0.00,1861.02,0.00,,https://www.cnj.jus.br/remuneracao/,página oficial da folha do CNJ (conselheiros); órgão de origem: TRIBUNAL REGIONAL DO TRABALHO 24ª REGIÃO (o que ele paga fica de fora)
CNJ,202605,RODRIGO BADARÓ ALMEIDA DE CASTRO,Conselheiro do CNJ,GABINETE VAGA CIDADÃO SENADO,44047.88,0.00,,5946.45,0.00,,,0.00,49994.33,0.00,,https://www.cnj.jus.br/remuneracao/,página oficial da folha do CNJ (conselheiros)
CNJ,202605,SILVIO ROBERTO OLIVEIRA DE AMORIM JUNIOR,Conselheiro do CNJ,GABINETE VAGA MEMBRO MPU,2202.39,0.00,,0.00,0.00,,,0.00,2202.39,6920.21,,https://www.cnj.jus.br/remuneracao/,página oficial da folha do CNJ (conselheiros); órgão de origem: MINISTÉRIO PÚBLICO FEDERAL (o que ele paga fica de fora)
CNJ,202605,ULISSES RABANEDA DOS SANTOS,Conselheiro do CNJ,GABINETE VAGA 1 ADVOGADO,44047.88,0.00,,0.00,0.00,,,0.00,44047.88,5766.85,,https://www.cnj.jus.br/remuneracao/,página oficial da folha do CNJ (conselheiros)
CNJ,202606,ANDREA CUNHA ESMERALDO,Conselheiro do CNJ,GABINETE VAGA JUIZ TRF,2202.39,0.00,,0.00,0.00,,,0.00,2202.39,11245.36,,https://www.cnj.jus.br/remuneracao/,página oficial da folha do CNJ (conselheiros); órgão de origem: TRIBUNAL REGIONAL FEDERAL DA 2ª REGIÃO (o que ele paga fica de fora)
CNJ,202606,DAIANE NOGUEIRA DE LIRA,Conselheiro do CNJ,GABINETE VAGA CIDADÃO CÂMARA,8623.92,0.00,,0.00,0.00,,,0.00,8623.92,2883.42,,https://www.cnj.jus.br/remuneracao/,página oficial da folha do CNJ (conselheiros); órgão de origem: ADVOCACIA-GERAL DA UNIÃO (o que ele paga fica de fora)
CNJ,202606,FÁBIO FRANCISCO ESTEVES,Conselheiro do CNJ,GABINETE VAGA JUIZ ESTADUAL,4294.67,0.00,,0.00,0.00,,,0.00,4294.67,37810.34,,https://www.cnj.jus.br/remuneracao/,página oficial da folha do CNJ (conselheiros); órgão de origem: TRIBUNAL DE JUSTIÇA DO DISTRITO FEDERAL E DOS TERRITÓRIOS (o que ele paga fica de fora)
CNJ,202606,ILAN PRESSER,Conselheiro do CNJ,GABINETE VAGA JUIZ FEDERAL,4294.67,0.00,,0.00,0.00,,,0.00,4294.67,15570.49,,https://www.cnj.jus.br/remuneracao/,página oficial da folha do CNJ (conselheiros); órgão de origem: TRIBUNAL REGIONAL FEDERAL DA 1ª REGIÃO (o que ele paga fica de fora)
CNJ,202606,JACEGUARA DANTAS DA SILVA,Conselheiro do CNJ,GABINETE VAGA DESEMBARGADOR TJ,2202.39,0.00,,0.00,0.00,,,0.00,2202.39,56129.38,,https://www.cnj.jus.br/remuneracao/,página oficial da folha do CNJ (conselheiros); órgão de origem: TRIBUNAL DE JUSTIÇA DO MATO GROSSO DO SUL (o que ele paga fica de fora)
CNJ,202606,JOÃO PAULO SANTOS SCHOUCAIR,Conselheiro do CNJ,,5131.58,0.00,,0.00,207.07,,,2565.79,7904.44,0.00,,https://www.cnj.jus.br/remuneracao/,página oficial da folha do CNJ (conselheiros); órgão de origem: MINISTÉRIO PÚBLICO DO ESTADO DA BAHIA (o que ele paga fica de fora)
CNJ,202606,NOEMIA APARECIDA GARCIA PORTO,Conselheiro do CNJ,GABINETE VAGA JUIZ DO TRABALHO,4294.67,0.00,,0.00,0.00,,,0.00,4294.67,36061.28,,https://www.cnj.jus.br/remuneracao/,página oficial da folha do CNJ (conselheiros); órgão de origem: TRIBUNAL REGIONAL DO TRABALHO 24ª REGIÃO (o que ele paga fica de fora)
CNJ,202606,PAULO REGIS MACHADO BOTELHO,Conselheiro do CNJ,GABINETE VAGA JUIZ TRT,2202.39,0.00,,0.00,0.00,,,0.00,2202.39,7496.90,,https://www.cnj.jus.br/remuneracao/,página oficial da folha do CNJ (conselheiros); órgão de origem: TRIBUNAL REGIONAL DO TRABALHO - 7ª REGIÃO (o que ele paga fica de fora)
CNJ,202606,RODRIGO BADARÓ ALMEIDA DE CASTRO,Conselheiro do CNJ,GABINETE VAGA CIDADÃO SENADO,44047.88,0.00,,5946.45,0.00,,,0.00,49994.33,1730.05,,https://www.cnj.jus.br/remuneracao/,página oficial da folha do CNJ (conselheiros)
CNJ,202606,SILVIO ROBERTO OLIVEIRA DE AMORIM JUNIOR,Conselheiro do CNJ,GABINETE VAGA MEMBRO MPU,2202.39,0.00,,0.00,0.00,,,0.00,2202.39,9803.65,,https://www.cnj.jus.br/remuneracao/,página oficial da folha do CNJ (conselheiros); órgão de origem: MINISTÉRIO PÚBLICO FEDERAL (o que ele paga fica de fora)
CNJ,202606,ULISSES RABANEDA DOS SANTOS,Conselheiro do CNJ,GABINETE VAGA 1 ADVOGADO,44047.88,0.00,,0.00,0.00,,,0.00,44047.88,10957.01,,https://www.cnj.jus.br/remuneracao/,página oficial da folha do CNJ (conselheiros)
CNJ,202607,ANDREA CUNHA ESMERALDO,Conselheiro do CNJ,GABINETE VAGA JUIZ TRF,2202.39,0.00,,0.00,0.00,,,0.00,2202.39,64028.89,,https://www.cnj.jus.br/remuneracao/,página oficial da folha do CNJ (conselheiros); órgão de origem: TRIBUNAL REGIONAL FEDERAL DA 2ª REGIÃO (o que ele paga fica de fora)
CNJ,202607,DAIANE NOGUEIRA DE LIRA,Conselheiro do CNJ,GABINETE VAGA CIDADÃO CÂMARA,8623.92,0.00,,7928.60,0.00,,,0.00,16552.52,4325.12,,https://www.cnj.jus.br/remuneracao/,página oficial da folha do CNJ (conselheiros); órgão de origem: ADVOCACIA-GERAL DA UNIÃO (o que ele paga fica de fora)
CNJ,202607,FÁBIO FRANCISCO ESTEVES,Conselheiro do CNJ,GABINETE VAGA JUIZ ESTADUAL,4294.67,0.00,,0.00,0.00,,,0.00,4294.67,2883.42,,https://www.cnj.jus.br/remuneracao/,página oficial da folha do CNJ (conselheiros); órgão de origem: TRIBUNAL DE JUSTIÇA DO DISTRITO FEDERAL E DOS TERRITÓRIOS (o que ele paga fica de fora)
CNJ,202607,ILAN PRESSER,Conselheiro do CNJ,GABINETE VAGA JUIZ FEDERAL,4294.67,0.00,,0.00,0.00,,,0.00,4294.67,13263.75,,https://www.cnj.jus.br/remuneracao/,página oficial da folha do CNJ (conselheiros); órgão de origem: TRIBUNAL REGIONAL FEDERAL DA 1ª REGIÃO (o que ele paga fica de fora)
CNJ,202607,JACEGUARA DANTAS DA SILVA,Conselheiro do CNJ,GABINETE VAGA DESEMBARGADOR TJ,2202.39,0.00,,0.00,0.00,,,0.00,2202.39,19030.59,,https://www.cnj.jus.br/remuneracao/,página oficial da folha do CNJ (conselheiros); órgão de origem: TRIBUNAL DE JUSTIÇA DO MATO GROSSO DO SUL (o que ele paga fica de fora)
CNJ,202607,NOEMIA APARECIDA GARCIA PORTO,Conselheiro do CNJ,GABINETE VAGA JUIZ DO TRABALHO,4294.67,0.00,,0.00,0.00,,,0.00,4294.67,1730.05,,https://www.cnj.jus.br/remuneracao/,página oficial da folha do CNJ (conselheiros); órgão de origem: TRIBUNAL REGIONAL DO TRABALHO 24ª REGIÃO (o que ele paga fica de fora)
CNJ,202607,PAULO REGIS MACHADO BOTELHO,Conselheiro do CNJ,GABINETE VAGA JUIZ TRT,2202.39,0.00,,0.00,0.00,,,0.00,2202.39,16147.18,,https://www.cnj.jus.br/remuneracao/,página oficial da folha do CNJ (conselheiros); órgão de origem: TRIBUNAL REGIONAL DO TRABALHO - 7ª REGIÃO (o que ele paga fica de fora)
CNJ,202607,RODRIGO BADARÓ ALMEIDA DE CASTRO,Conselheiro do CNJ,GABINETE VAGA CIDADÃO SENADO,44047.88,0.00,,5946.45,0.00,,,0.00,49994.33,0.00,,https://www.cnj.jus.br/remuneracao/,página oficial da folha do CNJ (conselheiros)
CNJ,202607,SILVIO ROBERTO OLIVEIRA DE AMORIM JUNIOR,Conselheiro do CNJ,GABINETE VAGA MEMBRO MPU,2202.39,0.00,,0.00,0.00,,,0.00,2202.39,55168.02,,https://www.cnj.jus.br/remuneracao/,página oficial da folha do CNJ (conselheiros); órgão de origem: MINISTÉRIO PÚBLICO FEDERAL (o que ele paga fica de fora)
CNJ,202607,ULISSES RABANEDA DOS SANTOS,Conselheiro do CNJ,GABINETE VAGA 1 ADVOGADO,44047.88,0.00,,0.00,0.00,,,0.00,44047.88,39271.67,,https://www.cnj.jus.br/remuneracao/,página oficial da folha do CNJ (conselheiros)
CNJ,202608,ANDREA CUNHA ESMERALDO,Conselheiro do CNJ,GABINETE VAGA JUIZ TRF,2202.39,0.00,,0.00,0.00,,,0.00,2202.39,64076.36,,https://www.cnj.jus.br/remuneracao/,página oficial da folha do CNJ (conselheiros); órgão de origem: TRIBUNAL REGIONAL FEDERAL DA 2ª REGIÃO (o que ele paga fica de fora)
CNJ,202608,DAIANE NOGUEIRA DE LIRA,Conselheiro do CNJ,GABINETE VAGA CIDADÃO CÂMARA,8623.92,0.00,,3964.30,0.00,,,0.00,12588.22,5478.51,,https://www.cnj.jus.br/remuneracao/,página oficial da folha do CNJ (conselheiros); órgão de origem: ADVOCACIA-GERAL DA UNIÃO (o que ele paga fica de fora)
CNJ,202608,FÁBIO FRANCISCO ESTEVES,Conselheiro do CNJ,GABINETE VAGA JUIZ ESTADUAL,4294.67,0.00,,0.00,0.00,,,0.00,4294.67,5766.84,,https://www.cnj.jus.br/remuneracao/,página oficial da folha do CNJ (conselheiros); órgão de origem: TRIBUNAL DE JUSTIÇA DO DISTRITO FEDERAL E DOS TERRITÓRIOS (o que ele paga fica de fora)
CNJ,202608,ILAN PRESSER,Conselheiro do CNJ,GABINETE VAGA JUIZ FEDERAL,4294.67,0.00,,0.00,0.00,,,0.00,4294.67,13263.75,,https://www.cnj.jus.br/remuneracao/,página oficial da folha do CNJ (conselheiros); órgão de origem: TRIBUNAL REGIONAL FEDERAL DA 1ª REGIÃO (o que ele paga fica de fora)
CNJ,202608,JACEGUARA DANTAS DA SILVA,Conselheiro do CNJ,GABINETE VAGA DESEMBARGADOR TJ,2202.39,0.00,,0.00,0.00,,,0.00,2202.39,15570.49,,https://www.cnj.jus.br/remuneracao/,página oficial da folha do CNJ (conselheiros); órgão de origem: TRIBUNAL DE JUSTIÇA DO MATO GROSSO DO SUL (o que ele paga fica de fora)
CNJ,202608,NOEMIA APARECIDA GARCIA PORTO,Conselheiro do CNJ,GABINETE VAGA JUIZ DO TRABALHO,4294.67,0.00,,0.00,0.00,,,0.00,4294.67,6920.20,,https://www.cnj.jus.br/remuneracao/,página oficial da folha do CNJ (conselheiros); órgão de origem: TRIBUNAL REGIONAL DO TRABALHO 24ª REGIÃO (o que ele paga fica de fora)
CNJ,202608,PAULO REGIS MACHADO BOTELHO,Conselheiro do CNJ,GABINETE VAGA JUIZ TRT,2202.39,0.00,,0.00,0.00,,,0.00,2202.39,10380.33,,https://www.cnj.jus.br/remuneracao/,página oficial da folha do CNJ (conselheiros); órgão de origem: TRIBUNAL REGIONAL DO TRABALHO - 7ª REGIÃO (o que ele paga fica de fora)
CNJ,202608,RODRIGO BADARÓ ALMEIDA DE CASTRO,Conselheiro do CNJ,GABINETE VAGA CIDADÃO SENADO,44047.88,0.00,,5946.45,0.00,,,0.00,49994.33,1730.05,,https://www.cnj.jus.br/remuneracao/,página oficial da folha do CNJ (conselheiros)
CNJ,202608,SILVIO ROBERTO OLIVEIRA DE AMORIM JUNIOR,Conselheiro do CNJ,GABINETE VAGA MEMBRO MPU,2202.39,0.00,,0.00,0.00,,,0.00,2202.39,9226.95,,https://www.cnj.jus.br/remuneracao/,página oficial da folha do CNJ (conselheiros); órgão de origem: MINISTÉRIO PÚBLICO FEDERAL (o que ele paga fica de fora)
CNJ,202608,ULISSES RABANEDA DOS SANTOS,Conselheiro do CNJ,GABINETE VAGA 1 ADVOGADO,44047.88,0.00,,0.00,0.00,,,0.00,44047.88,0.00,,https://www.cnj.jus.br/remuneracao/,página oficial da folha do CNJ (conselheiros)
