ano,mes,lotacao,pessoas,custo
2025,1,VER. ADERALDO DE OLIVEIRA FLORENCIO,23,220463.59
2025,1,VER. AGORA E RUBEM,19,207896.5
2025,1,VER. ALCIDES TEIXEIRA NETO,23,213963.92
2025,1,VER. ALEF COLLINS,23,212797.78
2025,1,VER. ANA LUCIA,23,227359.35
2025,1,VER. CARLOS MUNIZ,33,293437.34
2025,1,VER. CHICO KIKO,24,216262.75
2025,1,VER. CIDA PEDROSA,23,211358.26
2025,1,VER. DAVI BERNARDO MUNIZ,24,229848.41
2025,1,VER. EDUARDO MARQUES,4,2567.0
2025,1,VER. EDUARDO MOTA,18,207896.49
2025,1,VER. EDUARDO MOURA,20,208587.37
2025,1,VER. ERIBERTO RAFAEL ACIOLI MEDEIROS,22,214250.96
2025,1,VER. FABIANO FERRAZ,19,205474.08
2025,1,VER. FELIPE ALECRIM,24,228611.73
2025,1,VER. FLAVIA DE NADEGI,18,207861.64
2025,1,VER. FRED FERREIRA,23,216035.19
2025,1,VER. GILBERTO ALVES,22,227558.36
2025,1,VER. GILSON MACHADO FILHO,16,191310.99
2025,1,VER. HELIO GUABIRABA,26,230784.0
2025,1,VER. JAIRO BRITTO,1,0.0
2025,1,VER. JO CAVALCANTI,18,207897.15
2025,1,VER. JUNIOR BOCAO,24,235493.29
2025,1,VER. JUNIOR DE CLETO,18,207896.49
2025,1,VER. KARI SANTOS,19,205108.39
2025,1,VER. LIANA CIRNE,18,184852.89
2025,1,VER. LUIZ EUSTAQUIO,23,228494.29
2025,1,VER. LUIZ FELIPE C. DE OLIVEIRA PONTES,23,213613.84
2025,1,VER. NATALIA DE MENUDO,19,223528.41
2025,1,VER. OSMAR RICARDO,24,226032.47
2025,1,VER. PAULO MUNIZ,22,208332.73
2025,1,VER. RINALDO JUNIOR,19,208829.94
2025,1,VER. RODRIGO COUTINHO,22,212447.78
2025,1,VER. ROMERO JATOBA CAVALCANTI NETO,22,222353.02
2025,1,VER. SAMUEL SALAZAR,23,242154.49
2025,1,VER. TADEU CALHEIROS,18,207861.63
2025,1,VER. THIAGO MEDINA,10,110924.23
2025,1,VER. VICTOR ANDRE GOMES C BATISTA,2,0.0
2025,1,VER. WEBERSON FLORENCIO,2,48606.11
2025,1,VER. WILTON DE BRITO CAVALCANTI,24,228276.66
2025,1,VER. ZE NETO,20,235148.52
2025,2,VER. ADERALDO DE OLIVEIRA FLORENCIO,23,235777.11
2025,2,VER. AGORA E RUBEM,18,220467.7
2025,2,VER. ALCIDES TEIXEIRA NETO,23,240163.07
2025,2,VER. ALEF COLLINS,23,224727.23
2025,2,VER. ANA LUCIA,23,229051.88
2025,2,VER. CARLOS MUNIZ,23,225407.17
2025,2,VER. CHICO KIKO,24,230615.51
2025,2,VER. CIDA PEDROSA,23,245566.75
2025,2,VER. DAVI BERNARDO MUNIZ,21,223735.47
2025,2,VER. EDUARDO MARQUES,2,1390.46
2025,2,VER. EDUARDO MOTA,19,220467.69
2025,2,VER. EDUARDO MOURA,20,222092.01
2025,2,VER. ERIBERTO RAFAEL ACIOLI MEDEIROS,22,225262.42
2025,2,VER. FABIANO FERRAZ,19,218045.26
2025,2,VER. FELIPE ALECRIM,24,235841.26
2025,2,VER. FLAVIA DE NADEGI,18,220432.84
2025,2,VER. FRED FERREIRA,24,226700.4
2025,2,VER. GILBERTO ALVES,23,228509.76
2025,2,VER. GILSON MACHADO FILHO,19,220318.66
2025,2,VER. HELIO GUABIRABA,23,227912.55
2025,2,VER. JO CAVALCANTI,18,220468.35
2025,2,VER. JUNIOR BOCAO,21,230262.02
2025,2,VER. JUNIOR DE CLETO,18,220467.69
2025,2,VER. KARI SANTOS,18,217679.59
2025,2,VER. LIANA CIRNE,18,220655.93
2025,2,VER. LUIZ EUSTAQUIO,23,235639.12
2025,2,VER. LUIZ FELIPE C. DE OLIVEIRA PONTES,24,233310.67
2025,2,VER. NATALIA DE MENUDO,20,227214.47
2025,2,VER. OSMAR RICARDO,30,278300.23
2025,2,VER. PAULO MUNIZ,20,224270.21
2025,2,VER. RINALDO JUNIOR,19,221401.14
2025,2,VER. RODRIGO COUTINHO,22,236280.35
2025,2,VER. ROMERO JATOBA CAVALCANTI NETO,22,236916.33
2025,2,VER. SAMUEL SALAZAR,22,239244.33
2025,2,VER. TADEU CALHEIROS,20,232422.58
2025,2,VER. THIAGO MEDINA,11,127260.32
2025,2,VER. VICTOR ANDRE GOMES C BATISTA,3,1283.5
2025,2,VER. WEBERSON FLORENCIO,1,1283.5
2025,2,VER. WILTON DE BRITO CAVALCANTI,22,232065.31
2025,2,VER. ZE NETO,24,252935.32
2025,3,VER. ADERALDO DE OLIVEIRA FLORENCIO,23,266448.66
2025,3,VER. AGORA E RUBEM,18,246091.86
2025,3,VER. ALCIDES TEIXEIRA NETO,24,264836.62
2025,3,VER. ALEF COLLINS,22,251552.66
2025,3,VER. ANA LUCIA,22,257722.38
2025,3,VER. CARLOS MUNIZ,22,251804.56
2025,3,VER. CHICO KIKO,23,252228.83
2025,3,VER. CIDA PEDROSA,22,260022.77
2025,3,VER. DAVI BERNARDO MUNIZ,21,250026.16
2025,3,VER. EDUARDO MARQUES,1,1668.55
2025,3,VER. EDUARDO MOTA,19,247631.31
2025,3,VER. EDUARDO MOURA,21,251458.2
2025,3,VER. ERIBERTO RAFAEL ACIOLI MEDEIROS,22,257496.51
2025,3,VER. FABIANO FERRAZ,19,243547.71
2025,3,VER. FELIPE ALECRIM,24,277041.67
2025,3,VER. FLAVIA DE NADEGI,19,248404.86
2025,3,VER. FRED FERREIRA,23,255870.41
2025,3,VER. GILBERTO ALVES,24,272579.52
2025,3,VER. GILSON MACHADO FILHO,19,246783.93
2025,3,VER. HELIO GUABIRABA,25,259780.03
2025,3,VER. JO CAVALCANTI,18,246091.92
2025,3,VER. JUNIOR BOCAO,20,256931.65
2025,3,VER. JUNIOR DE CLETO,18,246091.11
2025,3,VER. KARI SANTOS,18,243161.39
2025,3,VER. LIANA CIRNE,18,258466.58
2025,3,VER. LUIZ EUSTAQUIO,20,253407.68
2025,3,VER. LUIZ FELIPE C. DE OLIVEIRA PONTES,24,264930.19
2025,3,VER. NATALIA DE MENUDO,19,254731.21
2025,3,VER. OSMAR RICARDO,24,256488.96
2025,3,VER. PAULO MUNIZ,18,240749.1
2025,3,VER. RINALDO JUNIOR,19,247304.6
2025,3,VER. RODRIGO COUTINHO,22,263730.11
2025,3,VER. ROMERO JATOBA CAVALCANTI NETO,22,258360.21
2025,3,VER. SAMUEL SALAZAR,22,263475.83
2025,3,VER. TADEU CALHEIROS,18,258391.2
2025,3,VER. THIAGO MEDINA,11,141528.29
2025,3,VER. WEBERSON FLORENCIO,1,2010.82
2025,3,VER. WILTON DE BRITO CAVALCANTI,22,257593.45
2025,3,VER. ZE NETO,21,258747.52
2025,4,VER. ADERALDO DE OLIVEIRA FLORENCIO,23,261847.94
2025,4,VER. AGORA E RUBEM,18,246091.86
2025,4,VER. ALCIDES TEIXEIRA NETO,23,262490.43
2025,4,VER. ALEF COLLINS,22,250712.55
2025,4,VER. ANA LUCIA,22,260512.57
2025,4,VER. CARLOS MUNIZ,25,278140.38
2025,4,VER. CHICO KIKO,23,251248.7
2025,4,VER. CIDA PEDROSA,22,250710.36
2025,4,VER. DAVI BERNARDO MUNIZ,21,249372.74
2025,4,VER. EDUARDO MARQUES,1,1882.47
2025,4,VER. EDUARDO MOTA,19,247502.96
2025,4,VER. EDUARDO MOURA,21,253638.71
2025,4,VER. ERIBERTO RAFAEL ACIOLI MEDEIROS,22,262213.57
2025,4,VER. FABIANO FERRAZ,19,242820.78
2025,4,VER. FELIPE ALECRIM,25,261668.0
2025,4,VER. FLAVIA DE NADEGI,18,245438.06
2025,4,VER. FRED FERREIRA,23,251632.47
2025,4,VER. GILBERTO ALVES,24,269908.35
2025,4,VER. GILSON MACHADO FILHO,21,250740.44
2025,4,VER. HELIO GUABIRABA,27,280055.36
2025,4,VER. JO CAVALCANTI,19,247573.57
2025,4,VER. JUNIOR BOCAO,20,252133.2
2025,4,VER. JUNIOR DE CLETO,18,246091.11
2025,4,VER. KARI SANTOS,18,242324.75
2025,4,VER. LIANA CIRNE,18,250897.5
2025,4,VER. LUIZ EUSTAQUIO,21,266470.9
2025,4,VER. LUIZ FELIPE C. DE OLIVEIRA PONTES,24,276198.16
2025,4,VER. NATALIA DE MENUDO,19,257940.53
2025,4,VER. OSMAR RICARDO,24,252014.05
2025,4,VER. PAULO MUNIZ,20,246747.5
2025,4,VER. RINALDO JUNIOR,19,247117.91
2025,4,VER. RODRIGO COUTINHO,20,246638.55
2025,4,VER. ROMERO JATOBA CAVALCANTI NETO,22,260738.95
2025,4,VER. SAMUEL SALAZAR,22,260370.25
2025,4,VER. TADEU CALHEIROS,20,252175.13
2025,4,VER. THIAGO MEDINA,11,141528.29
2025,4,VER. WEBERSON FLORENCIO,1,1411.85
2025,4,VER. WILTON DE BRITO CAVALCANTI,22,257307.15
2025,4,VER. ZE NETO,23,259729.86
2025,5,VER. ADERALDO DE OLIVEIRA FLORENCIO,23,245185.2
2025,5,VER. AGORA E RUBEM,19,240720.66
2025,5,VER. ALCIDES TEIXEIRA NETO,23,244144.7
2025,5,VER. ALEF COLLINS,25,253113.89
2025,5,VER. ANA LUCIA,23,244414.36
2025,5,VER. CARLOS MUNIZ,22,235485.19
2025,5,VER. CHICO KIKO,24,243194.33
2025,5,VER. CIDA PEDROSA,22,236315.59
2025,5,VER. DAVI BERNARDO MUNIZ,23,236522.58
2025,5,VER. EDUARDO MARQUES,1,1411.85
2025,5,VER. EDUARDO MOTA,19,231548.42
2025,5,VER. EDUARDO MOURA,20,232470.62
2025,5,VER. ERIBERTO RAFAEL ACIOLI MEDEIROS,22,241152.48
2025,5,VER. FABIANO FERRAZ,19,227471.91
2025,5,VER. FELIPE ALECRIM,24,237450.81
2025,5,VER. FLAVIA DE NADEGI,19,235634.71
2025,5,VER. FRED FERREIRA,23,237245.16
2025,5,VER. GILBERTO ALVES,24,256969.41
2025,5,VER. GILSON MACHADO FILHO,19,231163.35
2025,5,VER. HELIO GUABIRABA,23,239289.33
2025,5,VER. JO CAVALCANTI,19,240636.15
2025,5,VER. JUNIOR BOCAO,20,237392.51
2025,5,VER. JUNIOR DE CLETO,19,230136.57
2025,5,VER. KARI SANTOS,19,230218.67
2025,5,VER. LIANA CIRNE,20,240784.54
2025,5,VER. LUIZ EUSTAQUIO,20,231548.41
2025,5,VER. LUIZ FELIPE C. DE OLIVEIRA PONTES,23,246727.98
2025,5,VER. NATALIA DE MENUDO,21,255236.28
2025,5,VER. OSMAR RICARDO,25,240837.36
2025,5,VER. PAULO MUNIZ,21,241755.29
2025,5,VER. RINALDO JUNIOR,19,231163.34
2025,5,VER. RODRIGO COUTINHO,21,243118.83
2025,5,VER. ROMERO JATOBA CAVALCANTI NETO,22,238811.53
2025,5,VER. SAMUEL SALAZAR,22,237415.05
2025,5,VER. TADEU CALHEIROS,18,230098.18
2025,5,VER. THIAGO MEDINA,11,132806.19
2025,5,VER. WEBERSON FLORENCIO,1,1411.85
2025,5,VER. WILTON DE BRITO CAVALCANTI,22,232538.47
2025,5,VER. ZE NETO,23,232759.53
2025,6,VER. ADERALDO DE OLIVEIRA FLORENCIO,23,338402.52
2025,6,VER. AGORA E RUBEM,21,324037.03
2025,6,VER. ALCIDES TEIXEIRA NETO,23,330908.89
2025,6,VER. ALEF COLLINS,22,311045.62
2025,6,VER. ANA LUCIA,22,323147.92
2025,6,VER. CARLOS MUNIZ,22,318398.11
2025,6,VER. CHICO KIKO,24,336488.24
2025,6,VER. CIDA PEDROSA,22,332310.94
2025,6,VER. DAVI BERNARDO MUNIZ,21,320880.31
2025,6,VER. EDUARDO MARQUES,1,2117.78
2025,6,VER. EDUARDO MOTA,19,318474.92
2025,6,VER. EDUARDO MOURA,20,314419.87
2025,6,VER. ERIBERTO RAFAEL ACIOLI MEDEIROS,22,334144.51
2025,6,VER. FABIANO FERRAZ,19,313889.66
2025,6,VER. FELIPE ALECRIM,24,326011.06
2025,6,VER. FLAVIA DE NADEGI,18,312049.94
2025,6,VER. FRED FERREIRA,23,331702.5
2025,6,VER. GILBERTO ALVES,24,353482.23
2025,6,VER. GILSON MACHADO FILHO,19,315021.04
2025,6,VER. HELIO GUABIRABA,22,312380.68
2025,6,VER. JO CAVALCANTI,18,310652.51
2025,6,VER. JUNIOR BOCAO,21,333661.4
2025,6,VER. JUNIOR DE CLETO,19,318913.44
2025,6,VER. KARI SANTOS,19,307728.24
2025,6,VER. LIANA CIRNE,18,320009.89
2025,6,VER. LUIZ EUSTAQUIO,20,318617.33
2025,6,VER. LUIZ FELIPE C. DE OLIVEIRA PONTES,26,373075.82
2025,6,VER. NATALIA DE MENUDO,20,311751.55
2025,6,VER. OSMAR RICARDO,25,318175.83
2025,6,VER. PAULO MUNIZ,20,312481.59
2025,6,VER. RINALDO JUNIOR,19,319426.81
2025,6,VER. RODRIGO COUTINHO,20,312221.04
2025,6,VER. ROMERO JATOBA CAVALCANTI NETO,22,322122.19
2025,6,VER. SAMUEL SALAZAR,22,325907.68
2025,6,VER. TADEU CALHEIROS,19,312892.19
2025,6,VER. THIAGO MEDINA,11,181669.52
2025,6,VER. WEBERSON FLORENCIO,1,2117.78
2025,6,VER. WILTON DE BRITO CAVALCANTI,22,329633.37
2025,6,VER. ZE NETO,22,312636.83
2025,7,VER. ADERALDO DE OLIVEIRA FLORENCIO,23,237195.83
2025,7,VER. AGORA E RUBEM,18,230137.31
2025,7,VER. ALCIDES TEIXEIRA NETO,24,247216.3
2025,7,VER. ALEF COLLINS,22,234757.91
2025,7,VER. ANA LUCIA,22,237194.22
2025,7,VER. CARLOS MUNIZ,22,235014.57
2025,7,VER. CHICO KIKO,24,246997.79
2025,7,VER. CIDA PEDROSA,22,238778.4
2025,7,VER. DAVI BERNARDO MUNIZ,21,233731.12
2025,7,VER. EDUARDO MOTA,19,240160.34
2025,7,VER. EDUARDO MOURA,20,238041.68
2025,7,VER. ERIBERTO RAFAEL ACIOLI MEDEIROS,22,241264.18
2025,7,VER. FABIANO FERRAZ,19,227471.91
2025,7,VER. FELIPE ALECRIM,24,242028.37
2025,7,VER. FLAVIA DE NADEGI,18,230098.23
2025,7,VER. FRED FERREIRA,22,241268.53
2025,7,VER. GILBERTO ALVES,24,258245.23
2025,7,VER. GILSON MACHADO FILHO,19,226830.59
2025,7,VER. HELIO GUABIRABA,24,256282.8
2025,7,VER. JO CAVALCANTI,19,239857.14
2025,7,VER. JUNIOR BOCAO,20,239155.72
2025,7,VER. JUNIOR DE CLETO,20,241695.74
2025,7,VER. KARI SANTOS,19,228435.45
2025,7,VER. LIANA CIRNE,18,231136.14
2025,7,VER. LUIZ EUSTAQUIO,20,239414.86
2025,7,VER. LUIZ FELIPE C. DE OLIVEIRA PONTES,23,236425.68
2025,7,VER. NATALIA DE MENUDO,20,234803.56
2025,7,VER. OSMAR RICARDO,24,235745.57
2025,7,VER. PAULO MUNIZ,20,235619.89
2025,7,VER. RINALDO JUNIOR,19,231163.34
2025,7,VER. RODRIGO COUTINHO,21,234841.63
2025,7,VER. ROMERO JATOBA CAVALCANTI NETO,24,248829.13
2025,7,VER. SAMUEL SALAZAR,22,236115.38
2025,7,VER. TADEU CALHEIROS,20,254367.64
2025,7,VER. THIAGO MEDINA,12,135979.9
2025,7,VER. WILTON DE BRITO CAVALCANTI,22,235639.02
2025,7,VER. ZE NETO,22,231549.15
2025,8,VER. ADERALDO DE OLIVEIRA FLORENCIO,23,237195.83
2025,8,VER. AGORA E RUBEM,18,230137.31
2025,8,VER. ALCIDES TEIXEIRA NETO,23,238566.16
2025,8,VER. ALEF COLLINS,22,234757.91
2025,8,VER. ANA LUCIA,22,240282.17
2025,8,VER. CARLOS MUNIZ,22,239877.47
2025,8,VER. CHICO KIKO,23,235870.25
2025,8,VER. CIDA PEDROSA,22,233741.69
2025,8,VER. DAVI BERNARDO MUNIZ,21,233731.12
2025,8,VER. EDUARDO MOTA,20,258164.58
2025,8,VER. EDUARDO MOURA,21,245498.34
2025,8,VER. ERIBERTO RAFAEL ACIOLI MEDEIROS,22,242272.16
2025,8,VER. FABIANO FERRAZ,19,227471.91
2025,8,VER. FELIPE ALECRIM,24,236310.63
2025,8,VER. FLAVIA DE NADEGI,18,230098.23
2025,8,VER. FRED FERREIRA,22,235100.3
2025,8,VER. GILBERTO ALVES,24,258122.59
2025,8,VER. GILSON MACHADO FILHO,18,225014.21
2025,8,VER. HELIO GUABIRABA,22,233346.05
2025,8,VER. JO CAVALCANTI,18,230135.78
2025,8,VER. JUNIOR BOCAO,22,262188.76
2025,8,VER. JUNIOR DE CLETO,19,231163.35
2025,8,VER. KARI SANTOS,21,244466.57
2025,8,VER. LIANA CIRNE,18,230098.21
2025,8,VER. LUIZ EUSTAQUIO,21,237290.19
2025,8,VER. LUIZ FELIPE C. DE OLIVEIRA PONTES,24,244815.28
2025,8,VER. NATALIA DE MENUDO,19,238647.94
2025,8,VER. OSMAR RICARDO,24,238163.95
2025,8,VER. PAULO MUNIZ,20,237448.06
2025,8,VER. RINALDO JUNIOR,19,231163.34
2025,8,VER. RODRIGO COUTINHO,21,236738.87
2025,8,VER. ROMERO JATOBA CAVALCANTI NETO,22,234808.57
2025,8,VER. SAMUEL SALAZAR,22,241105.08
2025,8,VER. TADEU CALHEIROS,19,243627.39
2025,8,VER. THIAGO MEDINA,11,129921.24
2025,8,VER. WILTON DE BRITO CAVALCANTI,22,232538.47
2025,8,VER. ZE NETO,22,238959.82
2025,9,VER. ADERALDO DE OLIVEIRA FLORENCIO,23,240296.38
2025,9,VER. AGORA E RUBEM,18,230137.31
2025,9,VER. ALCIDES TEIXEIRA NETO,23,242823.77
2025,9,VER. ALEF COLLINS,22,234757.91
2025,9,VER. ANA LUCIA,22,236205.7
2025,9,VER. CARLOS MUNIZ,22,239286.69
2025,9,VER. CHICO KIKO,24,260029.03
2025,9,VER. CIDA PEDROSA,22,235066.59
2025,9,VER. DAVI BERNARDO MUNIZ,21,233731.12
2025,9,VER. EDUARDO MOTA,18,229983.19
2025,9,VER. EDUARDO MOURA,19,231395.05
2025,9,VER. ERIBERTO RAFAEL ACIOLI MEDEIROS,23,242089.35
2025,9,VER. FABIANO FERRAZ,19,227471.91
2025,9,VER. FELIPE ALECRIM,24,236310.63
2025,9,VER. FLAVIA DE NADEGI,18,230098.23
2025,9,VER. FRED FERREIRA,22,235355.94
2025,9,VER. GILBERTO ALVES,24,252113.89
2025,9,VER. GILSON MACHADO FILHO,18,225014.21
2025,9,VER. HELIO GUABIRABA,25,260592.52
2025,9,VER. JO CAVALCANTI,18,230135.78
2025,9,VER. JUNIOR BOCAO,20,240036.94
2025,9,VER. JUNIOR DE CLETO,19,231163.35
2025,9,VER. KARI SANTOS,21,233900.09
2025,9,VER. LIANA CIRNE,19,237991.76
2025,9,VER. LUIZ EUSTAQUIO,21,248793.54
2025,9,VER. LUIZ FELIPE C. DE OLIVEIRA PONTES,23,236425.68
2025,9,VER. NATALIA DE MENUDO,19,233048.21
2025,9,VER. OSMAR RICARDO,24,236783.5
2025,9,VER. PAULO MUNIZ,20,237473.62
2025,9,VER. RINALDO JUNIOR,19,231163.34
2025,9,VER. RODRIGO COUTINHO,21,237206.95
2025,9,VER. ROMERO JATOBA CAVALCANTI NETO,22,232960.26
2025,9,VER. SAMUEL SALAZAR,22,238881.01
2025,9,VER. TADEU CALHEIROS,20,245796.63
2025,9,VER. THIAGO MEDINA,11,129921.24
2025,9,VER. WILTON DE BRITO CAVALCANTI,22,236726.54
2025,9,VER. ZE NETO,22,231549.15
2025,10,VER. ADERALDO DE OLIVEIRA FLORENCIO,23,237195.83
2025,10,VER. AGORA E RUBEM,19,230137.31
2025,10,VER. ALCIDES TEIXEIRA NETO,23,236810.72
2025,10,VER. ALEF COLLINS,22,234757.91
2025,10,VER. ANA LUCIA,22,244494.19
2025,10,VER. CARLOS MUNIZ,22,237220.38
2025,10,VER. CHICO KIKO,23,235527.99
2025,10,VER. CIDA PEDROSA,22,235932.13
2025,10,VER. DAVI BERNARDO MUNIZ,21,233731.12
2025,10,VER. EDUARDO MOTA,18,229983.19
2025,10,VER. EDUARDO MOURA,22,250778.0
2025,10,VER. ERIBERTO RAFAEL ACIOLI MEDEIROS,22,234843.47
2025,10,VER. FABIANO FERRAZ,21,230295.61
2025,10,VER. FELIPE ALECRIM,24,236310.63
2025,10,VER. FLAVIA DE NADEGI,21,258513.68
2025,10,VER. FRED FERREIRA,22,241636.63
2025,10,VER. GILBERTO ALVES,24,253045.26
2025,10,VER. GILSON MACHADO FILHO,18,225014.21
2025,10,VER. HELIO GUABIRABA,23,233345.28
2025,10,VER. JO CAVALCANTI,18,230135.78
2025,10,VER. JUNIOR BOCAO,20,235289.56
2025,10,VER. JUNIOR DE CLETO,20,232575.2
2025,10,VER. KARI SANTOS,21,240362.43
2025,10,VER. LIANA CIRNE,18,234152.69
2025,10,VER. LUIZ EUSTAQUIO,20,231548.41
2025,10,VER. LUIZ FELIPE C. DE OLIVEIRA PONTES,23,236896.3
2025,10,VER. NATALIA DE MENUDO,20,249264.53
2025,10,VER. OSMAR RICARDO,24,235745.57
2025,10,VER. PAULO MUNIZ,21,249937.4
2025,10,VER. RINALDO JUNIOR,19,231163.34
2025,10,VER. RODRIGO COUTINHO,24,261490.02
2025,10,VER. ROMERO JATOBA CAVALCANTI NETO,22,232960.26
2025,10,VER. SAMUEL SALAZAR,22,238081.22
2025,10,VER. TADEU CALHEIROS,19,231510.03
2025,10,VER. THIAGO MEDINA,11,129921.24
2025,10,VER. WILTON DE BRITO CAVALCANTI,22,232538.47
2025,10,VER. ZE NETO,22,231549.15
2025,11,VER. ADERALDO DE OLIVEIRA FLORENCIO,23,240807.66
2025,11,VER. AGORA E RUBEM,19,231549.16
2025,11,VER. ALCIDES TEIXEIRA NETO,23,241350.89
2025,11,VER. ALEF COLLINS,22,234757.91
2025,11,VER. ANA LUCIA,21,247316.84
2025,11,VER. CARLOS MUNIZ,22,240638.66
2025,11,VER. CHICO KIKO,23,235527.99
2025,11,VER. CIDA PEDROSA,22,232575.94
2025,11,VER. DAVI BERNARDO MUNIZ,24,328275.2
2025,11,VER. EDUARDO MOTA,19,234519.52
2025,11,VER. EDUARDO MOURA,20,233465.74
2025,11,VER. ERIBERTO RAFAEL ACIOLI MEDEIROS,22,234600.02
2025,11,VER. FABIANO FERRAZ,22,244175.63
2025,11,VER. FELIPE ALECRIM,23,234898.78
2025,11,VER. FLAVIA DE NADEGI,19,231510.08
2025,11,VER. FRED FERREIRA,22,233295.45
2025,11,VER. GILBERTO ALVES,24,253671.38
2025,11,VER. GILSON MACHADO FILHO,18,226690.86
2025,11,VER. HELIO GUABIRABA,26,280764.01
2025,11,VER. JO CAVALCANTI,18,230135.78
2025,11,VER. JUNIOR BOCAO,22,259901.75
2025,11,VER. JUNIOR DE CLETO,20,232575.2
2025,11,VER. KARI SANTOS,21,230113.72
2025,11,VER. LIANA CIRNE,19,253700.74
2025,11,VER. LUIZ EUSTAQUIO,20,231548.41
2025,11,VER. LUIZ FELIPE C. DE OLIVEIRA PONTES,23,236425.68
2025,11,VER. NATALIA DE MENUDO,19,231548.41
2025,11,VER. OSMAR RICARDO,24,240682.35
2025,11,VER. PAULO MUNIZ,20,233525.34
2025,11,VER. RINALDO JUNIOR,19,231163.34
2025,11,VER. RODRIGO COUTINHO,21,242280.45
2025,11,VER. ROMERO JATOBA CAVALCANTI NETO,22,237747.22
2025,11,VER. SAMUEL SALAZAR,22,237053.58
2025,11,VER. TADEU CALHEIROS,19,231510.03
2025,11,VER. THIAGO MEDINA,11,129921.24
2025,11,VER. WILTON DE BRITO CAVALCANTI,22,236303.68
2025,11,VER. ZE NETO,22,231549.15
2025,12,VER. ADERALDO DE OLIVEIRA FLORENCIO,23,419755.18
2025,12,VER. AGORA E RUBEM,19,374161.74
2025,12,VER. ALCIDES TEIXEIRA NETO,23,416048.2
2025,12,VER. ALEF COLLINS,22,406048.04
2025,12,VER. ANA LUCIA,21,412658.47
2025,12,VER. CARLOS MUNIZ,22,409592.82
2025,12,VER. CHICO KIKO,23,395338.38
2025,12,VER. CIDA PEDROSA,22,409534.3
2025,12,VER. DAVI BERNARDO MUNIZ,21,399937.97
2025,12,VER. EDUARDO MOTA,18,384075.0
2025,12,VER. EDUARDO MOURA,19,382397.77
2025,12,VER. ERIBERTO RAFAEL ACIOLI MEDEIROS,23,418324.32
2025,12,VER. FABIANO FERRAZ,21,397535.36
2025,12,VER. FELIPE ALECRIM,23,414003.01
2025,12,VER. FLAVIA DE NADEGI,19,390653.46
2025,12,VER. FRED FERREIRA,22,405170.62
2025,12,VER. GILBERTO ALVES,24,442170.88
2025,12,VER. GILSON MACHADO FILHO,17,385799.2
2025,12,VER. HELIO GUABIRABA,23,356078.74
2025,12,VER. JO CAVALCANTI,19,418324.35
2025,12,VER. JUNIOR BOCAO,21,391616.68
2025,12,VER. JUNIOR DE CLETO,20,403417.74
2025,12,VER. KARI SANTOS,20,382824.38
2025,12,VER. LIANA CIRNE,18,386611.6
2025,12,VER. LUIZ EUSTAQUIO,20,394408.21
2025,12,VER. LUIZ FELIPE C. DE OLIVEIRA PONTES,23,392540.78
2025,12,VER. NATALIA DE MENUDO,19,385535.55
2025,12,VER. OSMAR RICARDO,24,406602.13
2025,12,VER. PAULO MUNIZ,20,400839.79
2025,12,VER. RINALDO JUNIOR,19,407690.2
2025,12,VER. RODRIGO COUTINHO,21,402254.27
2025,12,VER. ROMERO JATOBA CAVALCANTI NETO,22,401719.79
2025,12,VER. SAMUEL SALAZAR,24,425956.55
2025,12,VER. TADEU CALHEIROS,19,397851.35
2025,12,VER. THIAGO MEDINA,11,224462.34
2025,12,VER. WILTON DE BRITO CAVALCANTI,23,423960.89
2025,12,VER. ZE NETO,22,403290.39
2026,1,VER. ADERALDO DE OLIVEIRA FLORENCIO,23,237195.83
2026,1,VER. AGORA E RUBEM,19,231549.16
2026,1,VER. ALCIDES TEIXEIRA NETO,23,231548.39
2026,1,VER. ALEF COLLINS,25,279625.24
2026,1,VER. ANA LUCIA,21,258877.7
2026,1,VER. CARLOS MUNIZ,22,235487.37
2026,1,VER. CHICO KIKO,25,272938.89
2026,1,VER. CIDA PEDROSA,22,241220.99
2026,1,VER. DAVI BERNARDO MUNIZ,22,245699.54
2026,1,VER. EDUARDO MOTA,19,247788.31
2026,1,VER. EDUARDO MOURA,19,255992.05
2026,1,VER. ERIBERTO RAFAEL ACIOLI MEDEIROS,22,235410.78
2026,1,VER. FABIANO FERRAZ,21,233757.69
2026,1,VER. FELIPE ALECRIM,23,248302.74
2026,1,VER. FLAVIA DE NADEGI,20,251961.31
2026,1,VER. FRED FERREIRA,22,237939.38
2026,1,VER. GILBERTO ALVES,24,266570.8
2026,1,VER. GILSON MACHADO FILHO,18,224920.51
2026,1,VER. HELIO GUABIRABA,22,235910.37
2026,1,VER. JO CAVALCANTI,18,230137.32
2026,1,VER. JUNIOR BOCAO,20,243769.69
2026,1,VER. JUNIOR DE CLETO,21,236726.91
2026,1,VER. KARI SANTOS,21,232460.1
2026,1,VER. LIANA CIRNE,19,245661.82
2026,1,VER. LUIZ EUSTAQUIO,20,241694.44
2026,1,VER. LUIZ FELIPE C. DE OLIVEIRA PONTES,24,268589.84
2026,1,VER. NATALIA DE MENUDO,19,249242.59
2026,1,VER. OSMAR RICARDO,24,235745.57
2026,1,VER. PAULO MUNIZ,20,237237.71
2026,1,VER. RINALDO JUNIOR,19,243565.79
2026,1,VER. RODRIGO COUTINHO,21,233987.82
2026,1,VER. ROMERO JATOBA CAVALCANTI NETO,22,235340.59
2026,1,VER. SAMUEL SALAZAR,23,257123.62
2026,1,VER. TADEU CALHEIROS,19,231510.03
2026,1,VER. THIAGO MEDINA,12,168741.21
2026,1,VER. WILTON DE BRITO CAVALCANTI,22,232538.47
2026,1,VER. ZE NETO,22,247979.47
2026,2,VER. ADERALDO DE OLIVEIRA FLORENCIO,23,237195.83
2026,2,VER. AGORA E RUBEM,21,272930.85
2026,2,VER. ALCIDES TEIXEIRA NETO,19,234350.79
2026,2,VER. ALEF COLLINS,19,237682.44
2026,2,VER. ANA LUCIA,21,235178.92
2026,2,VER. CARLOS MUNIZ,23,235014.57
2026,2,VER. CHICO KIKO,25,241929.31
2026,2,VER. CIDA PEDROSA,22,239577.59
2026,2,VER. DAVI BERNARDO MUNIZ,20,258776.2
2026,2,VER. EDUARDO MOTA,18,239096.79
2026,2,VER. EDUARDO MOURA,22,245112.45
2026,2,VER. ERIBERTO RAFAEL ACIOLI MEDEIROS,23,258699.28
2026,2,VER. FABIANO FERRAZ,21,233881.88
2026,2,VER. FELIPE ALECRIM,20,242604.83
2026,2,VER. FLAVIA DE NADEGI,19,231510.08
2026,2,VER. FRED FERREIRA,21,232921.53
2026,2,VER. GILBERTO ALVES,24,253789.02
2026,2,VER. GILSON MACHADO FILHO,18,239280.5
2026,2,VER. HELIO GUABIRABA,22,238762.72
2026,2,VER. JO CAVALCANTI,18,230137.32
2026,2,VER. JUNIOR BOCAO,20,232575.54
2026,2,VER. JUNIOR DE CLETO,23,300908.76
2026,2,VER. KARI SANTOS,22,239385.94
2026,2,VER. LIANA CIRNE,19,232779.52
2026,2,VER. LUIZ EUSTAQUIO,20,240400.87
2026,2,VER. LUIZ FELIPE C. DE OLIVEIRA PONTES,23,236425.68
2026,2,VER. NATALIA DE MENUDO,19,236325.99
2026,2,VER. OSMAR RICARDO,24,235745.57
2026,2,VER. PAULO MUNIZ,23,250124.07
2026,2,VER. RINALDO JUNIOR,19,251037.53
2026,2,VER. RODRIGO COUTINHO,21,233731.12
2026,2,VER. ROMERO JATOBA CAVALCANTI NETO,22,232960.26
2026,2,VER. SAMUEL SALAZAR,22,234757.14
2026,2,VER. TADEU CALHEIROS,18,219999.75
2026,2,VER. THIAGO MEDINA,13,179160.92
2026,2,VER. WILTON DE BRITO CAVALCANTI,22,238819.95
2026,2,VER. ZE NETO,22,241339.79
2026,3,VER. ADERALDO DE OLIVEIRA FLORENCIO,23,290845.93
2026,3,VER. AGORA E RUBEM,19,271126.72
2026,3,VER. ALCIDES TEIXEIRA NETO,19,267296.0
2026,3,VER. ALEF COLLINS,19,281695.41
2026,3,VER. ANA LUCIA,21,278027.97
2026,3,VER. CARLOS MUNIZ,23,277111.35
2026,3,VER. CHICO KIKO,24,294205.24
2026,3,VER. CIDA PEDROSA,21,271388.7
2026,3,VER. DAVI BERNARDO MUNIZ,19,271432.04
2026,3,VER. EDUARDO MOTA,18,280111.02
2026,3,VER. EDUARDO MOURA,18,286904.52
2026,3,VER. ERIBERTO RAFAEL ACIOLI MEDEIROS,22,276202.78
2026,3,VER. FABIANO FERRAZ,23,301901.41
2026,3,VER. FELIPE ALECRIM,21,299098.98
2026,3,VER. FLAVIA DE NADEGI,20,284926.43
2026,3,VER. FRED FERREIRA,20,273726.56
2026,3,VER. GILBERTO ALVES,24,299528.0
2026,3,VER. GILSON MACHADO FILHO,17,256893.86
2026,3,VER. HELIO GUABIRABA,22,282161.24
2026,3,VER. JO CAVALCANTI,18,288059.42
2026,3,VER. JUNIOR BOCAO,20,282115.06
2026,3,VER. JUNIOR DE CLETO,22,271458.73
2026,3,VER. KARI SANTOS,21,271460.25
2026,3,VER. LIANA CIRNE,18,270060.14
2026,3,VER. LUIZ EUSTAQUIO,20,280055.34
2026,3,VER. LUIZ FELIPE C. DE OLIVEIRA PONTES,24,306186.07
2026,3,VER. MARCO AURELIO FILHO,24,279734.92
2026,3,VER. NATALIA DE MENUDO,19,277973.39
2026,3,VER. OSMAR RICARDO,5,98833.27
2026,3,VER. PAULO MUNIZ,20,283659.04
2026,3,VER. RINALDO JUNIOR,19,282406.24
2026,3,VER. RODRIGO COUTINHO,21,274665.51
2026,3,VER. ROMERO JATOBA CAVALCANTI NETO,22,273877.37
2026,3,VER. SAMUEL SALAZAR,22,288869.85
2026,3,VER. TADEU CALHEIROS,21,276191.64
2026,3,VER. THIAGO MEDINA,13,237534.74
2026,3,VER. WILTON DE BRITO CAVALCANTI,22,284519.01
2026,3,VER. ZE NETO,22,285304.02
2026,4,VER. ADERALDO DE OLIVEIRA FLORENCIO,23,285449.31
2026,4,VER. AGORA E RUBEM,20,280993.84
2026,4,VER. ALCIDES TEIXEIRA NETO,20,260877.64
2026,4,VER. ALEF COLLINS,19,272958.92
2026,4,VER. ANA LUCIA,21,265719.52
2026,4,VER. ANDREZA ROMERO,18,259077.3
2026,4,VER. CARLOS MUNIZ,23,267105.75
2026,4,VER. CHICO KIKO,23,272786.01
2026,4,VER. CIDA PEDROSA,21,266722.31
2026,4,VER. DAVI BERNARDO MUNIZ,19,261466.94
2026,4,VER. EDUARDO MOURA,20,272957.35
2026,4,VER. ERIBERTO RAFAEL ACIOLI MEDEIROS,23,281029.84
2026,4,VER. FABIANO FERRAZ,21,268632.62
2026,4,VER. FELIPE ALECRIM,21,265268.11
2026,4,VER. FLAVIA DE NADEGI,19,256040.04
2026,4,VER. FRED FERREIRA,20,270360.76
2026,4,VER. GILBERTO ALVES,24,287434.24
2026,4,VER. GILSON MACHADO FILHO,19,305657.39
2026,4,VER. HELIO GUABIRABA,22,270139.83
2026,4,VER. JO CAVALCANTI,19,276116.88
2026,4,VER. JUNIOR BOCAO,20,268485.5
2026,4,VER. JUNIOR DE CLETO,23,266532.43
2026,4,VER. KARI SANTOS,21,260451.88
2026,4,VER. LIANA CIRNE,18,260150.98
2026,4,VER. LUIZ EUSTAQUIO,20,265081.13
2026,4,VER. LUIZ FELIPE C. DE OLIVEIRA PONTES,24,289041.18
2026,4,VER. MARCO AURELIO FILHO,23,268516.25
2026,4,VER. NATALIA DE MENUDO,19,265312.72
2026,4,VER. PAULO MUNIZ,20,268765.33
2026,4,VER. RINALDO JUNIOR,19,261391.62
2026,4,VER. RODRIGO COUTINHO,22,267008.64
2026,4,VER. ROMERO JATOBA CAVALCANTI NETO,22,263309.39
2026,4,VER. SAMUEL SALAZAR,22,278054.45
2026,4,VER. TADEU CALHEIROS,22,286213.42
2026,4,VER. THIAGO MEDINA,14,217641.97
2026,4,VER. WILTON DE BRITO CAVALCANTI,23,290823.34
2026,4,VER. ZE NETO,23,296839.76
2026,5,VER. ADERALDO DE OLIVEIRA FLORENCIO,23,273012.48
2026,5,VER. AGORA E RUBEM,19,253432.23
2026,5,VER. ALCIDES TEIXEIRA NETO,19,247419.61
2026,5,VER. ALEF COLLINS,19,261489.53
2026,5,VER. ANA LUCIA,21,255674.42
2026,5,VER. ANDREZA ROMERO,18,256651.25
2026,5,VER. CARLOS MUNIZ,24,287788.61
2026,5,VER. CHICO KIKO,27,298064.43
2026,5,VER. CIDA PEDROSA,21,262059.36
2026,5,VER. DAVI BERNARDO MUNIZ,21,304000.99
2026,5,VER. EDUARDO MOURA,19,264844.1
2026,5,VER. ERIBERTO RAFAEL ACIOLI MEDEIROS,23,283233.63
2026,5,VER. FABIANO FERRAZ,21,256085.98
2026,5,VER. FELIPE ALECRIM,21,255598.33
2026,5,VER. FRED FERREIRA,20,254687.81
2026,5,VER. GILBERTO ALVES,24,274679.3
2026,5,VER. GILSON MACHADO FILHO,19,255037.84
2026,5,VER. HELIO GUABIRABA,22,257204.88
2026,5,VER. JO CAVALCANTI,18,252035.73
2026,5,VER. JUNIOR BOCAO,21,265058.61
2026,5,VER. JUNIOR DE CLETO,23,254806.13
2026,5,VER. KARI SANTOS,21,251116.66
2026,5,VER. LIANA CIRNE,20,286066.87
2026,5,VER. LUIZ EUSTAQUIO,20,258732.27
2026,5,VER. LUIZ FELIPE C. DE OLIVEIRA PONTES,25,330523.57
2026,5,VER. MARCO AURELIO FILHO,21,251752.01
2026,5,VER. NATALIA DE MENUDO,20,269724.29
2026,5,VER. OSMAR RICARDO,21,249644.56
2026,5,VER. PAULO MUNIZ,20,260143.11
2026,5,VER. RINALDO JUNIOR,20,253764.78
2026,5,VER. RODRIGO COUTINHO,21,254124.43
2026,5,VER. ROMERO JATOBA CAVALCANTI NETO,22,253295.51
2026,5,VER. SAMUEL SALAZAR,22,267197.29
2026,5,VER. TADEU CALHEIROS,20,252809.65
2026,5,VER. THIAGO MEDINA,14,197432.01
2026,5,VER. WILTON DE BRITO CAVALCANTI,22,267883.36
2026,5,VER. ZE NETO,22,254172.64
2026,6,VER. ADERALDO DE OLIVEIRA FLORENCIO,23,371534.79
2026,6,VER. AGORA E RUBEM,21,344874.77
2026,6,VER. ALCIDES TEIXEIRA NETO,1,25752.02
2026,6,VER. ALEF COLLINS,22,368329.82
2026,6,VER. ANA LUCIA,21,352669.22
2026,6,VER. ANDREZA ROMERO,18,340348.05
2026,6,VER. CARLOS MUNIZ,23,350925.02
2026,6,VER. CHICO KIKO,23,342683.9
2026,6,VER. CIDA PEDROSA,21,351444.45
2026,6,VER. DAVI BERNARDO MUNIZ,20,337259.91
2026,6,VER. DOUGLAS PEREIRA DE BRITO,19,327261.22
2026,6,VER. EDUARDO MOURA,18,332903.36
2026,6,VER. ERIBERTO RAFAEL ACIOLI MEDEIROS,22,353959.61
2026,6,VER. FABIANO FERRAZ,21,350839.13
2026,6,VER. FELIPE ALECRIM,21,350735.54
2026,6,VER. FRED FERREIRA,20,351121.3
2026,6,VER. GILBERTO ALVES,24,383654.41
2026,6,VER. GILSON MACHADO FILHO,19,332891.5
2026,6,VER. HELIO GUABIRABA,23,357075.05
2026,6,VER. JAIRO BRITTO,21,345329.1
2026,6,VER. JO CAVALCANTI,19,357171.73
2026,6,VER. JUNIOR BOCAO,20,344353.6
2026,6,VER. JUNIOR DE CLETO,23,347873.51
2026,6,VER. KARI SANTOS,22,348814.45
2026,6,VER. LIANA CIRNE,18,341342.45
2026,6,VER. LUIZ EUSTAQUIO,22,362337.02
2026,6,VER. LUIZ FELIPE C. DE OLIVEIRA PONTES,23,337848.72
2026,6,VER. NATALIA DE MENUDO,19,336507.51
2026,6,VER. OSMAR RICARDO,21,339938.99
2026,6,VER. PAULO MUNIZ,20,348174.91
2026,6,VER. RINALDO JUNIOR,19,349071.75
2026,6,VER. RODRIGO COUTINHO,22,373819.95
2026,6,VER. ROMERO JATOBA CAVALCANTI NETO,23,356911.94
2026,6,VER. SAMUEL SALAZAR,22,354733.97
2026,6,VER. TADEU CALHEIROS,20,342367.06
2026,6,VER. THIAGO MEDINA,14,281473.65
2026,6,VER. WILTON DE BRITO CAVALCANTI,24,361243.41
2026,6,VER. ZE NETO,22,341862.86
2026,7,VER RONALDO LOPES,18,250279.08
2026,7,VER. ADERALDO DE OLIVEIRA FLORENCIO,23,258331.13
2026,7,VER. AGORA E RUBEM,18,246160.44
2026,7,VER. ANA LUCIA,21,262753.29
2026,7,VER. ANDREZA ROMERO,18,252115.06
2026,7,VER. CARLOS MUNIZ,23,259055.83
2026,7,VER. CHICO KIKO,23,255057.43
2026,7,VER. CIDA PEDROSA,21,248587.74
2026,7,VER. DAVI BERNARDO MUNIZ,20,291171.98
2026,7,VER. DOUGLAS PEREIRA DE BRITO,18,244538.13
2026,7,VER. EDUARDO MOURA,18,250200.31
2026,7,VER. ERIBERTO RAFAEL ACIOLI MEDEIROS,22,257441.79
2026,7,VER. FABIANO FERRAZ,21,256468.93
2026,7,VER. FELIPE ALECRIM,20,258880.75
2026,7,VER. FRED FERREIRA,19,272482.66
2026,7,VER. GILBERTO ALVES,24,274679.3
2026,7,VER. GILSON MACHADO FILHO,18,319981.85
2026,7,VER. HELIO GUABIRABA,21,255656.99
2026,7,VER. JAIRO BRITTO,21,254339.68
2026,7,VER. JO CAVALCANTI,19,252720.9
2026,7,VER. JUNIOR BOCAO,20,259806.12
2026,7,VER. JUNIOR DE CLETO,23,254806.13
2026,7,VER. KARI SANTOS,25,319525.74
2026,7,VER. LIANA CIRNE,19,267057.93
2026,7,VER. LUIZ EUSTAQUIO,21,258973.34
2026,7,VER. LUIZ FELIPE C. DE OLIVEIRA PONTES,23,263204.64
2026,7,VER. NATALIA DE MENUDO,20,260729.32
2026,7,VER. OSMAR RICARDO,19,246623.2
2026,7,VER. PAULO MUNIZ,20,252883.49
2026,7,VER. RINALDO JUNIOR,20,271044.1
2026,7,VER. RODRIGO COUTINHO,21,254124.43
2026,7,VER. ROMERO JATOBA CAVALCANTI NETO,22,253295.51
2026,7,VER. SAMUEL SALAZAR,23,262033.45
2026,7,VER. TADEU CALHEIROS,20,258151.4
2026,7,VER. THIAGO MEDINA,14,204919.54
2026,7,VER. WILTON DE BRITO CAVALCANTI,23,253299.65
2026,7,VER. ZE NETO,22,254697.47
2026,8,VER RONALDO LOPES,18,250279.08
2026,8,VER. ADERALDO DE OLIVEIRA FLORENCIO,23,257827.57
2026,8,VER. AGORA E RUBEM,18,248068.25
2026,8,VER. ANA LUCIA,22,271094.73
2026,8,VER. ANDREZA ROMERO,19,281617.27
2026,8,VER. CARLOS MUNIZ,23,265553.21
2026,8,VER. CHICO KIKO,23,258903.37
2026,8,VER. CIDA PEDROSA,21,250842.42
2026,8,VER. DAVI BERNARDO MUNIZ,18,250279.08
2026,8,VER. DOUGLAS PEREIRA DE BRITO,18,244538.13
2026,8,VER. EDUARDO MOURA,23,302621.43
2026,8,VER. ERIBERTO RAFAEL ACIOLI MEDEIROS,22,260357.42
2026,8,VER. FABIANO FERRAZ,22,275928.72
2026,8,VER. FELIPE ALECRIM,20,253221.67
2026,8,VER. FRED FERREIRA,19,261085.87
2026,8,VER. GILBERTO ALVES,24,295348.64
2026,8,VER. GILSON MACHADO FILHO,17,243706.04
2026,8,VER. HELIO GUABIRABA,21,252612.93
2026,8,VER. JAIRO BRITTO,21,255471.92
2026,8,VER. JO CAVALCANTI,20,282373.0
2026,8,VER. JUNIOR BOCAO,20,255461.68
2026,8,VER. JUNIOR DE CLETO,23,254806.13
2026,8,VER. KARI SANTOS,23,256497.35
2026,8,VER. LIANA CIRNE,18,250200.31
2026,8,VER. LUIZ EUSTAQUIO,21,253781.67
2026,8,VER. LUIZ FELIPE C. DE OLIVEIRA PONTES,23,265673.67
2026,8,VER. NATALIA DE MENUDO,19,255813.88
2026,8,VER. OSMAR RICARDO,20,254836.86
2026,8,VER. PAULO MUNIZ,20,258193.2
2026,8,VER. RINALDO JUNIOR,19,251377.73
2026,8,VER. RODRIGO COUTINHO,21,254124.43
2026,8,VER. ROMERO JATOBA CAVALCANTI NETO,22,253295.51
2026,8,VER. SAMUEL SALAZAR,22,255222.27
2026,8,VER. TADEU CALHEIROS,20,269529.97
2026,8,VER. THIAGO MEDINA,13,195426.47
2026,8,VER. WILTON DE BRITO CAVALCANTI,23,257780.88
2026,8,VER. ZE NETO,22,258537.51
