ano,mes,nome,dias,codigos
2025,2,Arruda,3|4|5|6|7|10|11|12|13|14,P|P|P|P|P|P|P|P|P|P
2025,2,Braulio Lara,3|4|5|6|7|10|11|12|13|14,P|P|P|P|P|P|P|P|P|P
2025,2,Bruno Miranda,3|4|5|6|7|10|11|12|13|14,P|P|P|P|P|P|P|P|P|P
2025,2,Cida Falabella,3|4|5|6|7|10|11|12|13|14,P|P|P|P|P|P|P|P|P|P
2025,2,Cláudio do Mundo Novo,3|4|5|6|7|10|11|12|13|14,P|P|P|P|P|P|P|P|P|P
2025,2,Cleiton Xavier,3|4|5|6|7|10|11|12|13|14,P|P|P|P|P|P|P|P|P|P
2025,2,Diego Sanches,3|4|5|6|7|10|11|12|13|14,P|P|P|P|P|P|P|P|P|P
2025,2,Dr. Bruno Pedralva,3|4|5|6|7|10|11|12|13|14,P|P|P|P|P|P|P|P|P|P
2025,2,Dra. Michelly Siqueira,3|4|5|6|7|10|11|12|13|14,P|P|P|P|P|P|P|P|P|P
2025,2,Edmar Branco,3|4|5|6|7|10|11|12|13|14,P|P|P|P|P|P|P|P|P|P
2025,2,Fernanda Pereira Altoé,3|4|5|6|7|10|11|12|13|14,P|P|P|P|P|P|P|P|P|P
2025,2,Flávia Borja,3|4|5|6|7|10|11|12|13|14,P|P|P|P|P|P|P|P|P|P
2025,2,Helinho da Farmácia,3|4|5|6|7|10|11|12|13|14,P|P|P|P|P|P|P|P|P|P
2025,2,Helton Junior,3|4|5|6|7|10|11|12|13|14,P|P|P|P|P|P|P|P|P|P
2025,2,Irlan Melo,3|4|5|6|7|10|11|12|13|14,P|P|P|P|P|P|P|P|P|P
2025,2,Iza Lourença,3|4|5|6|7|10|11|12|13|14,P|P|P|P|P|P|P|P|P|P
2025,2,Janaina Cardoso,3|4|5|6|7|10|11|12|13|14,P|P|P|P|P|P|P|P|P|P
2025,2,José Ferreira,3|4|5|6|7|10|11|12|13|14,P|P|P|P|P|P|P|P|P|P
2025,2,Juhlia Santos,3|4|5|6|7|10|11|12|13|14,P|P|P|P|P|P|P|P|P|P
2025,2,Juninho Los Hermanos,3|4|5|6|7|10|11|12|13|14,P|P|P|P|P|P|P|P|P|P
2025,2,Leonardo Ângelo,3|4|5|6|7|10|11|12|13|14,P|P|P|P|P|P|P|P|P|P
2025,2,Loíde Gonçalves,3|4|5|6|7|10|11|12|13|14,P|P|P|P|P|P|P|P|P|P
2025,2,Lucas Ganem,3|4|5|6|7|10|11|12|13|14,P|P|P|P|P|P|P|P|P|P
2025,2,Luiza Dulci,3|4|5|6|7|10|11|12|13|14,P|P|P|P|P|P|P|P|P|P
2025,2,Maninho Félix,3|4|5|6|7|10|11|12|13|14,P|P|P|P|P|P|P|P|P|P
2025,2,Marilda Portela,3|4|5|6|7|10|11|12|13|14,P|P|P|P|P|P|P|P|P|P
2025,2,Neném da Farmácia,3|4|5|6|7|10|11|12|13|14,P|P|P|P|P|P|P|P|P|P
2025,2,Osvaldo Lopes,3|4|5|6|7|10|11|12|13|14,P|P|P|P|P|P|P|P|P|P
2025,2,Pablo Almeida,3|4|5|6|7|10|11|12|13|14,P|P|P|P|P|P|P|P|P|P
2025,2,Pedro Patrus,3|4|5|6|7|10|11|12|13|14,P|P|P|P|P|P|P|P|P|P
2025,2,Pedro Rousseff,3|4|5|6|7|10|11|12|13|14,P|P|P|P|P|P|P|P|P|P
2025,2,Professor Juliano Lopes,3|4|5|6|7|10|11|12|13|14,P|P|P|P|P|P|P|P|P|P
2025,2,Professora Marli,3|4|5|6|7|10|11|12|13|14,P|P|P|P|P|P|P|P|P|P
2025,2,Rudson Paixão,3|4|5|6|7|10|11|12|13|14,P|P|P|P|P|P|P|P|P|P
2025,2,Sargento Jalyson,3|4|5|6|7|10|11|12|13|14,P|P|P|P|P|P|P|P|P|P
2025,2,Tileléo,3|4|5|6|7|10|11|12|13|14,P|P|P|P|P|P|P|P|P|P
2025,2,Trópia,3|4|5|6|7|10|11|12|13|14,P|P|P|P|P|P|P|P|P|P
2025,2,Uner Augusto,3|4|5|6|7|10|11|12|13|14,P|P|P|P|P|P|P|P|P|P
2025,2,Vile,3|4|5|6|7|10|11|12|13|14,P|P|P|P|P|P|P|P|P|P
2025,2,Wagner Ferreira,3|4|5|6|7|10|11|12|13|14,P|P|P|P|P|P|P|P|P|P
2025,2,Wanderley Porto,3|4|5|6|7|10|11|12|13|14,P|P|P|P|P|P|P|P|P|P
2025,3,Arruda,6|7|10|11|12|13|14|17|18|19,P|P|P|P|P|P|P|P|P|P
2025,3,Braulio Lara,6|7|10|11|12|13|14|17|18|19,P|P|P|P|P|P|P|P|P|P
2025,3,Bruno Miranda,6|7|10|11|12|13|14|17|18|19,P|P|P|P|P|P|P|P|P|P
2025,3,Cida Falabella,6|7|10|11|12|13|14|17|18|19,P|P|P|P|P|P|P|P|P|P
2025,3,Cláudio do Mundo Novo,6|7|10|11|12|13|14|17|18|19,P|P|P|P|P|P|P|P|P|P
2025,3,Cleiton Xavier,6|7|10|11|12|13|14|17|18|19,P|P|P|P|P|P|P|P|P|P
2025,3,Diego Sanches,6|7|10|11|12|13|14|17|18|19,P|P|P|P|P|P|P|P|P|P
2025,3,Dr. Bruno Pedralva,6|7|10|11|12|13|14|17|18|19,P|P|P|P|P|P|P|P|P|P
2025,3,Dra. Michelly Siqueira,6|7|10|11|12|13|14|17|18|19,P|P|P|P|P|P|P|P|P|P
2025,3,Edmar Branco,6|7|10|11|12|13|14|17|18|19,P|P|P|P|P|P|P|P|P|P
2025,3,Fernanda Pereira Altoé,6|7|10|11|12|13|14|17|18|19,P|P|P|P|P|P|P|P|P|P
2025,3,Flávia Borja,6|7|10|11|12|13|14|17|18|19,P|P|P|P|P|P|P|P|P|P
2025,3,Helinho da Farmácia,6|7|10|11|12|13|14|17|18|19,P|P|P|P|P|P|P|P|P|P
2025,3,Helton Junior,6|7|10|11|12|13|14|17|18|19,P|P|P|P|P|P|P|P|P|P
2025,3,Irlan Melo,6|7|10|11|12|13|14|17|18|19,P|P|P|P|P|P|P|P|P|P
2025,3,Iza Lourença,6|7|10|11|12|13|14|17|18|19,P|P|P|P|P|P|P|P|P|P
2025,3,Janaina Cardoso,6|7|10|11|12|13|14|17|18|19,P|P|P|P|P|P|P|P|P|P
2025,3,José Ferreira,6|7|10|11|12|13|14|17|18|19,P|P|P|P|P|P|P|P|P|P
2025,3,Juhlia Santos,6|7|10|11|12|13|14|17|18|19,P|P|P|P|P|P|P|P|P|P
2025,3,Juninho Los Hermanos,6|7|10|11|12|13|14|17|18|19,P|P|P|P|P|P|P|P|P|P
2025,3,Leonardo Ângelo,6|7|10|11|12|13|14|17|18|19,P|P|P|P|P|P|P|P|P|P
2025,3,Loíde Gonçalves,6|7|10|11|12|13|14|17|18|19,P|P|P|P|P|P|P|P|P|P
2025,3,Lucas Ganem,6|7|10|11|12|13|14|17|18|19,P|P|P|P|P|P|P|P|P|P
2025,3,Luiza Dulci,6|7|10|11|12|13|14|17|18|19,P|P|P|P|P|P|P|P|P|P
2025,3,Maninho Félix,6|7|10|11|12|13|14|17|18|19,P|P|P|P|P|P|P|P|P|P
2025,3,Marilda Portela,6|7|10|11|12|13|14|17|18|19,P|AJ|P|P|P|P|P|P|P|P
2025,3,Neném da Farmácia,6|7|10|11|12|13|14|17|18|19,P|P|P|P|P|P|P|P|P|P
2025,3,Osvaldo Lopes,6|7|10|11|12|13|14|17|18|19,P|P|P|P|P|P|P|P|P|P
2025,3,Pablo Almeida,6|7|10|11|12|13|14|17|18|19,P|P|P|P|P|P|P|P|P|P
2025,3,Pedro Patrus,6|7|10|11|12|13|14|17|18|19,P|P|P|P|P|P|P|P|P|P
2025,3,Pedro Rousseff,6|7|10|11|12|13|14|17|18|19,P|P|P|P|P|P|P|P|P|P
2025,3,Professor Juliano Lopes,6|7|10|11|12|13|14|17|18|19,P|P|P|P|P|P|P|P|P|P
2025,3,Professora Marli,6|7|10|11|12|13|14|17|18|19,P|P|P|P|P|P|P|P|P|P
2025,3,Rudson Paixão,6|7|10|11|12|13|14|17|18|19,P|P|P|P|P|P|P|P|P|P
2025,3,Sargento Jalyson,6|7|10|11|12|13|14|17|18|19,P|P|P|P|P|P|P|P|P|P
2025,3,Tileléo,6|7|10|11|12|13|14|17|18|19,P|P|P|P|P|P|P|P|P|P
2025,3,Trópia,6|7|10|11|12|13|14|17|18|19,P|P|P|P|P|P|P|P|P|P
2025,3,Uner Augusto,6|7|10|11|12|13|14|17|18|19,P|P|P|P|P|AJ|P|P|P|P
2025,3,Vile,6|7|10|11|12|13|14|17|18|19,P|P|P|P|P|P|P|P|P|P
2025,3,Wagner Ferreira,6|7|10|11|12|13|14|17|18|19,P|P|P|P|P|P|P|P|P|P
2025,3,Wanderley Porto,6|7|10|11|12|13|14|17|18|19,P|P|P|P|P|P|P|P|P|P
2025,4,Arruda,1|2|3|4|7|8|9|10|11|14,P|P|P|P|P|P|P|P|P|P
2025,4,Braulio Lara,1|2|3|4|7|8|9|10|11|14,P|P|P|P|P|P|P|P|P|P
2025,4,Bruno Miranda,1|2|3|4|7|8|9|10|11|14,P|P|P|P|P|P|P|P|P|P
2025,4,Cida Falabella,1|2|3|4|7|8|9|10|11|14,P|P|P|P|P|P|P|P|P|P
2025,4,Cláudio do Mundo Novo,1|2|3|4|7|8|9|10|11|14,P|P|P|P|P|P|P|P|P|P
2025,4,Cleiton Xavier,1|2|3|4|7|8|9|10|11|14,P|P|P|P|P|P|P|P|P|P
2025,4,Diego Sanches,1|2|3|4|7|8|9|10|11|14,P|P|P|P|P|P|P|P|P|P
2025,4,Dr. Bruno Pedralva,1|2|3|4|7|8|9|10|11|14,P|P|P|P|P|P|P|P|P|P
2025,4,Dra. Michelly Siqueira,1|2|3|4|7|8|9|10|11|14,P|P|P|P|P|P|P|P|P|P
2025,4,Edmar Branco,1|2|3|4|7|8|9|10|11|14,P|P|P|P|P|P|P|P|P|P
2025,4,Fernanda Pereira Altoé,1|2|3|4|7|8|9|10|11|14,P|P|P|P|P|P|P|P|P|P
2025,4,Flávia Borja,1|2|3|4|7|8|9|10|11|14,P|P|P|P|P|P|P|AJ|P|P
2025,4,Helinho da Farmácia,1|2|3|4|7|8|9|10|11|14,P|P|P|P|P|P|P|P|P|P
2025,4,Helton Junior,1|2|3|4|7|8|9|10|11|14,P|P|P|P|P|P|P|P|P|P
2025,4,Irlan Melo,1|2|3|4|7|8|9|10|11|14,P|P|P|P|P|P|P|P|P|P
2025,4,Iza Lourença,1|2|3|4|7|8|9|10|11|14,P|P|P|P|P|P|P|P|AJ|P
2025,4,Janaina Cardoso,1|2|3|4|7|8|9|10|11|14,P|P|P|P|P|LM|P|P|P|P
2025,4,José Ferreira,1|2|3|4|7|8|9|10|11|14,P|P|P|P|P|P|P|P|P|P
2025,4,Juhlia Santos,1|2|3|4|7|8|9|10|11|14,P|P|P|P|P|P|P|P|AJ|P
2025,4,Juninho Los Hermanos,1|2|3|4|7|8|9|10|11|14,P|P|P|P|P|P|P|P|P|P
2025,4,Leonardo Ângelo,1|2|3|4|7|8|9|10|11|14,P|P|P|P|P|P|P|P|P|P
2025,4,Loíde Gonçalves,1|2|3|4|7|8|9|10|11|14,P|P|P|P|P|P|P|P|P|P
2025,4,Lucas Ganem,1|2|3|4|7|8|9|10|11|14,P|P|P|P|P|P|P|P|F|P
2025,4,Luiza Dulci,1|2|3|4|7|8|9|10|11|14,P|P|P|P|P|P|P|P|P|P
2025,4,Maninho Félix,1|2|3|4|7|8|9|10|11|14,P|P|P|P|P|P|P|P|P|P
2025,4,Marilda Portela,1|2|3|4|7|8|9|10|11|14,P|P|P|P|P|P|P|P|P|P
2025,4,Neném da Farmácia,1|2|3|4|7|8|9|10|11|14,P|P|P|P|P|P|P|P|P|P
2025,4,Osvaldo Lopes,1|2|3|4|7|8|9|10|11|14,P|P|P|P|P|P|P|P|P|P
2025,4,Pablo Almeida,1|2|3|4|7|8|9|10|11|14,P|P|P|P|P|P|P|P|P|P
2025,4,Pedro Patrus,1|2|3|4|7|8|9|10|11|14,P|P|P|P|P|P|P|P|P|P
2025,4,Pedro Rousseff,1|2|3|4|7|8|9|10|11|14,P|P|P|P|P|P|P|P|P|P
2025,4,Professor Juliano Lopes,1|2|3|4|7|8|9|10|11|14,P|P|P|P|AJ|AJ|AJ|AJ|AJ|P
2025,4,Professora Marli,1|2|3|4|7|8|9|10|11|14,P|P|P|P|P|P|P|P|P|P
2025,4,Rudson Paixão,1|2|3|4|7|8|9|10|11|14,P|P|P|P|P|P|P|P|P|P
2025,4,Sargento Jalyson,1|2|3|4|7|8|9|10|11|14,P|P|P|P|P|P|P|P|P|P
2025,4,Tileléo,1|2|3|4|7|8|9|10|11|14,P|P|P|P|P|P|P|P|P|P
2025,4,Trópia,1|2|3|4|7|8|9|10|11|14,P|P|P|P|P|P|P|P|P|P
2025,4,Uner Augusto,1|2|3|4|7|8|9|10|11|14,P|P|P|P|P|P|P|P|P|P
2025,4,Vile,1|2|3|4|7|8|9|10|11|14,P|P|P|P|P|P|P|P|P|P
2025,4,Wagner Ferreira,1|2|3|4|7|8|9|10|11|14,P|P|P|P|P|P|P|P|P|P
2025,4,Wanderley Porto,1|2|3|4|7|8|9|10|11|14,P|P|P|P|P|P|P|P|P|P
2025,5,Arruda,5|6|7|8|9|12|13|14|15|16,P|P|P|P|P|P|P|P|P|P
2025,5,Braulio Lara,5|6|7|8|9|12|13|14|15|16,P|P|P|P|P|P|P|P|P|P
2025,5,Bruno Miranda,5|6|7|8|9|12|13|14|15|16,P|P|P|P|P|P|P|P|P|P
2025,5,Cida Falabella,5|6|7|8|9|12|13|14|15|16,P|AJ|P|P|P|P|P|P|P|P
2025,5,Cláudio do Mundo Novo,5|6|7|8|9|12|13|14|15|16,P|P|P|P|P|P|P|P|P|P
2025,5,Cleiton Xavier,5|6|7|8|9|12|13|14|15|16,P|P|P|P|P|P|P|P|P|P
2025,5,Diego Sanches,5|6|7|8|9|12|13|14|15|16,P|P|P|P|P|P|P|P|P|AJ
2025,5,Dr. Bruno Pedralva,5|6|7|8|9|12|13|14|15|16,P|P|P|P|P|P|P|P|P|P
2025,5,Dra. Michelly Siqueira,5|6|7|8|9|12|13|14|15|16,P|P|P|P|P|P|P|P|P|P
2025,5,Edmar Branco,5|6|7|8|9|12|13|14|15|16,P|P|P|P|P|P|P|P|P|P
2025,5,Fernanda Pereira Altoé,5|6|7|8|9|12|13|14|15|16,P|P|P|P|P|P|P|P|P|P
2025,5,Flávia Borja,5|6|7|8|9|12|13|14|15|16,P|P|P|P|P|P|P|P|P|P
2025,5,Helinho da Farmácia,5|6|7|8|9|12|13|14|15|16,P|P|P|P|P|P|P|P|P|P
2025,5,Helton Junior,5|6|7|8|9|12|13|14|15|16,P|P|P|P|P|P|P|P|P|P
2025,5,Irlan Melo,5|6|7|8|9|12|13|14|15|16,P|P|P|P|P|P|P|P|P|P
2025,5,Iza Lourença,5|6|7|8|9|12|13|14|15|16,P|P|P|P|P|P|P|P|P|P
2025,5,Janaina Cardoso,5|6|7|8|9|12|13|14|15|16,P|P|P|P|P|P|P|P|P|P
2025,5,José Ferreira,5|6|7|8|9|12|13|14|15|16,P|P|P|P|P|P|P|P|P|P
2025,5,Juhlia Santos,5|6|7|8|9|12|13|14|15|16,P|P|P|P|P|P|P|P|P|P
2025,5,Juninho Los Hermanos,5|6|7|8|9|12|13|14|15|16,P|P|P|P|P|P|P|P|P|P
2025,5,Leonardo Ângelo,5|6|7|8|9|12|13|14|15|16,P|P|P|P|P|P|P|P|P|P
2025,5,Loíde Gonçalves,5|6|7|8|9|12|13|14|15|16,P|P|P|P|P|P|P|P|P|P
2025,5,Lucas Ganem,5|6|7|8|9|12|13|14|15|16,P|P|P|P|P|P|P|P|P|P
2025,5,Luiza Dulci,5|6|7|8|9|12|13|14|15|16,P|P|P|P|P|P|P|P|P|P
2025,5,Maninho Félix,5|6|7|8|9|12|13|14|15|16,P|P|P|P|P|P|P|P|P|P
2025,5,Marilda Portela,5|6|7|8|9|12|13|14|15|16,P|P|P|P|P|P|P|P|P|P
2025,5,Neném da Farmácia,5|6|7|8|9|12|13|14|15|16,P|P|P|P|P|P|P|P|P|P
2025,5,Osvaldo Lopes,5|6|7|8|9|12|13|14|15|16,P|P|P|P|P|P|P|P|P|P
2025,5,Pablo Almeida,5|6|7|8|9|12|13|14|15|16,P|P|P|P|P|P|P|P|P|P
2025,5,Pedro Patrus,5|6|7|8|9|12|13|14|15|16,P|P|P|P|P|P|P|P|P|P
2025,5,Pedro Rousseff,5|6|7|8|9|12|13|14|15|16,P|P|P|P|P|P|P|P|P|P
2025,5,Professor Juliano Lopes,5|6|7|8|9|12|13|14|15|16,P|P|P|P|P|P|P|P|AJ|P
2025,5,Professora Marli,5|6|7|8|9|12|13|14|15|16,P|P|P|P|P|P|P|P|P|P
2025,5,Rudson Paixão,5|6|7|8|9|12|13|14|15|16,P|P|P|P|P|P|P|P|P|P
2025,5,Sargento Jalyson,5|6|7|8|9|12|13|14|15|16,P|P|P|P|P|P|P|P|P|P
2025,5,Tileléo,5|6|7|8|9|12|13|14|15|16,P|P|P|P|P|P|P|P|P|P
2025,5,Trópia,5|6|7|8|9|12|13|14|15|16,P|P|P|P|P|P|P|P|P|P
2025,5,Uner Augusto,5|6|7|8|9|12|13|14|15|16,P|P|P|P|P|P|P|P|P|P
2025,5,Vile,5|6|7|8|9|12|13|14|15|16,P|P|P|P|P|P|P|P|P|P
2025,5,Wagner Ferreira,5|6|7|8|9|12|13|14|15|16,P|P|P|P|P|P|P|P|P|P
2025,5,Wanderley Porto,5|6|7|8|9|12|13|14|15|16,P|P|P|P|P|P|P|P|P|P
2025,6,Arruda,2|3|4|5|6|9|10|11|12|13,P|P|P|P|P|P|P|P|P|P
2025,6,Braulio Lara,2|3|4|5|6|9|10|11|12|13,P|P|P|P|P|P|P|P|P|P
2025,6,Bruno Miranda,2|3|4|5|6|9|10|11|12|13,P|P|P|P|P|P|P|P|P|P
2025,6,Cida Falabella,2|3|4|5|6|9|10|11|12|13,P|P|P|P|P|P|P|P|P|P
2025,6,Cláudio do Mundo Novo,2|3|4|5|6|9|10|11|12|13,P|P|P|P|P|P|P|P|P|P
2025,6,Cleiton Xavier,2|3|4|5|6|9|10|11|12|13,P|P|P|P|P|P|P|P|P|P
2025,6,Diego Sanches,2|3|4|5|6|9|10|11|12|13,P|P|P|P|P|P|P|P|P|P
2025,6,Dr. Bruno Pedralva,2|3|4|5|6|9|10|11|12|13,P|P|P|P|P|P|P|P|P|P
2025,6,Dra. Michelly Siqueira,2|3|4|5|6|9|10|11|12|13,P|P|P|P|P|P|P|P|P|P
2025,6,Edmar Branco,2|3|4|5|6|9|10|11|12|13,P|P|P|P|P|P|P|P|P|P
2025,6,Fernanda Pereira Altoé,2|3|4|5|6|9|10|11|12|13,P|P|P|P|P|P|P|P|P|P
2025,6,Flávia Borja,2|3|4|5|6|9|10|11|12|13,P|P|P|P|P|P|P|P|P|P
2025,6,Helinho da Farmácia,2|3|4|5|6|9|10|11|12|13,P|P|P|P|P|P|P|P|P|P
2025,6,Helton Junior,2|3|4|5|6|9|10|11|12|13,P|P|P|P|P|P|P|P|P|P
2025,6,Irlan Melo,2|3|4|5|6|9|10|11|12|13,P|P|P|P|P|P|P|P|P|P
2025,6,Iza Lourença,2|3|4|5|6|9|10|11|12|13,P|P|P|P|P|P|P|P|P|P
2025,6,Janaina Cardoso,2|3|4|5|6|9|10|11|12|13,P|P|P|P|P|P|P|AJ|AJ|AJ
2025,6,José Ferreira,2|3|4|5|6|9|10|11|12|13,P|P|P|P|P|P|P|P|P|P
2025,6,Juhlia Santos,2|3|4|5|6|9|10|11|12|13,P|P|P|P|P|P|P|P|P|P
2025,6,Juninho Los Hermanos,2|3|4|5|6|9|10|11|12|13,P|P|P|P|P|P|P|P|P|P
2025,6,Leonardo Ângelo,2|3|4|5|6|9|10|11|12|13,P|P|P|P|P|P|P|P|P|P
2025,6,Loíde Gonçalves,2|3|4|5|6|9|10|11|12|13,P|P|P|P|P|P|P|P|P|P
2025,6,Lucas Ganem,2|3|4|5|6|9|10|11|12|13,P|P|P|P|P|P|P|P|P|P
2025,6,Luiza Dulci,2|3|4|5|6|9|10|11|12|13,P|P|P|P|P|P|P|P|P|P
2025,6,Maninho Félix,2|3|4|5|6|9|10|11|12|13,P|P|P|P|P|P|P|P|P|P
2025,6,Marilda Portela,2|3|4|5|6|9|10|11|12|13,P|P|P|P|P|P|P|P|P|P
2025,6,Neném da Farmácia,2|3|4|5|6|9|10|11|12|13,P|P|P|P|P|P|P|P|P|P
2025,6,Osvaldo Lopes,2|3|4|5|6|9|10|11|12|13,P|P|P|P|P|P|P|P|P|P
2025,6,Pablo Almeida,2|3|4|5|6|9|10|11|12|13,P|P|P|P|P|P|P|P|P|P
2025,6,Pedro Patrus,2|3|4|5|6|9|10|11|12|13,P|P|P|P|P|P|P|P|P|P
2025,6,Pedro Rousseff,2|3|4|5|6|9|10|11|12|13,P|P|P|P|P|P|P|P|P|P
2025,6,Professor Juliano Lopes,2|3|4|5|6|9|10|11|12|13,P|P|P|P|P|AJ|AJ|AJ|AJ|AJ
2025,6,Professora Marli,2|3|4|5|6|9|10|11|12|13,P|P|P|P|P|P|P|P|P|P
2025,6,Rudson Paixão,2|3|4|5|6|9|10|11|12|13,P|P|P|P|P|P|P|P|P|P
2025,6,Sargento Jalyson,2|3|4|5|6|9|10|11|12|13,P|P|P|P|P|P|P|P|P|P
2025,6,Tileléo,2|3|4|5|6|9|10|11|12|13,P|P|P|P|P|P|P|P|P|P
2025,6,Trópia,2|3|4|5|6|9|10|11|12|13,P|P|P|P|P|P|P|P|P|P
2025,6,Uner Augusto,2|3|4|5|6|9|10|11|12|13,P|P|P|P|P|P|P|P|P|P
2025,6,Vile,2|3|4|5|6|9|10|11|12|13,P|P|P|P|P|P|P|P|P|P
2025,6,Wagner Ferreira,2|3|4|5|6|9|10|11|12|13,P|P|P|P|P|P|P|P|P|P
2025,7,Arruda,1|2|3|4|7|8|9|10|11|14,P|P|P|P|P|P|P|P|P|P
2025,7,Braulio Lara,1|2|3|4|7|8|9|10|11|14,P|P|P|P|P|P|P|P|P|P
2025,7,Bruno Miranda,1|2|3|4|7|8|9|10|11|14,P|P|P|P|P|P|P|P|P|F
2025,7,Cida Falabella,1|2|3|4|7|8|9|10|11|14,AJ|AJ|AJ|P|P|P|P|P|LM|P
2025,7,Cláudio do Mundo Novo,1|2|3|4|7|8|9|10|11|14,P|P|P|P|P|P|P|P|P|P
2025,7,Cleiton Xavier,1|2|3|4|7|8|9|10|11|14,P|P|P|P|P|P|P|P|P|P
2025,7,Diego Sanches,1|2|3|4|7|8|9|10|11|14,P|P|P|P|P|P|P|P|P|P
2025,7,Dr. Bruno Pedralva,1|2|3|4|7|8|9|10|11|14,P|P|P|P|P|P|P|P|P|P
2025,7,Dra. Michelly Siqueira,1|2|3|4|7|8|9|10|11|14,P|P|P|P|P|P|P|P|P|P
2025,7,Edmar Branco,1|2|3|4|7|8|9|10|11|14,P|P|P|P|P|P|P|P|P|P
2025,7,Fernanda Pereira Altoé,1|2|3|4|7|8|9|10|11|14,P|P|P|P|P|P|P|P|P|P
2025,7,Flávia Borja,1|2|3|4|7|8|9|10|11|14,P|P|P|P|P|P|P|P|P|P
2025,7,Helinho da Farmácia,1|2|3|4|7|8|9|10|11|14,P|P|P|P|P|P|P|P|P|P
2025,7,Helton Junior,1|2|3|4|7|8|9|10|11|14,P|P|P|P|P|P|P|P|P|P
2025,7,Irlan Melo,1|2|3|4|7|8|9|10|11|14,P|P|P|P|P|P|P|P|P|P
2025,7,Iza Lourença,1|2|3|4|7|8|9|10|11|14,P|P|P|P|P|P|P|P|P|P
2025,7,Janaina Cardoso,1|2|3|4|7|8|9|10|11|14,P|P|P|P|P|P|P|P|P|P
2025,7,José Ferreira,1|2|3|4|7|8|9|10|11|14,P|P|P|P|P|P|P|P|P|P
2025,7,Juhlia Santos,1|2|3|4|7|8|9|10|11|14,P|P|P|P|P|P|P|P|P|P
2025,7,Juninho Los Hermanos,1|2|3|4|7|8|9|10|11|14,P|P|P|P|P|P|P|P|P|P
2025,7,Leonardo Ângelo,1|2|3|4|7|8|9|10|11|14,P|P|P|P|P|P|P|P|P|P
2025,7,Loíde Gonçalves,1|2|3|4|7|8|9|10|11|14,P|P|P|P|P|P|P|P|P|P
2025,7,Lucas Ganem,1|2|3|4|7|8|9|10|11|14,P|P|P|P|P|P|P|P|P|P
2025,7,Luiza Dulci,1|2|3|4|7|8|9|10|11|14,P|P|P|P|P|P|P|P|P|P
2025,7,Maninho Félix,1|2|3|4|7|8|9|10|11|14,P|P|P|P|P|P|P|P|P|P
2025,7,Marilda Portela,1|2|3|4|7|8|9|10|11|14,P|P|P|P|P|P|P|P|P|P
2025,7,Neném da Farmácia,1|2|3|4|7|8|9|10|11|14,P|P|P|P|P|P|P|P|P|P
2025,7,Osvaldo Lopes,1|2|3|4|7|8|9|10|11|14,P|P|P|P|P|P|P|P|P|P
2025,7,Pablo Almeida,1|2|3|4|7|8|9|10|11|14,P|P|P|P|P|P|P|P|P|P
2025,7,Pedro Patrus,1|2|3|4|7|8|9|10|11|14,P|P|P|P|P|P|P|P|P|P
2025,7,Pedro Rousseff,1|2|3|4|7|8|9|10|11|14,P|P|P|P|P|P|P|P|P|P
2025,7,Professor Juliano Lopes,1|2|3|4|7|8|9|10|11|14,P|P|P|P|P|P|P|P|P|P
2025,7,Professora Marli,1|2|3|4|7|8|9|10|11|14,P|P|P|P|P|P|P|P|P|P
2025,7,Rudson Paixão,1|2|3|4|7|8|9|10|11|14,P|P|P|P|P|P|P|P|P|P
2025,7,Sargento Jalyson,1|2|3|4|7|8|9|10|11|14,P|P|P|P|P|P|P|P|P|P
2025,7,Tileléo,1|2|3|4|7|8|9|10|11|14,P|P|P|P|P|P|P|P|P|P
2025,7,Trópia,1|2|3|4|7|8|9|10|11|14,P|P|P|P|P|P|P|P|P|P
2025,7,Uner Augusto,1|2|3|4|7|8|9|10|11|14,P|P|P|P|P|P|P|P|P|P
2025,7,Vile,1|2|3|4|7|8|9|10|11|14,P|P|P|P|P|P|P|P|P|P
2025,7,Wagner Ferreira,1|2|3|4|7|8|9|10|11|14,P|P|P|P|P|P|P|P|P|P
2025,7,Wanderley Porto,1|2|3|4|7|8|9|10|11|14,P|P|P|P|P|P|P|P|P|P
2025,8,Arruda,1|4|5|6|7|8|11|12|13|14|25|27,P|P|P|P|P|P|P|P|P|P|P|P
2025,8,Braulio Lara,1|4|5|6|7|8|11|12|13|14|25|27,P|P|P|P|P|P|P|P|P|P|P|P
2025,8,Bruno Miranda,1|4|5|6|7|8|11|12|13|14|25|27,P|P|P|P|P|P|P|P|P|P|P|P
2025,8,Cida Falabella,1|4|5|6|7|8|11|12|13|14|25|27,P|P|P|P|P|P|P|P|P|P|P|P
2025,8,Cláudio do Mundo Novo,1|4|5|6|7|8|11|12|13|14|25|27,P|P|P|P|P|P|P|P|P|P|P|P
2025,8,Cleiton Xavier,1|4|5|6|7|8|11|12|13|14|25|27,P|P|P|P|P|P|P|P|P|P|P|P
2025,8,Diego Sanches,1|4|5|6|7|8|11|12|13|14|25|27,P|P|P|P|P|P|P|P|P|P|P|P
2025,8,Dr. Bruno Pedralva,1|4|5|6|7|8|11|12|13|14|25|27,P|P|P|P|P|P|P|P|P|P|P|P
2025,8,Dra. Michelly Siqueira,1|4|5|6|7|8|11|12|13|14|25|27,P|P|P|P|P|P|P|P|P|P|P|P
2025,8,Edmar Branco,1|4|5|6|7|8|11|12|13|14|25|27,P|P|P|P|P|P|P|P|P|P|P|P
2025,8,Fernanda Pereira Altoé,1|4|5|6|7|8|11|12|13|14|25|27,P|P|P|P|P|P|P|P|P|P|P|P
2025,8,Flávia Borja,1|4|5|6|7|8|11|12|13|14|25|27,P|P|P|P|P|P|P|P|P|P|P|P
2025,8,Helinho da Farmácia,1|4|5|6|7|8|11|12|13|14|25|27,P|P|P|P|P|P|P|P|P|P|P|P
2025,8,Helton Junior,1|4|5|6|7|8|11|12|13|14|25|27,P|P|P|P|P|P|P|P|P|P|P|P
2025,8,Irlan Melo,1|4|5|6|7|8|11|12|13|14|25|27,P|P|P|P|P|P|P|P|P|P|P|P
2025,8,Iza Lourença,1|4|5|6|7|8|11|12|13|14|25|27,P|P|P|P|P|P|P|P|P|P|P|P
2025,8,Janaina Cardoso,1|4|5|6|7|8|11|12|13|14|25|27,P|P|P|P|P|P|P|P|P|P|P|P
2025,8,José Ferreira,1|4|5|6|7|8|11|12|13|14|25|27,P|P|P|P|P|P|P|P|P|P|P|P
2025,8,Juhlia Santos,1|4|5|6|7|8|11|12|13|14|25|27,P|P|P|P|P|P|P|P|P|P|P|P
2025,8,Juninho Los Hermanos,1|4|5|6|7|8|11|12|13|14|25|27,P|P|P|P|P|P|P|P|P|P|P|P
2025,8,Leonardo Ângelo,1|4|5|6|7|8|11|12|13|14|25|27,P|P|P|P|P|P|P|P|P|P|P|P
2025,8,Loíde Gonçalves,1|4|5|6|7|8|11|12|13|14|25|27,P|P|P|P|P|P|P|P|P|P|P|P
2025,8,Lucas Ganem,1|4|5|6|7|8|11|12|13|14|25|27,P|P|P|P|P|P|P|P|P|P|P|P
2025,8,Luiza Dulci,1|4|5|6|7|8|11|12|13|14|25|27,P|P|P|P|P|P|P|P|P|P|P|P
2025,8,Maninho Félix,1|4|5|6|7|8|11|12|13|14|25|27,P|P|P|P|P|P|P|P|P|P|P|P
2025,8,Marilda Portela,1|4|5|6|7|8|11|12|13|14|25|27,P|P|P|P|P|P|P|P|P|P|P|P
2025,8,Neném da Farmácia,1|4|5|6|7|8|11|12|13|14|25|27,P|P|P|P|P|P|P|P|P|P|P|P
2025,8,Osvaldo Lopes,1|4|5|6|7|8|11|12|13|14|25|27,P|P|P|P|P|P|P|P|P|P|P|P
2025,8,Pablo Almeida,1|4|5|6|7|8|11|12|13|14|25|27,P|P|P|P|P|P|P|P|P|P|P|P
2025,8,Pedro Patrus,1|4|5|6|7|8|11|12|13|14|25|27,P|P|P|P|P|P|P|P|P|P|P|P
2025,8,Pedro Rousseff,1|4|5|6|7|8|11|12|13|14|25|27,P|P|P|P|P|P|P|P|P|P|P|P
2025,8,Professor Juliano Lopes,1|4|5|6|7|8|11|12|13|14|25|27,P|P|P|P|P|P|P|P|P|P|P|P
2025,8,Professora Marli,1|4|5|6|7|8|11|12|13|14|25|27,P|P|P|P|P|P|P|P|P|P|P|P
2025,8,Rudson Paixão,1|4|5|6|7|8|11|12|13|14|25|27,P|P|P|P|P|P|P|P|P|P|P|P
2025,8,Sargento Jalyson,1|4|5|6|7|8|11|12|13|14|25|27,P|P|P|P|P|P|P|P|P|P|P|P
2025,8,Tileléo,1|4|5|6|7|8|11|12|13|14|25|27,P|P|P|P|P|P|P|P|P|P|P|P
2025,8,Trópia,1|4|5|6|7|8|11|12|13|14|25|27,P|P|P|P|P|P|P|P|P|P|P|P
2025,8,Uner Augusto,1|4|5|6|7|8|11|12|13|14|25|27,P|P|P|P|P|P|P|P|P|P|P|P
2025,8,Vile Santos,1|4|5|6|7|8|11|12|13|14|25|27,P|P|P|P|P|P|P|P|P|P|P|P
2025,8,Wagner Ferreira,1|4|5|6|7|8|11|12|13|14|25|27,P|P|P|P|P|P|P|P|P|P|P|P
2025,8,Wanderley Porto,1|4|5|6|7|8|11|12|13|14|25|27,P|P|P|P|P|P|P|P|P|P|P|P
2025,9,Arruda,1|2|3|4|5|8|9|10|11|12,AJ|P|P|P|P|P|P|P|P|P
2025,9,Braulio Lara,1|2|3|4|5|8|9|10|11|12,P|P|P|P|P|P|P|P|P|P
2025,9,Bruno Miranda,1|2|3|4|5|8|9|10|11|12,P|P|P|P|P|P|P|P|P|P
2025,9,Cida Falabella,1|2|3|4|5|8|9|10|11|12,P|P|P|P|P|P|P|P|P|P
2025,9,Cláudio do Mundo Novo,1|2|3|4|5|8|9|10|11|12,P|P|P|P|P|P|P|P|P|P
2025,9,Cleiton Xavier,1|2|3|4|5|8|9|10|11|12,P|P|P|P|P|P|F|P|P|P
2025,9,Diego Sanches,1|2|3|4|5|8|9|10|11|12,P|P|P|P|P|P|P|P|P|P
2025,9,Dr. Bruno Pedralva,1|2|3|4|5|8|9|10|11|12,P|P|P|P|P|P|P|P|P|P
2025,9,Dra. Michelly Siqueira,1|2|3|4|5|8|9|10|11|12,P|P|P|P|P|P|P|P|P|P
2025,9,Edmar Branco,1|2|3|4|5|8|9|10|11|12,P|P|P|P|P|P|P|P|P|P
2025,9,Fernanda Pereira Altoé,1|2|3|4|5|8|9|10|11|12,P|P|P|P|P|P|P|P|P|P
2025,9,Flávia Borja,1|2|3|4|5|8|9|10|11|12,P|P|P|P|P|P|P|P|P|P
2025,9,Helinho da Farmácia,1|2|3|4|5|8|9|10|11|12,P|P|P|P|P|P|P|P|P|P
2025,9,Helton Junior,1|2|3|4|5|8|9|10|11|12,P|P|P|P|AJ|P|P|P|P|P
2025,9,Irlan Melo,1|2|3|4|5|8|9|10|11|12,P|P|P|P|P|P|P|P|P|P
2025,9,Iza Lourença,1|2|3|4|5|8|9|10|11|12,P|P|P|P|P|P|P|P|P|P
2025,9,Janaina Cardoso,1|2|3|4|5|8|9|10|11|12,P|P|P|P|P|P|P|P|P|P
2025,9,José Ferreira,1|2|3|4|5|8|9|10|11|12,P|P|P|P|P|P|P|P|P|P
2025,9,Juhlia Santos,1|2|3|4|5|8|9|10|11|12,P|P|P|P|P|P|P|P|P|P
2025,9,Juninho Los Hermanos,1|2|3|4|5|8|9|10|11|12,P|P|P|P|P|P|P|P|P|P
2025,9,Leonardo Ângelo,1|2|3|4|5|8|9|10|11|12,P|P|P|P|P|P|P|P|P|P
2025,9,Loíde Gonçalves,1|2|3|4|5|8|9|10|11|12,P|P|P|P|P|P|P|P|P|P
2025,9,Lucas Ganem,1|2|3|4|5|8|9|10|11|12,P|P|P|P|P|P|P|P|P|P
2025,9,Luiza Dulci,1|2|3|4|5|8|9|10|11|12,P|P|P|F|P|P|P|P|P|P
2025,9,Maninho Félix,1|2|3|4|5|8|9|10|11|12,P|P|P|P|P|P|P|P|P|P
2025,9,Marilda Portela,1|2|3|4|5|8|9|10|11|12,P|P|P|P|P|P|P|P|P|P
2025,9,Neném da Farmácia,1|2|3|4|5|8|9|10|11|12,P|P|P|P|P|P|P|P|P|P
2025,9,Osvaldo Lopes,1|2|3|4|5|8|9|10|11|12,P|P|P|P|P|P|P|P|P|P
2025,9,Pablo Almeida,1|2|3|4|5|8|9|10|11|12,P|P|P|P|P|P|P|P|P|P
2025,9,Pedro Patrus,1|2|3|4|5|8|9|10|11|12,P|P|P|P|P|P|P|P|P|P
2025,9,Pedro Rousseff,1|2|3|4|5|8|9|10|11|12,P|P|P|P|P|P|P|P|P|P
2025,9,Professor Juliano Lopes,1|2|3|4|5|8|9|10|11|12,AJ|P|P|P|P|P|P|P|P|P
2025,9,Professora Marli,1|2|3|4|5|8|9|10|11|12,P|P|P|P|P|P|P|P|P|P
2025,9,Rudson Paixão,1|2|3|4|5|8|9|10|11|12,P|P|P|P|P|P|P|P|P|P
2025,9,Sargento Jalyson,1|2|3|4|5|8|9|10|11|12,P|P|P|P|P|P|P|P|P|P
2025,9,Tileléo,1|2|3|4|5|8|9|10|11|12,P|P|P|P|P|P|P|P|P|P
2025,9,Trópia,1|2|3|4|5|8|9|10|11|12,P|P|P|P|P|P|P|P|P|P
2025,9,Uner Augusto,1|2|3|4|5|8|9|10|11|12,P|P|P|P|P|P|P|P|P|P
2025,9,Vile Santos,1|2|3|4|5|8|9|10|11|12,P|P|P|P|P|P|P|P|P|P
2025,9,Wagner Ferreira,1|2|3|4|5|8|9|10|11|12,P|P|P|P|P|P|P|P|P|P
2025,9,Wanderley Porto,1|2|3|4|5|8|9|10|11|12,P|P|P|P|P|P|P|P|P|P
2025,10,Arruda,1|2|3|6|7|8|9|10|13|14|24,P|P|P|P|P|P|P|P|P|P|P
2025,10,Braulio Lara,1|2|3|6|7|8|9|10|13|14|24,P|P|P|P|P|P|P|P|P|P|P
2025,10,Bruno Miranda,1|2|3|6|7|8|9|10|13|14|24,P|P|P|P|P|P|P|P|P|P|P
2025,10,Cida Falabella,1|2|3|6|7|8|9|10|13|14|24,F|F|P|P|P|P|P|P|P|P|P
2025,10,Cláudio do Mundo Novo,1|2|3|6|7|8|9|10|13|14|24,P|P|P|P|P|P|P|P|P|P|P
2025,10,Cleiton Xavier,1|2|3|6|7|8|9|10|13|14|24,P|P|P|P|P|P|P|P|P|P|P
2025,10,Diego Sanches,1|2|3|6|7|8|9|10|13|14|24,P|P|P|P|P|P|P|P|P|P|P
2025,10,Dr. Bruno Pedralva,1|2|3|6|7|8|9|10|13|14|24,P|P|P|P|P|P|P|P|P|P|P
2025,10,Dra. Michelly Siqueira,1|2|3|6|7|8|9|10|13|14|24,P|P|P|P|P|P|P|P|P|P|P
2025,10,Edmar Branco,1|2|3|6|7|8|9|10|13|14|24,P|P|P|P|P|P|P|P|P|P|P
2025,10,Fernanda Pereira Altoé,1|2|3|6|7|8|9|10|13|14|24,P|P|P|P|P|P|P|P|P|P|P
2025,10,Flávia Borja,1|2|3|6|7|8|9|10|13|14|24,P|P|P|P|P|P|P|P|P|P|P
2025,10,Helinho da Farmácia,1|2|3|6|7|8|9|10|13|14|24,P|P|P|P|P|P|P|P|P|P|P
2025,10,Helton Junior,1|2|3|6|7|8|9|10|13|14|24,P|P|P|P|P|P|P|P|P|P|P
2025,10,Irlan Melo,1|2|3|6|7|8|9|10|13|14|24,P|P|P|P|P|P|P|P|P|P|P
2025,10,Iza Lourença,1|2|3|6|7|8|9|10|13|14|24,P|P|P|P|P|P|F|F|P|P|P
2025,10,Janaina Cardoso,1|2|3|6|7|8|9|10|13|14|24,P|P|P|P|P|P|P|P|P|P|P
2025,10,José Ferreira,1|2|3|6|7|8|9|10|13|14|24,P|P|P|P|P|P|P|P|P|P|P
2025,10,Juhlia Santos,1|2|3|6|7|8|9|10|13|14|24,P|P|P|P|P|P|P|P|P|P|P
2025,10,Juninho Los Hermanos,1|2|3|6|7|8|9|10|13|14|24,P|P|P|P|P|P|P|P|P|P|P
2025,10,Leonardo Ângelo,1|2|3|6|7|8|9|10|13|14|24,P|P|P|P|P|P|P|P|P|P|P
2025,10,Loíde Gonçalves,1|2|3|6|7|8|9|10|13|14|24,P|P|P|P|P|P|P|P|P|P|P
2025,10,Lucas Ganem,1|2|3|6|7|8|9|10|13|14|24,P|P|P|P|P|P|P|P|P|P|P
2025,10,Luiza Dulci,1|2|3|6|7|8|9|10|13|14|24,P|P|P|P|P|P|P|P|P|P|P
2025,10,Maninho Félix,1|2|3|6|7|8|9|10|13|14|24,P|P|P|P|P|P|P|P|P|P|P
2025,10,Marilda Portela,1|2|3|6|7|8|9|10|13|14|24,P|P|P|P|P|P|P|P|P|P|P
2025,10,Neném da Farmácia,1|2|3|6|7|8|9|10|13|14|24,P|P|P|P|P|P|P|P|P|P|P
2025,10,Osvaldo Lopes,1|2|3|6|7|8|9|10|13|14|24,P|P|P|P|P|P|P|P|P|P|P
2025,10,Pablo Almeida,1|2|3|6|7|8|9|10|13|14|24,P|P|P|P|P|P|P|P|P|P|P
2025,10,Pedro Patrus,1|2|3|6|7|8|9|10|13|14|24,P|P|P|P|P|P|P|P|P|P|P
2025,10,Pedro Rousseff,1|2|3|6|7|8|9|10|13|14|24,P|P|P|P|P|AJ|AJ|AJ|AJ|AJ|P
2025,10,Professor Juliano Lopes,1|2|3|6|7|8|9|10|13|14|24,P|P|P|P|AJ|AJ|AJ|AJ|AJ|AJ|P
2025,10,Professora Marli,1|2|3|6|7|8|9|10|13|14|24,P|P|P|P|P|P|P|P|P|P|P
2025,10,Rudson Paixão,1|2|3|6|7|8|9|10|13|14|24,P|P|P|P|P|P|P|P|P|P|P
2025,10,Sargento Jalyson,1|2|3|6|7|8|9|10|13|14|24,P|P|P|P|P|P|P|P|P|P|P
2025,10,Tileléo,1|2|3|6|7|8|9|10|13|14|24,P|P|P|P|P|P|P|P|P|P|P
2025,10,Trópia,1|2|3|6|7|8|9|10|13|14|24,P|P|P|P|P|P|P|P|P|P|P
2025,10,Uner Augusto,1|2|3|6|7|8|9|10|13|14|24,P|P|P|P|P|P|P|P|P|P|P
2025,10,Vile Santos,1|2|3|6|7|8|9|10|13|14|24,P|P|P|P|P|P|P|P|P|P|P
2025,10,Wagner Ferreira,1|2|3|6|7|8|9|10|13|14|24,P|P|P|P|P|P|P|P|P|P|P
2025,10,Wanderley Porto,1|2|3|6|7|8|9|10|13|14|24,P|P|P|P|P|P|P|P|P|P|P
2025,11,Arruda,3|4|5|6|7|10|11|12|13|14,P|P|P|P|P|P|P|P|P|P
2025,11,Braulio Lara,3|4|5|6|7|10|11|12|13|14,P|P|P|P|P|P|P|P|P|P
2025,11,Bruno Miranda,3|4|5|6|7|10|11|12|13|14,P|P|P|P|P|P|P|P|P|P
2025,11,Cida Falabella,3|4|5|6|7|10|11|12|13|14,P|P|P|P|P|P|P|P|P|P
2025,11,Cláudio do Mundo Novo,3|4|5|6|7|10|11|12|13|14,P|P|P|P|P|P|P|P|P|P
2025,11,Cleiton Xavier,3|4|5|6|7|10|11|12|13|14,P|P|P|P|P|P|P|P|P|P
2025,11,Diego Sanches,3|4|5|6|7|10|11|12|13|14,P|P|P|P|P|P|P|P|P|P
2025,11,Dr. Bruno Pedralva,3|4|5|6|7|10|11|12|13|14,P|P|P|P|P|P|P|P|P|P
2025,11,Dra. Michelly Siqueira,3|4|5|6|7|10|11|12|13|14,P|P|P|P|P|P|P|P|P|P
2025,11,Edmar Branco,3|4|5|6|7|10|11|12|13|14,P|P|P|P|P|P|P|P|P|P
2025,11,Fernanda Pereira Altoé,3|4|5|6|7|10|11|12|13|14,P|P|P|P|P|P|P|P|P|P
2025,11,Flávia Borja,3|4|5|6|7|10|11|12|13|14,P|P|P|P|P|P|P|P|P|P
2025,11,Helinho da Farmácia,3|4|5|6|7|10|11|12|13|14,P|P|P|P|P|P|P|P|P|P
2025,11,Helton Junior,3|4|5|6|7|10|11|12|13|14,P|P|P|P|P|P|P|P|P|P
2025,11,Irlan Melo,3|4|5|6|7|10|11|12|13|14,P|P|P|P|P|P|P|P|P|P
2025,11,Iza Lourença,3|4|5|6|7|10|11|12|13|14,P|P|P|P|P|P|P|P|P|P
2025,11,Janaina Cardoso,3|4|5|6|7|10|11|12|13|14,P|P|P|P|P|P|P|P|P|P
2025,11,José Ferreira,3|4|5|6|7|10|11|12|13|14,P|P|P|P|P|P|P|P|P|P
2025,11,Juhlia Santos,3|4|5|6|7|10|11|12|13|14,P|P|P|P|P|P|P|P|P|P
2025,11,Juninho Los Hermanos,3|4|5|6|7|10|11|12|13|14,P|P|P|P|P|P|P|P|P|P
2025,11,Leonardo Ângelo,3|4|5|6|7|10|11|12|13|14,P|P|P|P|P|P|P|P|P|P
2025,11,Loíde Gonçalves,3|4|5|6|7|10|11|12|13|14,P|P|P|P|P|P|P|P|P|P
2025,11,Lucas Ganem,3|4|5|6|7|10|11|12|13|14,P|P|P|P|P|P|P|P|P|P
2025,11,Luiza Dulci,3|4|5|6|7|10|11|12|13|14,AJ|AJ|AJ|AJ|AJ|P|P|P|P|P
2025,11,Maninho Félix,3|4|5|6|7|10|11|12|13|14,P|P|P|P|P|P|P|P|P|P
2025,11,Marilda Portela,3|4|5|6|7|10|11|12|13|14,P|P|P|P|P|P|P|P|P|P
2025,11,Neném da Farmácia,3|4|5|6|7|10|11|12|13|14,P|P|P|P|P|P|P|P|P|P
2025,11,Osvaldo Lopes,3|4|5|6|7|10|11|12|13|14,LM|P|P|P|P|P|P|P|P|P
2025,11,Pablo Almeida,3|4|5|6|7|10|11|12|13|14,P|P|P|P|P|P|P|P|P|P
2025,11,Pedro Patrus,3|4|5|6|7|10|11|12|13|14,P|P|P|P|P|P|P|P|P|P
2025,11,Pedro Rousseff,3|4|5|6|7|10|11|12|13|14,P|P|P|P|P|P|P|P|P|P
2025,11,Professor Juliano Lopes,3|4|5|6|7|10|11|12|13|14,P|P|P|P|P|P|P|P|P|P
2025,11,Professora Marli,3|4|5|6|7|10|11|12|13|14,P|P|P|P|P|P|P|P|P|P
2025,11,Rudson Paixão,3|4|5|6|7|10|11|12|13|14,P|P|P|P|P|P|P|P|P|P
2025,11,Sargento Jalyson,3|4|5|6|7|10|11|12|13|14,P|P|P|P|P|P|P|P|P|P
2025,11,Tileléo,3|4|5|6|7|10|11|12|13|14,P|P|P|P|P|P|P|P|P|P
2025,11,Trópia,3|4|5|6|7|10|11|12|13|14,P|P|P|P|P|P|P|P|P|P
2025,11,Uner Augusto,3|4|5|6|7|10|11|12|13|14,P|P|P|P|P|P|P|P|P|P
2025,11,Vile Santos,3|4|5|6|7|10|11|12|13|14,P|P|P|P|P|P|P|P|P|P
2025,11,Wagner Ferreira,3|4|5|6|7|10|11|12|13|14,P|P|P|P|P|P|P|P|P|P
2025,11,Wanderley Porto,3|4|5|6|7|10|11|12|13|14,P|P|P|P|P|P|P|P|P|P
2025,12,Arruda,1|2|3|4|5|9|10|11|12|15|19|22,P|P|P|P|P|P|P|P|P|P|P|P
2025,12,Braulio Lara,1|2|3|4|5|9|10|11|12|15|19|22,P|P|P|P|P|P|P|P|P|P|P|P
2025,12,Bruno Miranda,1|2|3|4|5|9|10|11|12|15|19|22,P|P|P|P|P|P|P|P|P|P|P|P
2025,12,Cida Falabella,1|2|3|4|5|9|10|11|12|15|19|22,P|P|P|P|P|P|P|P|P|P|P|P
2025,12,Cláudio do Mundo Novo,1|2|3|4|5|9|10|11|12|15|19|22,P|P|P|P|P|P|P|P|P|P|P|P
2025,12,Cleiton Xavier,1|2|3|4|5|9|10|11|12|15|19|22,P|P|P|P|P|P|P|P|P|P|P|P
2025,12,Diego Sanches,1|2|3|4|5|9|10|11|12|15|19|22,P|P|P|P|P|P|P|P|P|P|P|P
2025,12,Dr. Bruno Pedralva,1|2|3|4|5|9|10|11|12|15|19|22,P|P|P|P|P|P|P|P|P|P|P|P
2025,12,Dra. Michelly Siqueira,1|2|3|4|5|9|10|11|12|15|19|22,P|P|P|P|P|P|P|P|F|P|P|P
2025,12,Edmar Branco,1|2|3|4|5|9|10|11|12|15|19|22,P|P|P|P|P|F|P|P|P|P|P|P
2025,12,Fernanda Pereira Altoé,1|2|3|4|5|9|10|11|12|15|19|22,P|P|P|P|P|P|P|P|P|P|P|P
2025,12,Flávia Borja,1|2|3|4|5|9|10|11|12|15|19|22,P|P|P|P|P|P|P|P|P|P|P|P
2025,12,Helinho da Farmácia,1|2|3|4|5|9|10|11|12|15|19|22,P|P|P|P|P|P|P|P|P|P|P|P
2025,12,Helton Junior,1|2|3|4|5|9|10|11|12|15|19|22,AJ|P|P|P|P|P|P|P|P|P|P|P
2025,12,Irlan Melo,1|2|3|4|5|9|10|11|12|15|19|22,P|P|P|P|P|P|P|P|P|P|P|P
2025,12,Iza Lourença,1|2|3|4|5|9|10|11|12|15|19|22,P|P|P|P|P|P|P|P|P|P|P|P
2025,12,Janaina Cardoso,1|2|3|4|5|9|10|11|12|15|19|22,P|P|P|P|P|P|P|P|P|P|P|P
2025,12,José Ferreira,1|2|3|4|5|9|10|11|12|15|19|22,P|P|P|P|P|P|P|F|P|P|P|P
2025,12,Juhlia Santos,1|2|3|4|5|9|10|11|12|15|19|22,P|P|P|P|P|P|P|P|P|P|P|P
2025,12,Juninho Los Hermanos,1|2|3|4|5|9|10|11|12|15|19|22,P|P|P|P|P|P|P|P|P|P|P|P
2025,12,Leonardo Ângelo,1|2|3|4|5|9|10|11|12|15|19|22,P|P|P|P|P|P|P|P|P|P|P|P
2025,12,Loíde Gonçalves,1|2|3|4|5|9|10|11|12|15|19|22,P|P|P|P|P|P|P|P|P|P|P|P
2025,12,Lucas Ganem,1|2|3|4|5|9|10|11|12|15|19|22,P|P|P|F|P|LM|LM|LM|LM|F|P|F
2025,12,Luiza Dulci,1|2|3|4|5|9|10|11|12|15|19|22,P|P|P|P|P|P|P|P|P|P|P|P
2025,12,Maninho Félix,1|2|3|4|5|9|10|11|12|15|19|22,P|P|P|P|P|P|P|P|P|P|P|P
2025,12,Marilda Portela,1|2|3|4|5|9|10|11|12|15|19|22,P|P|P|P|P|P|P|LM|LM|P|P|P
2025,12,Neném da Farmácia,1|2|3|4|5|9|10|11|12|15|19|22,LM|P|P|P|P|P|P|P|P|P|P|P
2025,12,Osvaldo Lopes,1|2|3|4|5|9|10|11|12|15|19|22,P|P|P|P|P|P|P|P|P|P|P|P
2025,12,Pablo Almeida,1|2|3|4|5|9|10|11|12|15|19|22,P|P|P|P|P|P|P|P|P|P|P|P
2025,12,Pedro Patrus,1|2|3|4|5|9|10|11|12|15|19|22,P|P|P|P|P|P|P|P|P|P|P|P
2025,12,Pedro Rousseff,1|2|3|4|5|9|10|11|12|15|19|22,P|P|P|P|P|P|P|P|P|P|P|P
2025,12,Professor Juliano Lopes,1|2|3|4|5|9|10|11|12|15|19|22,P|P|P|P|P|P|P|P|AJ|P|P|P
2025,12,Professora Marli,1|2|3|4|5|9|10|11|12|15|19|22,P|P|P|P|P|P|P|P|P|P|P|P
2025,12,Rudson Paixão,1|2|3|4|5|9|10|11|12|15|19|22,P|P|AJ|P|AJ|P|P|P|P|P|P|P
2025,12,Sargento Jalyson,1|2|3|4|5|9|10|11|12|15|19|22,P|P|P|P|P|P|P|P|P|P|P|P
2025,12,Tileléo,1|2|3|4|5|9|10|11|12|15|19|22,LM|LM|LM|P|P|P|P|P|P|P|P|P
2025,12,Trópia,1|2|3|4|5|9|10|11|12|15|19|22,P|P|P|P|P|P|P|P|P|P|P|P
2025,12,Uner Augusto,1|2|3|4|5|9|10|11|12|15|19|22,P|P|P|P|P|P|P|P|P|P|P|P
2025,12,Vile Santos,1|2|3|4|5|9|10|11|12|15|19|22,P|P|P|P|P|P|P|F|P|P|P|P
2025,12,Wagner Ferreira,1|2|3|4|5|9|10|11|12|15|19|22,P|P|P|P|P|P|P|P|P|P|P|P
2025,12,Wanderley Porto,1|2|3|4|5|9|10|11|12|15|19|22,P|P|P|P|P|P|P|P|P|P|P|P
2026,2,Arruda,2|3|4|5|6|9|10|11|12|13,P|P|P|P|P|P|P|P|P|P
2026,2,Braulio Lara,2|3|4|5|6|9|10|11|12|13,P|P|P|P|P|P|P|P|P|P
2026,2,Bruno Miranda,2|3|4|5|6|9|10|11|12|13,P|P|P|P|P|P|P|P|P|P
2026,2,Cida Falabella,2|3|4|5|6|9|10|11|12|13,P|P|P|P|P|P|P|P|P|P
2026,2,Cláudio do Mundo Novo,2|3|4|5|6|9|10|11|12|13,P|P|P|P|P|P|P|P|P|P
2026,2,Cleiton Xavier,2|3|4|5|6|9|10|11|12|13,P|P|P|P|P|P|P|P|P|P
2026,2,Diego Sanches,2|3|4|5|6|9|10|11|12|13,P|P|P|AJ|P|P|P|P|P|P
2026,2,Dr. Bruno Pedralva,2|3|4|5|6|9|10|11|12|13,P|P|P|P|P|P|P|P|P|P
2026,2,Dra. Michelly Siqueira,2|3|4|5|6|9|10|11|12|13,P|P|P|P|P|P|P|P|P|P
2026,2,Edmar Branco,2|3|4|5|6|9|10|11|12|13,P|P|P|AJ|P|P|P|P|P|P
2026,2,Fernanda Pereira Altoé,2|3|4|5|6|9|10|11|12|13,P|P|P|P|P|P|P|P|P|P
2026,2,Flávia Borja,2|3|4|5|6|9|10|11|12|13,P|P|P|P|P|P|P|P|P|P
2026,2,Helinho da Farmácia,2|3|4|5|6|9|10|11|12|13,P|P|P|P|P|P|P|P|P|P
2026,2,Helton Junior,2|3|4|5|6|9|10|11|12|13,P|P|P|P|P|P|P|P|P|P
2026,2,Irlan Melo,2|3|4|5|6|9|10|11|12|13,P|P|P|P|P|P|P|P|P|P
2026,2,Iza Lourença,2|3|4|5|6|9|10|11|12|13,P|P|P|P|P|P|P|P|P|P
2026,2,Janaina Cardoso,2|3|4|5|6|9|10|11|12|13,P|P|P|P|P|P|P|P|P|P
2026,2,José Ferreira,2|3|4|5|6|9|10|11|12|13,P|P|P|P|P|P|P|P|P|P
2026,2,Juhlia Santos,2|3|4|5|6|9|10|11|12|13,P|P|P|P|P|P|P|P|P|P
2026,2,Juninho Los Hermanos,2|3|4|5|6|9|10|11|12|13,P|P|P|P|P|P|P|P|P|P
2026,2,Leonardo Ângelo,2|3|4|5|6|9|10|11|12|13,P|P|P|P|P|P|P|P|P|P
2026,2,Loíde Gonçalves,2|3|4|5|6|9|10|11|12|13,P|P|P|P|P|P|P|P|P|P
2026,2,Luiza Dulci,2|3|4|5|6|9|10|11|12|13,P|P|P|P|P|P|P|P|P|P
2026,2,Maninho Félix,2|3|4|5|6|9|10|11|12|13,P|P|P|P|P|P|P|P|P|P
2026,2,Marilda Portela,2|3|4|5|6|9|10|11|12|13,P|P|P|P|P|P|P|P|P|P
2026,2,Neném da Farmácia,2|3|4|5|6|9|10|11|12|13,P|P|P|P|P|P|P|P|P|P
2026,2,Osvaldo Lopes,2|3|4|5|6|9|10|11|12|13,P|P|P|P|P|P|P|P|P|P
2026,2,Pablo Almeida,2|3|4|5|6|9|10|11|12|13,P|P|P|P|P|P|F|P|P|P
2026,2,Pedro Patrus,2|3|4|5|6|9|10|11|12|13,P|P|P|P|P|P|P|P|P|P
2026,2,Pedro Rousseff,2|3|4|5|6|9|10|11|12|13,P|P|P|P|P|P|P|P|P|P
2026,2,Professor Juliano Lopes,2|3|4|5|6|9|10|11|12|13,P|P|P|P|P|AJ|P|P|AJ|P
2026,2,Professora Marli,2|3|4|5|6|9|10|11|12|13,P|P|P|P|P|P|P|P|P|P
2026,2,Rubão,2|3|4|5|6|9|10|11|12|13,P|P|P|P|P|P|P|P|P|P
2026,2,Rudson Paixão,2|3|4|5|6|9|10|11|12|13,P|P|P|P|P|P|P|P|P|P
2026,2,Sargento Jalyson,2|3|4|5|6|9|10|11|12|13,P|P|P|P|P|P|P|P|P|P
2026,2,Tileléo,2|3|4|5|6|9|10|11|12|13,P|P|P|P|P|P|P|P|P|P
2026,2,Trópia,2|3|4|5|6|9|10|11|12|13,P|P|P|P|P|P|P|P|P|P
2026,2,Uner Augusto,2|3|4|5|6|9|10|11|12|13,P|P|P|P|P|P|P|P|P|P
2026,2,Vile Santos,2|3|4|5|6|9|10|11|12|13,P|P|P|P|P|P|AJ|P|P|P
2026,2,Wagner Ferreira,2|3|4|5|6|9|10|11|12|13,P|P|P|P|P|P|P|P|P|P
2026,2,Wanderley Porto,2|3|4|5|6|9|10|11|12|13,P|P|P|P|P|P|P|P|P|P
2026,3,Arruda,2|3|4|5|6|9|10|11|12|13|30,P|P|P|P|P|P|P|F|P|P|P
2026,3,Braulio Lara,2|3|4|5|6|9|10|11|12|13|30,P|P|P|P|P|P|P|P|P|P|P
2026,3,Bruno Miranda,2|3|4|5|6|9|10|11|12|13|30,P|P|P|P|P|P|P|F|P|P|P
2026,3,Cida Falabella,2|3|4|5|6|9|10|11|12|13|30,P|SR|SR|SR|SR|SR|SR|SR|SR|SR|SR
2026,3,Cláudio do Mundo Novo,2|3|4|5|6|9|10|11|12|13|30,P|P|P|P|P|P|P|P|P|P|P
2026,3,Cleiton Xavier,2|3|4|5|6|9|10|11|12|13|30,P|P|P|P|P|P|P|P|P|P|P
2026,3,Diego Sanches,2|3|4|5|6|9|10|11|12|13|30,P|P|P|P|P|P|P|P|P|P|P
2026,3,Dr. Bruno Pedralva,2|3|4|5|6|9|10|11|12|13|30,P|P|P|P|P|P|P|P|P|P|P
2026,3,Dra. Michelly Siqueira,2|3|4|5|6|9|10|11|12|13|30,P|P|P|P|P|P|P|P|P|P|P
2026,3,Edmar Branco,2|3|4|5|6|9|10|11|12|13|30,P|P|P|P|P|P|P|P|P|P|P
2026,3,Fernanda Pereira Altoé,2|3|4|5|6|9|10|11|12|13|30,P|P|P|P|P|P|P|P|P|P|P
2026,3,Flávia Borja,2|3|4|5|6|9|10|11|12|13|30,P|P|P|P|P|P|P|P|P|P|P
2026,3,Helinho da Farmácia,2|3|4|5|6|9|10|11|12|13|30,P|P|P|P|P|P|P|P|P|P|P
2026,3,Helton Junior,2|3|4|5|6|9|10|11|12|13|30,P|P|P|P|P|P|P|P|P|P|P
2026,3,Irlan Melo,2|3|4|5|6|9|10|11|12|13|30,P|P|P|P|P|P|P|P|P|P|P
2026,3,Iza Lourença,2|3|4|5|6|9|10|11|12|13|30,P|P|P|P|P|P|P|P|P|P|P
2026,3,Janaina Cardoso,2|3|4|5|6|9|10|11|12|13|30,P|P|P|P|P|P|P|P|P|P|P
2026,3,José Ferreira,2|3|4|5|6|9|10|11|12|13|30,P|P|P|P|P|P|P|P|P|P|P
2026,3,Juhlia Santos,2|3|4|5|6|9|10|11|12|13|30,P|P|P|P|P|P|P|P|P|P|P
2026,3,Juninho Los Hermanos,2|3|4|5|6|9|10|11|12|13|30,P|P|P|P|P|P|P|P|P|P|P
2026,3,Leonardo Ângelo,2|3|4|5|6|9|10|11|12|13|30,P|P|P|P|P|P|P|P|P|P|P
2026,3,Loíde Gonçalves,2|3|4|5|6|9|10|11|12|13|30,P|P|P|P|P|P|P|P|P|P|P
2026,3,Luiza Dulci,2|3|4|5|6|9|10|11|12|13|30,P|P|P|P|P|P|P|P|P|P|P
2026,3,Maninho Félix,2|3|4|5|6|9|10|11|12|13|30,P|P|P|P|P|P|P|P|P|P|P
2026,3,Marilda Portela,2|3|4|5|6|9|10|11|12|13|30,P|P|P|P|P|P|P|P|P|P|P
2026,3,Neném da Farmácia,2|3|4|5|6|9|10|11|12|13|30,P|P|P|P|P|P|P|P|P|P|P
2026,3,Osvaldo Lopes,2|3|4|5|6|9|10|11|12|13|30,P|P|P|P|P|P|P|P|P|P|P
2026,3,Pablo Almeida,2|3|4|5|6|9|10|11|12|13|30,P|P|P|P|P|P|P|P|P|P|P
2026,3,Pedro Patrus,2|3|4|5|6|9|10|11|12|13|30,P|P|P|P|P|P|P|P|P|P|P
2026,3,Pedro Rousseff,2|3|4|5|6|9|10|11|12|13|30,P|P|P|P|P|P|P|P|P|P|P
2026,3,Professor Juliano Lopes,2|3|4|5|6|9|10|11|12|13|30,P|P|P|P|P|P|P|P|P|AJ|P
2026,3,Professora Marli,2|3|4|5|6|9|10|11|12|13|30,P|P|P|P|P|P|P|P|P|P|P
2026,3,Professora Nara,2|3|4|5|6|9|10|11|12|13|30,SPL C|P|P|P|P|P|P|P|P|P|P
2026,3,Rubão,2|3|4|5|6|9|10|11|12|13|30,P|P|P|P|P|P|P|P|P|P|P
2026,3,Rudson Paixão,2|3|4|5|6|9|10|11|12|13|30,P|P|P|P|P|P|P|P|P|P|P
2026,3,Sargento Jalyson,2|3|4|5|6|9|10|11|12|13|30,P|P|P|P|P|P|P|P|P|P|P
2026,3,Tileléo,2|3|4|5|6|9|10|11|12|13|30,LM|LM|LM|LM|LM|P|P|P|P|P|P
2026,3,Trópia,2|3|4|5|6|9|10|11|12|13|30,P|P|P|P|P|P|P|P|P|P|P
2026,3,Uner Augusto,2|3|4|5|6|9|10|11|12|13|30,P|P|P|P|P|P|P|P|P|P|P
2026,3,Vile Santos,2|3|4|5|6|9|10|11|12|13|30,P|P|P|P|P|P|P|P|P|P|P
2026,3,Wagner Ferreira,2|3|4|5|6|9|10|11|12|13|30,P|P|P|P|P|P|P|P|P|P|P
2026,3,Wanderley Porto,2|3|4|5|6|9|10|11|12|13|30,P|P|P|P|P|P|P|P|P|P|P
2026,4,Arruda,1|6|7|8|9|10|13|14|15|16,P|P|P|P|P|P|P|P|P|P
2026,4,Braulio Lara,1|6|7|8|9|10|13|14|15|16,P|P|P|P|P|P|P|P|P|P
2026,4,Bruno Miranda,1|6|7|8|9|10|13|14|15|16,P|P|P|P|P|P|P|P|P|P
2026,4,Cláudio do Mundo Novo,1|6|7|8|9|10|13|14|15|16,P|P|P|P|P|P|P|P|P|P
2026,4,Cleiton Xavier,1|6|7|8|9|10|13|14|15|16,P|P|P|P|P|P|P|P|P|P
2026,4,Diego Sanches,1|6|7|8|9|10|13|14|15|16,P|P|P|P|P|P|P|P|P|P
2026,4,Dr. Bruno Pedralva,1|6|7|8|9|10|13|14|15|16,P|P|P|AJ|P|P|P|P|P|P
2026,4,Dra. Michelly Siqueira,1|6|7|8|9|10|13|14|15|16,P|P|P|P|P|P|P|P|F|P
2026,4,Edmar Branco,1|6|7|8|9|10|13|14|15|16,P|P|P|P|P|P|P|P|P|P
2026,4,Fernanda Pereira Altoé,1|6|7|8|9|10|13|14|15|16,P|P|P|P|P|P|P|P|P|P
2026,4,Flávia Borja,1|6|7|8|9|10|13|14|15|16,P|P|P|P|P|P|P|P|P|P
2026,4,Helinho da Farmácia,1|6|7|8|9|10|13|14|15|16,P|P|P|P|P|P|P|P|P|P
2026,4,Helton Junior,1|6|7|8|9|10|13|14|15|16,P|P|P|P|P|P|P|AJ|AJ|AJ
2026,4,Irlan Melo,1|6|7|8|9|10|13|14|15|16,P|P|P|P|P|P|P|P|P|P
2026,4,Iza Lourença,1|6|7|8|9|10|13|14|15|16,AJ|P|P|P|P|P|P|P|P|P
2026,4,Janaina Cardoso,1|6|7|8|9|10|13|14|15|16,P|P|P|P|P|P|P|P|P|P
2026,4,José Ferreira,1|6|7|8|9|10|13|14|15|16,P|P|P|P|P|P|P|P|P|P
2026,4,Juhlia Santos,1|6|7|8|9|10|13|14|15|16,P|P|P|P|P|P|P|P|P|P
2026,4,Juninho Los Hermanos,1|6|7|8|9|10|13|14|15|16,P|P|P|P|P|P|P|P|P|P
2026,4,Leonardo Ângelo,1|6|7|8|9|10|13|14|15|16,P|P|P|P|P|P|P|P|P|P
2026,4,Loíde Gonçalves,1|6|7|8|9|10|13|14|15|16,P|P|P|P|P|P|P|P|P|P
2026,4,Luiza Dulci,1|6|7|8|9|10|13|14|15|16,P|P|P|P|P|P|P|P|P|P
2026,4,Maninho Félix,1|6|7|8|9|10|13|14|15|16,P|P|P|P|P|P|P|P|P|P
2026,4,Marilda Portela,1|6|7|8|9|10|13|14|15|16,P|P|P|P|P|P|P|P|P|P
2026,4,Neném da Farmácia,1|6|7|8|9|10|13|14|15|16,P|P|P|P|P|P|P|P|P|P
2026,4,Osvaldo Lopes,1|6|7|8|9|10|13|14|15|16,P|P|P|P|P|P|P|P|P|P
2026,4,Pablo Almeida,1|6|7|8|9|10|13|14|15|16,P|P|P|P|P|P|P|P|P|P
2026,4,Pedro Patrus,1|6|7|8|9|10|13|14|15|16,P|P|P|P|P|P|P|P|P|P
2026,4,Pedro Rousseff,1|6|7|8|9|10|13|14|15|16,P|P|P|P|P|P|P|P|P|P
2026,4,Professor Juliano Lopes,1|6|7|8|9|10|13|14|15|16,P|P|P|P|P|P|P|P|P|P
2026,4,Professora Marli,1|6|7|8|9|10|13|14|15|16,P|P|P|P|P|P|P|P|P|P
2026,4,Professora Nara,1|6|7|8|9|10|13|14|15|16,P|P|P|P|P|P|P|P|P|P
2026,4,Rubão,1|6|7|8|9|10|13|14|15|16,P|P|P|P|P|P|P|P|P|P
2026,4,Rudson Paixão,1|6|7|8|9|10|13|14|15|16,P|P|P|P|P|P|P|P|P|P
2026,4,Sargento Jalyson,1|6|7|8|9|10|13|14|15|16,P|P|P|P|P|P|P|P|P|P
2026,4,Tileléo,1|6|7|8|9|10|13|14|15|16,P|P|P|P|P|P|P|P|P|P
2026,4,Trópia,1|6|7|8|9|10|13|14|15|16,P|P|P|P|P|P|P|P|P|P
2026,4,Uner Augusto,1|6|7|8|9|10|13|14|15|16,P|P|P|P|P|P|P|P|P|P
2026,4,Vile Santos,1|6|7|8|9|10|13|14|15|16,P|F|P|P|P|P|P|P|P|P
2026,4,Wagner Ferreira,1|6|7|8|9|10|13|14|15|16,P|P|P|P|P|P|P|P|P|P
2026,4,Wanderley Porto,1|6|7|8|9|10|13|14|15|16,P|P|P|P|P|F|P|P|P|P
2026,5,Arruda,4|5|6|7|8|11|12|13|14|15,P|P|P|P|P|P|P|P|P|P
2026,5,Braulio Lara,4|5|6|7|8|11|12|13|14|15,P|P|P|P|P|P|P|P|P|P
2026,5,Bruno Miranda,4|5|6|7|8|11|12|13|14|15,P|P|P|P|P|P|P|P|P|P
2026,5,Cláudio do Mundo Novo,4|5|6|7|8|11|12|13|14|15,P|P|P|P|P|P|P|P|P|P
2026,5,Cleiton Xavier,4|5|6|7|8|11|12|13|14|15,P|P|P|P|P|P|P|P|P|P
2026,5,Diego Sanches,4|5|6|7|8|11|12|13|14|15,P|P|P|P|P|P|P|P|P|P
2026,5,Dr. Bruno Pedralva,4|5|6|7|8|11|12|13|14|15,P|P|P|P|P|P|P|P|P|P
2026,5,Dra. Michelly Siqueira,4|5|6|7|8|11|12|13|14|15,P|P|P|P|P|P|P|P|P|P
2026,5,Edmar Branco,4|5|6|7|8|11|12|13|14|15,P|P|P|P|P|P|P|P|P|P
2026,5,Fernanda Pereira Altoé,4|5|6|7|8|11|12|13|14|15,P|P|P|P|P|P|P|P|P|P
2026,5,Flávia Borja,4|5|6|7|8|11|12|13|14|15,P|P|P|P|P|P|P|P|P|P
2026,5,Helinho da Farmácia,4|5|6|7|8|11|12|13|14|15,P|P|P|P|P|P|P|P|P|P
2026,5,Helton Junior,4|5|6|7|8|11|12|13|14|15,P|P|P|P|P|P|P|P|P|P
2026,5,Irlan Melo,4|5|6|7|8|11|12|13|14|15,P|P|P|P|P|P|P|P|P|P
2026,5,Iza Lourença,4|5|6|7|8|11|12|13|14|15,P|P|P|P|P|P|P|P|P|P
2026,5,Janaina Cardoso,4|5|6|7|8|11|12|13|14|15,P|P|P|P|P|P|P|P|P|P
2026,5,José Ferreira,4|5|6|7|8|11|12|13|14|15,P|P|P|P|P|P|P|P|P|P
2026,5,Juhlia Santos,4|5|6|7|8|11|12|13|14|15,P|P|P|P|P|P|P|P|P|P
2026,5,Juninho Los Hermanos,4|5|6|7|8|11|12|13|14|15,P|P|P|P|P|P|P|P|P|P
2026,5,Leonardo Ângelo,4|5|6|7|8|11|12|13|14|15,P|P|P|P|P|P|P|P|P|P
2026,5,Loíde Gonçalves,4|5|6|7|8|11|12|13|14|15,P|P|P|P|P|P|P|P|P|P
2026,5,Lucas Ganem,4|5|6|7|8|11|12|13|14|15,P|P|P|P|P|P|P|P|P|P
2026,5,Luiza Dulci,4|5|6|7|8|11|12|13|14|15,P|P|P|P|P|P|P|P|P|P
2026,5,Maninho Félix,4|5|6|7|8|11|12|13|14|15,P|P|P|P|P|P|P|P|P|P
2026,5,Marilda Portela,4|5|6|7|8|11|12|13|14|15,P|P|P|P|P|P|P|P|P|P
2026,5,Neném da Farmácia,4|5|6|7|8|11|12|13|14|15,P|P|P|P|P|P|P|P|P|P
2026,5,Osvaldo Lopes,4|5|6|7|8|11|12|13|14|15,F|P|P|P|P|P|P|P|P|P
2026,5,Pablo Almeida,4|5|6|7|8|11|12|13|14|15,P|P|P|P|P|P|P|P|P|P
2026,5,Pedro Patrus,4|5|6|7|8|11|12|13|14|15,P|P|P|P|P|P|P|P|P|P
2026,5,Pedro Rousseff,4|5|6|7|8|11|12|13|14|15,P|P|P|P|P|P|P|P|P|P
2026,5,Professor Juliano Lopes,4|5|6|7|8|11|12|13|14|15,P|P|P|P|P|P|P|P|P|AJ
2026,5,Professora Marli,4|5|6|7|8|11|12|13|14|15,P|P|P|P|P|P|P|P|P|P
2026,5,Professora Nara,4|5|6|7|8|11|12|13|14|15,P|P|P|LM|LM|LM|LM|LM|LM|LM
2026,5,Rudson Paixão,4|5|6|7|8|11|12|13|14|15,P|P|P|P|P|P|P|P|P|P
2026,5,Sargento Jalyson,4|5|6|7|8|11|12|13|14|15,P|P|P|P|P|P|P|P|P|P
2026,5,Tileléo,4|5|6|7|8|11|12|13|14|15,P|P|P|P|P|P|P|P|P|P
2026,5,Trópia,4|5|6|7|8|11|12|13|14|15,P|P|P|P|P|P|P|P|P|P
2026,5,Uner Augusto,4|5|6|7|8|11|12|13|14|15,P|P|P|P|P|P|P|P|P|P
2026,5,Vile Santos,4|5|6|7|8|11|12|13|14|15,P|P|P|P|P|P|P|P|P|P
2026,5,Wagner Ferreira,4|5|6|7|8|11|12|13|14|15,P|P|P|P|P|P|P|P|P|P
2026,5,Wanderley Porto,4|5|6|7|8|11|12|13|14|15,P|P|P|P|P|P|P|P|P|P
2026,6,Arruda,1|2|3|8|9|10|11|12|15|16,P|P|P|P|P|P|P|P|P|P
2026,6,Braulio Lara,1|2|3|8|9|10|11|12|15|16,P|P|P|P|P|P|P|P|P|AJ
2026,6,Bruno Miranda,1|2|3|8|9|10|11|12|15|16,P|P|P|P|P|P|P|P|P|P
2026,6,Cláudio do Mundo Novo,1|2|3|8|9|10|11|12|15|16,P|P|P|P|P|P|P|P|P|P
2026,6,Cleiton Xavier,1|2|3|8|9|10|11|12|15|16,P|P|P|P|P|P|P|P|F|F
2026,6,Diego Sanches,1|2|3|8|9|10|11|12|15|16,P|P|P|P|P|P|P|P|P|P
2026,6,Dr. Bruno Pedralva,1|2|3|8|9|10|11|12|15|16,P|P|P|P|P|P|P|P|P|P
2026,6,Dra. Michelly Siqueira,1|2|3|8|9|10|11|12|15|16,P|P|P|P|P|P|P|P|P|P
2026,6,Edmar Branco,1|2|3|8|9|10|11|12|15|16,P|P|P|P|P|P|P|P|P|P
2026,6,Fernanda Pereira Altoé,1|2|3|8|9|10|11|12|15|16,P|P|P|P|P|P|P|P|P|P
2026,6,Flávia Borja,1|2|3|8|9|10|11|12|15|16,P|P|P|P|P|P|P|P|P|P
2026,6,Helinho da Farmácia,1|2|3|8|9|10|11|12|15|16,P|P|P|P|P|P|P|P|P|P
2026,6,Helton Junior,1|2|3|8|9|10|11|12|15|16,P|P|P|P|P|P|P|P|P|P
2026,6,Irlan Melo,1|2|3|8|9|10|11|12|15|16,P|P|P|P|P|P|P|P|P|P
2026,6,Iza Lourença,1|2|3|8|9|10|11|12|15|16,P|P|P|P|P|P|P|P|P|P
2026,6,Janaina Cardoso,1|2|3|8|9|10|11|12|15|16,P|P|F|F|P|P|P|P|P|P
2026,6,José Ferreira,1|2|3|8|9|10|11|12|15|16,P|P|P|P|P|P|P|P|P|P
2026,6,Juhlia Santos,1|2|3|8|9|10|11|12|15|16,P|P|P|P|P|P|P|P|P|P
2026,6,Juninho Los Hermanos,1|2|3|8|9|10|11|12|15|16,P|P|P|P|P|P|P|P|P|P
2026,6,Leonardo Ângelo,1|2|3|8|9|10|11|12|15|16,P|P|P|P|P|P|P|P|P|P
2026,6,Loíde Gonçalves,1|2|3|8|9|10|11|12|15|16,P|P|P|P|P|P|P|P|P|P
2026,6,Lucas Ganem,1|2|3|8|9|10|11|12|15|16,P|P|P|P|P|P|P|P|P|P
2026,6,Luiza Dulci,1|2|3|8|9|10|11|12|15|16,P|P|P|P|P|P|P|P|P|P
2026,6,Maninho Félix,1|2|3|8|9|10|11|12|15|16,P|P|P|P|P|P|P|P|P|P
2026,6,Marilda Portela,1|2|3|8|9|10|11|12|15|16,P|P|P|P|P|P|P|P|P|P
2026,6,Neném da Farmácia,1|2|3|8|9|10|11|12|15|16,P|P|P|P|P|P|P|P|P|P
2026,6,Osvaldo Lopes,1|2|3|8|9|10|11|12|15|16,P|P|P|P|P|P|P|P|P|P
2026,6,Pablo Almeida,1|2|3|8|9|10|11|12|15|16,P|P|P|P|P|P|P|P|P|P
2026,6,Pedro Patrus,1|2|3|8|9|10|11|12|15|16,P|P|P|P|P|P|P|P|P|P
2026,6,Pedro Rousseff,1|2|3|8|9|10|11|12|15|16,P|P|P|P|P|P|P|P|P|P
2026,6,Professor Juliano Lopes,1|2|3|8|9|10|11|12|15|16,P|P|P|P|P|P|P|P|P|P
2026,6,Professora Marli,1|2|3|8|9|10|11|12|15|16,P|P|P|P|P|P|P|P|P|P
2026,6,Professora Nara,1|2|3|8|9|10|11|12|15|16,P|P|P|P|P|P|P|P|P|P
2026,6,Rudson Paixão,1|2|3|8|9|10|11|12|15|16,P|P|P|P|P|P|P|P|P|P
2026,6,Sargento Jalyson,1|2|3|8|9|10|11|12|15|16,P|P|P|P|P|P|P|P|P|P
2026,6,Tileléo,1|2|3|8|9|10|11|12|15|16,P|P|P|P|P|P|P|P|P|P
2026,6,Trópia,1|2|3|8|9|10|11|12|15|16,P|P|P|P|P|P|P|P|P|P
2026,6,Uner Augusto,1|2|3|8|9|10|11|12|15|16,P|P|P|P|P|P|P|P|P|P
2026,6,Vile Santos,1|2|3|8|9|10|11|12|15|16,P|P|P|P|P|P|P|P|P|P
2026,6,Wagner Ferreira,1|2|3|8|9|10|11|12|15|16,P|P|P|P|P|P|P|P|P|P
2026,6,Wanderley Porto,1|2|3|8|9|10|11|12|15|16,P|P|P|P|P|P|P|P|P|P
2026,7,Arruda,1|2|3|6|7|8|9|10|13|14,P|P|P|P|P|P|P|P|P|P
2026,7,Braulio Lara,1|2|3|6|7|8|9|10|13|14,P|P|P|P|P|P|P|P|P|P
2026,7,Bruno Miranda,1|2|3|6|7|8|9|10|13|14,P|P|P|P|P|P|P|P|P|P
2026,7,Cláudio do Mundo Novo,1|2|3|6|7|8|9|10|13|14,P|P|P|P|P|P|P|P|P|P
2026,7,Cleiton Xavier,1|2|3|6|7|8|9|10|13|14,P|P|P|P|P|P|P|P|AJ|P
2026,7,Diego Sanches,1|2|3|6|7|8|9|10|13|14,P|P|P|P|P|P|P|P|P|P
2026,7,Dr. Bruno Pedralva,1|2|3|6|7|8|9|10|13|14,P|P|P|P|P|P|P|P|P|P
2026,7,Dra. Michelly Siqueira,1|2|3|6|7|8|9|10|13|14,P|P|P|P|P|P|P|P|P|P
2026,7,Edmar Branco,1|2|3|6|7|8|9|10|13|14,P|P|P|P|P|P|P|P|P|P
2026,7,Fernanda Pereira Altoé,1|2|3|6|7|8|9|10|13|14,P|P|P|P|P|P|P|P|P|P
2026,7,Flávia Borja,1|2|3|6|7|8|9|10|13|14,P|P|P|P|P|P|P|P|P|P
2026,7,Helinho da Farmácia,1|2|3|6|7|8|9|10|13|14,P|P|P|P|P|P|P|P|P|P
2026,7,Helton Junior,1|2|3|6|7|8|9|10|13|14,P|P|P|P|P|P|P|P|P|P
2026,7,Irlan Melo,1|2|3|6|7|8|9|10|13|14,P|P|P|P|P|P|P|P|P|P
2026,7,Iza Lourença,1|2|3|6|7|8|9|10|13|14,P|F|P|P|P|P|P|P|P|P
2026,7,Janaina Cardoso,1|2|3|6|7|8|9|10|13|14,P|P|P|P|P|P|P|P|P|P
2026,7,José Ferreira,1|2|3|6|7|8|9|10|13|14,P|P|P|P|P|P|P|F|P|P
2026,7,Juhlia Santos,1|2|3|6|7|8|9|10|13|14,P|P|P|P|P|P|P|P|P|P
2026,7,Juninho Los Hermanos,1|2|3|6|7|8|9|10|13|14,P|P|P|P|P|P|P|P|P|P
2026,7,Leonardo Ângelo,1|2|3|6|7|8|9|10|13|14,P|P|P|P|P|P|P|P|P|P
2026,7,Loíde Gonçalves,1|2|3|6|7|8|9|10|13|14,P|P|P|P|P|P|P|P|P|P
2026,7,Lucas Ganem,1|2|3|6|7|8|9|10|13|14,P|P|P|P|P|P|P|P|LM|LM
2026,7,Luiza Dulci,1|2|3|6|7|8|9|10|13|14,P|P|P|P|P|P|P|P|P|P
2026,7,Maninho Félix,1|2|3|6|7|8|9|10|13|14,P|P|P|P|P|P|P|P|P|P
2026,7,Marilda Portela,1|2|3|6|7|8|9|10|13|14,P|P|P|P|P|P|P|P|P|P
2026,7,Neném da Farmácia,1|2|3|6|7|8|9|10|13|14,P|P|P|P|P|P|P|P|P|P
2026,7,Osvaldo Lopes,1|2|3|6|7|8|9|10|13|14,P|P|P|P|P|P|P|P|P|P
2026,7,Pablo Almeida,1|2|3|6|7|8|9|10|13|14,P|P|P|P|P|P|P|P|P|P
2026,7,Pedro Patrus,1|2|3|6|7|8|9|10|13|14,P|P|P|P|P|P|P|P|P|P
2026,7,Pedro Rousseff,1|2|3|6|7|8|9|10|13|14,P|P|P|P|P|P|P|P|P|P
2026,7,Professor Juliano Lopes,1|2|3|6|7|8|9|10|13|14,P|P|P|P|P|P|P|P|P|P
2026,7,Professora Marli,1|2|3|6|7|8|9|10|13|14,P|P|P|P|P|P|P|P|P|P
2026,7,Professora Nara,1|2|3|6|7|8|9|10|13|14,P|F|P|P|P|P|P|P|P|P
2026,7,Rudson Paixão,1|2|3|6|7|8|9|10|13|14,P|P|P|P|P|P|P|P|P|P
2026,7,Sargento Jalyson,1|2|3|6|7|8|9|10|13|14,P|P|P|P|P|P|P|P|P|P
2026,7,Tileléo,1|2|3|6|7|8|9|10|13|14,P|P|P|P|P|P|P|P|P|P
2026,7,Trópia,1|2|3|6|7|8|9|10|13|14,P|P|P|P|P|P|P|P|P|P
2026,7,Uner Augusto,1|2|3|6|7|8|9|10|13|14,P|P|P|P|P|P|P|P|P|P
2026,7,Vile Santos,1|2|3|6|7|8|9|10|13|14,P|P|P|P|P|P|P|P|P|P
2026,7,Wagner Ferreira,1|2|3|6|7|8|9|10|13|14,P|P|P|P|P|P|P|P|F|P
2026,7,Wanderley Porto,1|2|3|6|7|8|9|10|13|14,P|P|P|P|P|P|P|P|P|P
2026,8,Arruda,3|4|5|6|7|10|11|12|13|14|21|21|31,P|P|P|P|P|P|P|P|P|P|P|P|P
2026,8,Braulio Lara,3|4|5|6|7|10|11|12|13|14|21|21|31,P|P|P|P|P|P|P|P|P|P|P|P|P
2026,8,Bruno Miranda,3|4|5|6|7|10|11|12|13|14|21|21|31,P|P|P|P|P|P|P|P|P|P|P|P|P
2026,8,Cláudio do Mundo Novo,3|4|5|6|7|10|11|12|13|14|21|21|31,P|P|P|P|P|P|P|P|P|P|P|P|P
2026,8,Cleiton Xavier,3|4|5|6|7|10|11|12|13|14|21|21|31,P|P|P|P|P|P|P|P|P|P|P|P|P
2026,8,Diego Sanches,3|4|5|6|7|10|11|12|13|14|21|21|31,P|P|P|P|P|P|P|P|P|P|P|P|P
2026,8,Dr. Bruno Pedralva,3|4|5|6|7|10|11|12|13|14|21|21|31,P|P|P|P|P|P|P|P|P|P|P|P|P
2026,8,Dra. Michelly Siqueira,3|4|5|6|7|10|11|12|13|14|21|21|31,P|P|P|P|P|P|P|P|P|P|P|P|P
2026,8,Edmar Branco,3|4|5|6|7|10|11|12|13|14|21|21|31,P|P|P|P|P|P|P|P|P|P|P|P|P
2026,8,Fernanda Pereira Altoé,3|4|5|6|7|10|11|12|13|14|21|21|31,P|P|P|P|P|P|P|P|P|P|P|P|P
2026,8,Flávia Borja,3|4|5|6|7|10|11|12|13|14|21|21|31,P|P|P|P|P|P|P|P|P|P|P|P|P
2026,8,Helinho da Farmácia,3|4|5|6|7|10|11|12|13|14|21|21|31,P|P|P|P|P|P|P|P|P|P|P|P|P
2026,8,Helton Junior,3|4|5|6|7|10|11|12|13|14|21|21|31,P|P|P|P|P|P|P|P|P|P|P|P|P
2026,8,Irlan Melo,3|4|5|6|7|10|11|12|13|14|21|21|31,P|P|P|P|P|P|P|P|P|P|P|P|P
2026,8,Iza Lourença,3|4|5|6|7|10|11|12|13|14|21|21|31,P|P|P|P|P|LM|LM|P|P|P|P|P|P
2026,8,Janaina Cardoso,3|4|5|6|7|10|11|12|13|14|21|21|31,P|P|P|P|P|P|P|P|P|P|P|P|P
2026,8,José Ferreira,3|4|5|6|7|10|11|12|13|14|21|21|31,P|P|P|P|P|P|P|P|P|P|P|P|P
2026,8,Juhlia Santos,3|4|5|6|7|10|11|12|13|14|21|21|31,P|P|P|P|P|P|P|P|P|P|P|P|P
2026,8,Juninho Los Hermanos,3|4|5|6|7|10|11|12|13|14|21|21|31,P|P|P|P|P|P|P|P|P|P|P|P|P
2026,8,Leonardo Ângelo,3|4|5|6|7|10|11|12|13|14|21|21|31,P|P|P|P|P|P|P|P|P|AJ|P|P|P
2026,8,Loíde Gonçalves,3|4|5|6|7|10|11|12|13|14|21|21|31,P|P|P|P|P|P|P|P|P|P|P|P|P
2026,8,Lucas Ganem,3|4|5|6|7|10|11|12|13|14|21|21|31,P|P|P|P|P|P|P|P|P|P|P|P|P
2026,8,Luiza Dulci,3|4|5|6|7|10|11|12|13|14|21|21|31,P|P|P|P|P|P|P|AJ|P|P|P|P|P
2026,8,Maninho Félix,3|4|5|6|7|10|11|12|13|14|21|21|31,P|P|P|P|P|P|P|P|P|P|P|P|P
2026,8,Marilda Portela,3|4|5|6|7|10|11|12|13|14|21|21|31,P|P|P|P|P|P|P|P|P|P|P|P|P
2026,8,Neném da Farmácia,3|4|5|6|7|10|11|12|13|14|21|21|31,P|P|P|P|P|P|P|P|P|P|P|P|P
2026,8,Osvaldo Lopes,3|4|5|6|7|10|11|12|13|14|21|21|31,P|P|P|P|P|P|P|P|P|P|P|P|P
2026,8,Pablo Almeida,3|4|5|6|7|10|11|12|13|14|21|21|31,P|P|P|P|P|P|P|P|P|P|P|P|P
2026,8,Pedro Patrus,3|4|5|6|7|10|11|12|13|14|21|21|31,P|P|P|P|P|P|P|P|P|P|P|P|P
2026,8,Pedro Rousseff,3|4|5|6|7|10|11|12|13|14|21|21|31,P|P|P|P|P|P|P|P|P|P|F|F|F
2026,8,Professor Juliano Lopes,3|4|5|6|7|10|11|12|13|14|21|21|31,LM|LM|P|P|P|P|P|P|P|P|P|P|P
2026,8,Professora Marli,3|4|5|6|7|10|11|12|13|14|21|21|31,P|P|P|P|P|P|P|P|P|P|P|P|P
2026,8,Professora Nara,3|4|5|6|7|10|11|12|13|14|21|21|31,P|P|P|P|P|P|P|P|P|P|P|P|P
2026,8,Rudson Paixão,3|4|5|6|7|10|11|12|13|14|21|21|31,P|P|P|P|P|P|P|P|P|P|P|P|P
2026,8,Sargento Jalyson,3|4|5|6|7|10|11|12|13|14|21|21|31,P|P|P|P|P|P|P|P|P|P|P|P|P
2026,8,Tileléo,3|4|5|6|7|10|11|12|13|14|21|21|31,P|P|P|P|P|P|P|P|P|P|P|P|P
2026,8,Trópia,3|4|5|6|7|10|11|12|13|14|21|21|31,P|P|P|P|P|P|P|P|P|P|P|P|P
2026,8,Uner Augusto,3|4|5|6|7|10|11|12|13|14|21|21|31,P|P|P|P|P|P|P|P|P|P|P|P|P
2026,8,Vile Santos,3|4|5|6|7|10|11|12|13|14|21|21|31,P|P|P|P|P|P|P|P|P|P|P|P|P
2026,8,Wagner Ferreira,3|4|5|6|7|10|11|12|13|14|21|21|31,P|P|P|P|P|P|P|P|P|P|P|P|P
2026,8,Wanderley Porto,3|4|5|6|7|10|11|12|13|14|21|21|31,P|P|P|P|P|P|P|P|P|P|P|P|P
