pagina,foto,nome,partido
https://www.cmbh.mg.gov.br/vereadores/arruda,https://www.cmbh.mg.gov.br/sites/default/files/styles/vereador/public/arruda_0.jpg?itok=fcFnnzYf,Arruda,REPUBLICANOS
https://www.cmbh.mg.gov.br/vereadores/braulio-lara,https://www.cmbh.mg.gov.br/sites/default/files/styles/vereador/public/braulio_lara.jpg?itok=O8ldJE2q,Braulio Lara,NOVO
https://www.cmbh.mg.gov.br/vereadores/bruno-miranda,https://www.cmbh.mg.gov.br/sites/default/files/styles/vereador/public/bruno_miranda.jpeg?itok=8kQUxNdq,Bruno Miranda,PDT
https://www.cmbh.mg.gov.br/vereadores/cl%C3%A1udio-do-mundo-novo,https://www.cmbh.mg.gov.br/sites/default/files/styles/vereador/public/claudio_do_mundo_novo.jpg?itok=XS2BQFd0,Cláudio do Mundo Novo,PL
https://www.cmbh.mg.gov.br/vereadores/cleiton-xavier,https://www.cmbh.mg.gov.br/sites/default/files/styles/vereador/public/cleiton_xavier-2.png?itok=LhqSVOXO,Cleiton Xavier,UNIÃO
https://www.cmbh.mg.gov.br/vereadores/diego-sanches,https://www.cmbh.mg.gov.br/sites/default/files/styles/vereador/public/diego_sanches_2.jpg?itok=5PxAaXOs,Diego Sanches,SOLIDARIEDADE
https://www.cmbh.mg.gov.br/vereadores/dr-bruno-pedralva,https://www.cmbh.mg.gov.br/sites/default/files/styles/vereador/public/dr_bruno_pedralva.jpeg?itok=we8s6tdp,Dr. Bruno Pedralva,PT
https://www.cmbh.mg.gov.br/vereadores/dra-michelly-siqueira,https://www.cmbh.mg.gov.br/sites/default/files/styles/vereador/public/dra_michelly_siqueira.jpg?itok=1Q6F4yyK,Dra. Michelly Siqueira,PRD
https://www.cmbh.mg.gov.br/vereadores/edmar-branco-0,https://www.cmbh.mg.gov.br/sites/default/files/styles/vereador/public/edmar_branco_0.jpg?itok=J5Rcy3Js,Edmar Branco,PCdoB
https://www.cmbh.mg.gov.br/vereadores/fernanda-pereira-alto%C3%A9,https://www.cmbh.mg.gov.br/sites/default/files/styles/vereador/public/fernanda_pereira_altoe.jpeg?itok=KIFsb2KI,Fernanda Pereira Altoé,NOVO
https://www.cmbh.mg.gov.br/vereadores/fl%C3%A1via-borja,https://www.cmbh.mg.gov.br/sites/default/files/styles/vereador/public/flavia_borja.jpeg?itok=Fne8nLpi,Flávia Borja,PODE
https://www.cmbh.mg.gov.br/vereadores/helinho-da-farm%C3%A1cia,https://www.cmbh.mg.gov.br/sites/default/files/styles/vereador/public/helinho_da_farmacia.jpeg?itok=VctRe8Wx,Helinho da Farmácia,PSD
https://www.cmbh.mg.gov.br/vereadores/helton-junior,https://www.cmbh.mg.gov.br/sites/default/files/styles/vereador/public/helton_junior_0.jpg?itok=U5njdRHe,Helton Junior,PSD
https://www.cmbh.mg.gov.br/vereadores/irlan-melo,https://www.cmbh.mg.gov.br/sites/default/files/styles/vereador/public/vereador_irlan_2.jpg?itok=70P1w-EL,Irlan Melo,PL
https://www.cmbh.mg.gov.br/vereadores/iza-louren%C3%A7a,https://www.cmbh.mg.gov.br/sites/default/files/styles/vereador/public/iza_lourenca.jpeg?itok=4NE8mDzu,Iza Lourença,PSOL
https://www.cmbh.mg.gov.br/vereadores/janaina-cardoso,https://www.cmbh.mg.gov.br/sites/default/files/styles/vereador/public/janaina_cardoso_0.jpg?itok=YfTQa6HX,Janaina Cardoso,UNIÃO
https://www.cmbh.mg.gov.br/vereadores/jos%C3%A9-ferreira,https://www.cmbh.mg.gov.br/sites/default/files/styles/vereador/public/jose_ferreira.png?itok=m_Qej-Qs,José Ferreira,PODE
https://www.cmbh.mg.gov.br/vereadores/juhlia-santos,https://www.cmbh.mg.gov.br/sites/default/files/styles/vereador/public/juhlia_santos.jpg?itok=sUdExxl-,Juhlia Santos,PSOL
https://www.cmbh.mg.gov.br/vereadores/juninho-los-hermanos,https://www.cmbh.mg.gov.br/sites/default/files/styles/vereador/public/juninho_los_hermanos.jpg?itok=vlaLgxHI,Juninho Los Hermanos,AVANTE
https://www.cmbh.mg.gov.br/vereadores/leonardo-%C3%A2ngelo,https://www.cmbh.mg.gov.br/sites/default/files/styles/vereador/public/leonardo_angelo_da_itatiaia_0.jpg?itok=LVbT_roB,Leonardo Ângelo,CIDADANIA
https://www.cmbh.mg.gov.br/vereadores/lo%C3%ADde-gon%C3%A7alves,https://www.cmbh.mg.gov.br/sites/default/files/styles/vereador/public/loide_goncalves_0.jpg?itok=8vitmq0l,Loíde Gonçalves,MDB
https://www.cmbh.mg.gov.br/vereadores/lucas-ganem,https://www.cmbh.mg.gov.br/sites/default/files/styles/vereador/public/lucas_ganem.jpg?itok=Zfd3YaIQ,Lucas Ganem,MDB
https://www.cmbh.mg.gov.br/vereadores/luiza-dulci,https://www.cmbh.mg.gov.br/sites/default/files/styles/vereador/public/luiza_dulci.jpg?itok=pk2SdNGs,Luiza Dulci,PT
https://www.cmbh.mg.gov.br/vereadores/maninho-f%C3%A9lix,https://www.cmbh.mg.gov.br/sites/default/files/styles/vereador/public/maninho_felix.jpeg?itok=Iep4v40h,Maninho Félix,PSD
https://www.cmbh.mg.gov.br/vereadores/marilda-portela,https://www.cmbh.mg.gov.br/sites/default/files/styles/vereador/public/marilda_portela.jpg?itok=01mpoTYY,Marilda Portela,PL
https://www.cmbh.mg.gov.br/vereadores/nen%C3%A9m-da-farm%C3%A1cia,https://www.cmbh.mg.gov.br/sites/default/files/styles/vereador/public/nenem_da_farmacia.jpg?itok=ERA1Spg_,Neném da Farmácia,MOBILIZA
https://www.cmbh.mg.gov.br/vereadores/osvaldo-lopes-0,https://www.cmbh.mg.gov.br/sites/default/files/styles/vereador/public/osvaldo_lopes.jpg?itok=0bn8_0vA,Osvaldo Lopes,PODE
https://www.cmbh.mg.gov.br/vereadores/pablo-almeida,https://www.cmbh.mg.gov.br/sites/default/files/styles/vereador/public/pablo_almeida.jpg?itok=jtIEycwT,Pablo Almeida,PL
https://www.cmbh.mg.gov.br/vereadores/pedro-patrus,https://www.cmbh.mg.gov.br/sites/default/files/styles/vereador/public/pedro_patrus.png?itok=WFTxpRq8,Pedro Patrus,PT
https://www.cmbh.mg.gov.br/vereadores/pedro-rousseff,https://www.cmbh.mg.gov.br/sites/default/files/styles/vereador/public/pedro_rousseff.jpg?itok=hSOhU3bj,Pedro Rousseff,PT
https://www.cmbh.mg.gov.br/vereadores/professor-juliano-lopes,https://www.cmbh.mg.gov.br/sites/default/files/styles/vereador/public/professor_juliano_lopes.jpg?itok=Lw9GNk8e,Professor Juliano Lopes,PODE
https://www.cmbh.mg.gov.br/vereadores/professora-marli,https://www.cmbh.mg.gov.br/sites/default/files/styles/vereador/public/professora_marli.jpg?itok=PECinh6F,Professora Marli,PP
https://www.cmbh.mg.gov.br/vereadores/professora-nara,https://www.cmbh.mg.gov.br/sites/default/files/styles/vereador/public/professora_nara.png?itok=Js-1Qv99,Professora Nara,REDE
https://www.cmbh.mg.gov.br/vereadores/rudson-paix%C3%A3o,https://www.cmbh.mg.gov.br/sites/default/files/styles/vereador/public/rudson_paixao_3.jpg?itok=QVfiYQm7,Rudson Paixão,SOLIDARIEDADE
https://www.cmbh.mg.gov.br/vereadores/sargento-jalyson,https://www.cmbh.mg.gov.br/sites/default/files/styles/vereador/public/sargento_jalyson.jpg?itok=g3_V3r3p,Sargento Jalyson,PL
https://www.cmbh.mg.gov.br/vereadores/tilel%C3%A9o,https://www.cmbh.mg.gov.br/sites/default/files/styles/vereador/public/tileleo.jpg?itok=fVhfdf_M,Tileléo,PP
https://www.cmbh.mg.gov.br/vereadores/tr%C3%B3pia,https://www.cmbh.mg.gov.br/sites/default/files/styles/vereador/public/marcela_tropia_1.jpg?itok=omrCtyO7,Trópia,NOVO
https://www.cmbh.mg.gov.br/vereadores/uner-augusto-0,https://www.cmbh.mg.gov.br/sites/default/files/styles/vereador/public/uner_augusto_0.jpg?itok=NweIUgNT,Uner Augusto,PL
https://www.cmbh.mg.gov.br/vereadores/vile-santos,https://www.cmbh.mg.gov.br/sites/default/files/styles/vereador/public/vile.jpg?itok=qoO0eJ9f,Vile Santos,PL
https://www.cmbh.mg.gov.br/vereadores/wagner-ferreira,https://www.cmbh.mg.gov.br/sites/default/files/styles/vereador/public/wagner_ferreira.jpeg?itok=uPsCqRFc,Wagner Ferreira,REDE
https://www.cmbh.mg.gov.br/vereadores/wanderley-porto,https://www.cmbh.mg.gov.br/sites/default/files/styles/vereador/public/wanderley_porto.jpg?itok=HkdD0iDU,Wanderley Porto,PRD
